KIT ID,Текущий путь KIT,Текущая категория,Родитель KIT,Скрыта в меню,Дубль названия в KIT,Дубль полного пути,Предлагаемое название,Путь Ozon,Уровень Ozon,Ozon description_category_id,Ozon type_id,Тип совпадения,Оценка совпадения,Уверенность,Предлагаемое действие,Комментарий
01980d43-25c4-7194-953b-5ecbc16248b5,Категория 1-го уровня,Категория 1-го уровня,,Да,Нет,Нет,Кайт,Спорт и отдых > Водный спорт и отдых на воде > Кайт,type,,970739435,Нечёткое совпадение,67.9,Низкая,Проверить вручную,"Совпадение с типом товара Ozon, а не промежуточной категорией. Автоматическое переименование небезопасно."
019a5a68-bbcb-7704-9899-6892f99c801e,Не указана,Не указана,,Да,Нет,Нет,Не указана,,,,,Служебная категория,100.0,Служебная,Не менять,Служебная категория KIT; не приводить к Ozon автоматически.
019a5a68-e33f-7d12-ae77-60b69fce7493,Мебель,Мебель,,Нет,Нет,Нет,Мебель,Мебель,category,17027915,,Точное совпадение,100.0,Высокая,Оставить,
019a5a68-e346-7b3b-9949-7fab5a71932d,Мебель > Комоды и тумбы,Комоды и тумбы,Мебель,Да,Нет,Нет,Комоды и тумбы,Мебель > Комоды и тумбы,category,80711064,,Точное совпадение,100.0,Высокая,Оставить,
019a5a68-e34d-7d06-8002-92f3a4504010,Мебель > Комоды и тумбы > Комод,Комод,Комоды и тумбы,Нет,Нет,Нет,Комод,Мебель > Комоды и тумбы > Комод,type,,95086,Точное совпадение,100.0,Высокая,Оставить,"Совпадение с типом товара Ozon, а не промежуточной категорией."
019a5a68-e354-71b1-b01a-f3c9700c36cd,Мебель > Компьютерные и офисные кресла,Компьютерные и офисные кресла,Мебель,Нет,Нет,Нет,Компьютерные и офисные кресла,Мебель > Компьютерные и офисные кресла,category,79164512,,Точное совпадение,100.0,Высокая,Оставить,
019a5a68-e35a-769c-bbc2-a54b0f481466,Мебель > Компьютерные и офисные кресла > Офисное кресло,Офисное кресло,Компьютерные и офисные кресла,Нет,Нет,Нет,Офисное кресло,Мебель > Компьютерные и офисные кресла > Офисное кресло,type,,95041,Точное совпадение,100.0,Высокая,Оставить,"Совпадение с типом товара Ozon, а не промежуточной категорией."
019a5a68-e360-7b41-87b6-7531587a6f09,"Мебель > Стулья, скамьи, табуреты, пуфики","Стулья, скамьи, табуреты, пуфики",Мебель,Нет,Нет,Нет,"Стулья, скамьи, табуреты, пуфики","Мебель > Стулья, скамьи, табуреты, пуфики",category,17027916,,Точное совпадение,100.0,Высокая,Оставить,
019a5a68-e366-7ea7-b6b4-dac15e557fbc,"Мебель > Стулья, скамьи, табуреты, пуфики > Стул",Стул,"Стулья, скамьи, табуреты, пуфики",Нет,Да,Нет,Стул,"Мебель > Стулья, скамьи, табуреты, пуфики > Стул",type,,95048,Точное совпадение,100.0,Высокая,Оставить,"Название встречается в KIT несколько раз. Совпадение с типом товара Ozon, а не промежуточной категорией."
019a5a68-e36d-725e-9e50-cdda9941ee01,Мебель > Шкафы,Шкафы,Мебель,Нет,Да,Нет,Шкафы,Мебель > Шкафы,category,17027919,,Точное совпадение,100.0,Высокая,Оставить,Название встречается в KIT несколько раз.
019a5a68-e373-75f0-9fff-6773c9b14202,Мебель > Шкафы > Шкаф распашной,Шкаф распашной,Шкафы,Нет,Нет,Нет,Шкаф распашной,Мебель > Шкафы > Шкаф распашной,type,,95108,Точное совпадение,100.0,Высокая,Оставить,"Совпадение с типом товара Ozon, а не промежуточной категорией."
019a5a68-e379-79e3-8c5c-9f919cf46d5e,Электроника,Электроника,,Нет,Нет,Нет,Электроника,Электроника,category,15621042,,Точное совпадение,100.0,Высокая,Оставить,
019a5a68-e37f-7d7b-a0a4-30b66b3e41ee,Электроника > Кабели и переходники,Кабели и переходники,Электроника,Нет,Нет,Нет,Кабели и переходники,Электроника > Кабели и переходники,category,17028634,,Точное совпадение,100.0,Высокая,Оставить,
019a5a68-e386-72d1-a4a7-fbf328107ccd,Электроника > Кабели и переходники > Кабель для мобильных устройств,Кабель для мобильных устройств,Кабели и переходники,Нет,Нет,Нет,Кабель для мобильных устройств,Электроника > Кабели и переходники > Кабель для мобильных устройств,type,,971081965,Точное совпадение,100.0,Высокая,Оставить,"Совпадение с типом товара Ozon, а не промежуточной категорией."
019a5a68-e38c-7677-8737-ce223f83707b,Мебель > Полки и стеллажи,Полки и стеллажи,Мебель,Нет,Нет,Нет,Полки и стеллажи,Мебель > Полки и стеллажи,category,80731485,,Точное совпадение,100.0,Высокая,Оставить,
019a5a68-e392-7a8e-9712-db0b1a011902,Мебель > Полки и стеллажи > Стеллаж,Стеллаж,Полки и стеллажи,Нет,Нет,Нет,Стеллаж,Мебель > Полки и стеллажи > Стеллаж,type,,95098,Точное совпадение,100.0,Высокая,Оставить,"Совпадение с типом товара Ozon, а не промежуточной категорией."
019a5a68-e399-702d-bbb1-44653d012163,Аптека,Аптека,,Нет,Нет,Нет,Аптека,Аптека,category,52265716,,Точное совпадение,100.0,Высокая,Оставить,
019a5a68-e39f-7449-b19c-a015a6f829e8,Аптека > Одежда медицинская,Одежда медицинская,Аптека,Нет,Нет,Нет,Одежда медицинская,Аптека > Одежда медицинская,category,200001546,,Точное совпадение,100.0,Высокая,Оставить,
019a5a68-e3a5-7793-8403-fbc032222800,Аптека > Одежда медицинская > Маска медицинская,Маска медицинская,Одежда медицинская,Нет,Нет,Нет,Маска медицинская,Аптека > Одежда медицинская > Маска медицинская,type,,97464,Точное совпадение,100.0,Высокая,Оставить,"Совпадение с типом товара Ozon, а не промежуточной категорией."
019a5a68-e3ab-7cf9-9b6d-3a2d5483558f,Мебель > Столы,Столы,Мебель,Нет,Да,Нет,Столы,Мебель > Столы,category,17027918,,Точное совпадение,100.0,Высокая,Оставить,Название встречается в KIT несколько раз.
019a5a68-e3b2-70ea-8958-50cd2b5f4a35,Мебель > Столы > Стол обеденный,Стол обеденный,Столы,Нет,Нет,Нет,Стол обеденный,Мебель > Столы > Стол обеденный,type,,95015,Точное совпадение,100.0,Высокая,Оставить,"Совпадение с типом товара Ozon, а не промежуточной категорией."
019a5a68-e3b8-73cb-b0bf-9919ba200a26,Дом и сад,Дом и сад,,Нет,Нет,Нет,Дом и сад,Дом и сад,category,17027494,,Точное совпадение,100.0,Высокая,Оставить,
019a5a68-e3be-76c2-90d5-833f5bcebeb7,Дом и сад > Свечи и подсвечники,Свечи и подсвечники,Дом и сад,Нет,Нет,Нет,Свечи и подсвечники,Дом и сад > Свечи и подсвечники,category,17028739,,Точное совпадение,100.0,Высокая,Оставить,
019a5a68-e3c4-7936-ba2e-9ea536299280,Дом и сад > Свечи и подсвечники > Свеча,Свеча,Свечи и подсвечники,Нет,Нет,Нет,Свеча,Дом и сад > Свечи и подсвечники > Свеча,type,,95741,Точное совпадение,100.0,Высокая,Оставить,"Совпадение с типом товара Ozon, а не промежуточной категорией."
019a5a68-e3cb-7a2f-8dee-c31e6b8e5740,Мебель > Компьютерные и офисные кресла > Стул мастера,Стул мастера,Компьютерные и офисные кресла,Нет,Нет,Нет,Стул мастера,Мебель > Компьютерные и офисные кресла > Стул мастера,type,,970884997,Точное совпадение,100.0,Высокая,Оставить,"Совпадение с типом товара Ozon, а не промежуточной категорией."
019a5a68-e3d1-7f0a-85d8-fa65bffe17c8,"Мебель > Стулья, скамьи, табуреты, пуфики > Барный стул",Барный стул,"Стулья, скамьи, табуреты, пуфики",Нет,Нет,Нет,Барный стул,"Мебель > Стулья, скамьи, табуреты, пуфики > Барный стул",type,,95023,Точное совпадение,100.0,Высокая,Оставить,"Совпадение с типом товара Ozon, а не промежуточной категорией."
019a5a68-e3d8-739f-a506-7cabf6582ff7,Галантерея и аксессуары,Галантерея и аксессуары,,Нет,Нет,Нет,Галантерея и аксессуары,Галантерея и аксессуары,category,17027493,,Точное совпадение,100.0,Высокая,Оставить,
019a5a68-e3de-771b-b76b-25a536578cfd,Галантерея и аксессуары > Аксессуары,Аксессуары,Галантерея и аксессуары,Нет,Да,Нет,Аксессуары,Галантерея и аксессуары > Аксессуары,category,17027904,,Точное совпадение,100.0,Высокая,Оставить,Название встречается в KIT несколько раз.
019a5a68-e3e4-7a5b-826d-094a3c8e11aa,Галантерея и аксессуары > Аксессуары > Рюкзак,Рюкзак,Аксессуары,Нет,Нет,Нет,Рюкзак,Галантерея и аксессуары > Аксессуары > Рюкзак,type,,115945533,Точное совпадение,100.0,Высокая,Оставить,"Совпадение с типом товара Ozon, а не промежуточной категорией."
019a5a68-e3ea-7db3-9b26-053117ac4a0f,Строительство и ремонт,Строительство и ремонт,,Нет,Нет,Нет,Строительство и ремонт,Строительство и ремонт,category,17027482,,Точное совпадение,100.0,Высокая,Оставить,
019a5a68-e3f1-7355-bc37-3d0ba7471438,Строительство и ремонт > Хранение и организация рабочего места,Хранение и организация рабочего места,Строительство и ремонт,Нет,Нет,Нет,Хранение и организация рабочего места,Строительство и ремонт > Хранение и организация рабочего места,category,88791474,,Точное совпадение,100.0,Высокая,Оставить,
019a5a68-e3f7-7860-a271-dbfcc487dfa1,Строительство и ремонт > Хранение и организация рабочего места > Ящик для инструментов,Ящик для инструментов,Хранение и организация рабочего места,Нет,Нет,Нет,Ящик для инструментов,Строительство и ремонт > Хранение и организация рабочего места > Ящик для инструментов,type,,115947013,Точное совпадение,100.0,Высокая,Оставить,"Совпадение с типом товара Ozon, а не промежуточной категорией."
019a5a68-e3fd-7f00-b989-df1b2903f448,Мебель > Столы > Компьютерный стол,Компьютерный стол,Столы,Нет,Нет,Нет,Компьютерный стол,Мебель > Столы > Компьютерный стол,type,,95005,Точное совпадение,100.0,Высокая,Оставить,"Совпадение с типом товара Ozon, а не промежуточной категорией."
019a5a68-e404-750a-8666-2177ee1571ca,Мебель > Мебель для кухни,Мебель для кухни,Мебель,Нет,Да,Нет,Мебель для кухни,Мебель > Мебель для кухни,category,80771432,,Точное совпадение,100.0,Высокая,Оставить,Название встречается в KIT несколько раз.
019a5a68-e40a-7a19-8c99-63e1b103198c,Мебель > Мебель для кухни > Кухонный гарнитур,Кухонный гарнитур,Мебель для кухни,Нет,Нет,Нет,Кухонный гарнитур,Мебель > Мебель для кухни > Кухонный гарнитур,type,,95089,Точное совпадение,100.0,Высокая,Оставить,"Совпадение с типом товара Ozon, а не промежуточной категорией."
019a5a68-e411-7085-9b8e-5c7b4efa2d32,Мебель > Кровати,Кровати,Мебель,Нет,Да,Нет,Кровати,Мебель > Кровати,category,17027917,,Точное совпадение,100.0,Высокая,Оставить,Название встречается в KIT несколько раз.
019a5a68-e417-74f0-b563-9205f7bbc038,Мебель > Кровати > Двуспальная кровать,Двуспальная кровать,Кровати,Нет,Нет,Нет,Двуспальная кровать,Мебель > Кровати > Двуспальная кровать,type,,94995,Точное совпадение,100.0,Высокая,Оставить,"Совпадение с типом товара Ozon, а не промежуточной категорией."
019a5a68-e41d-7a13-b076-7cc56c5cebe3,Мебель > Кровати > Односпальная кровать,Односпальная кровать,Кровати,Нет,Нет,Нет,Односпальная кровать,Мебель > Кровати > Односпальная кровать,type,,970713329,Точное совпадение,100.0,Высокая,Оставить,"Совпадение с типом товара Ozon, а не промежуточной категорией."
019a5a68-e423-7ed9-924d-679a59457a61,Мебель > Кровати > Двухъярусная кровать,Двухъярусная кровать,Кровати,Нет,Нет,Нет,Двухъярусная кровать,Мебель > Кровати > Двухъярусная кровать,type,,970615714,Точное совпадение,100.0,Высокая,Оставить,"Совпадение с типом товара Ozon, а не промежуточной категорией."
019a5a68-e42a-7463-a9a0-15a3b9d720d3,Мебель > Кровати > Раскладушка,Раскладушка,Кровати,Нет,Нет,Нет,Раскладушка,Мебель > Кровати > Раскладушка,type,,94997,Точное совпадение,100.0,Высокая,Оставить,"Совпадение с типом товара Ozon, а не промежуточной категорией."
019a5a68-e430-7872-a601-b439c1e7d5db,"Мебель > Стулья, скамьи, табуреты, пуфики > Пуф",Пуф,"Стулья, скамьи, табуреты, пуфики",Нет,Нет,Нет,Пуф,"Мебель > Стулья, скамьи, табуреты, пуфики > Пуф",type,,95044,Точное совпадение,100.0,Высокая,Оставить,"Совпадение с типом товара Ozon, а не промежуточной категорией."
019a5a68-e436-7c3c-bb56-a529d60fbb5d,Мебель > Столы > Подстолье,Подстолье,Столы,Нет,Нет,Нет,Подстолье,Мебель > Столы > Подстолье,type,,95012,Точное совпадение,100.0,Высокая,Оставить,"Совпадение с типом товара Ozon, а не промежуточной категорией."
019a5a68-e43d-7396-9b2b-9fc98453b1e8,Мебель > Садовая мебель,Садовая мебель,Мебель,Нет,Нет,Нет,Садовая мебель,Мебель > Садовая мебель,category,80443823,,Точное совпадение,100.0,Высокая,Оставить,
019a5a68-e443-77a6-8afc-991adc5cba0d,Мебель > Садовая мебель > Скамья,Скамья,Садовая мебель,Нет,Да,Нет,Скамья,Мебель > Садовая мебель > Скамья,type,,613346845,Точное совпадение,100.0,Высокая,Оставить,"Название встречается в KIT несколько раз. Совпадение с типом товара Ozon, а не промежуточной категорией."
019a5a68-e449-7b6f-a762-f555c6bb3b86,Мебель > Кровати > Каркас кровати,Каркас кровати,Кровати,Нет,Нет,Нет,Каркас кровати,Мебель > Кровати > Каркас кровати,type,,94992,Точное совпадение,100.0,Высокая,Оставить,"Совпадение с типом товара Ozon, а не промежуточной категорией."
019a5a68-e44f-7ef7-a0bf-7f2942715eae,Мебель > Столы > Журнальный стол,Журнальный стол,Столы,Нет,Нет,Нет,Журнальный стол,Мебель > Столы > Журнальный стол,type,,95002,Точное совпадение,100.0,Высокая,Оставить,"Совпадение с типом товара Ozon, а не промежуточной категорией."
019a5a68-e456-73a1-afce-ca061ec75feb,Мебель > Комплекты мебели,Комплекты мебели,Мебель,Нет,Нет,Нет,Комплекты мебели,Мебель > Комплекты мебели,category,80770870,,Точное совпадение,100.0,Высокая,Оставить,
019a5a68-e45c-791d-aec4-78a84f5e82dd,Мебель > Комплекты мебели > Обеденная группа,Обеденная группа,Комплекты мебели,Нет,Нет,Нет,Обеденная группа,Мебель > Комплекты мебели > Обеденная группа,type,,95009,Точное совпадение,100.0,Высокая,Оставить,"Совпадение с типом товара Ozon, а не промежуточной категорией."
019a5a6e-8162-7d14-9c2f-561ba9846de4,Дом и сад > Инвентарь для дома,Инвентарь для дома,Дом и сад,Нет,Нет,Нет,Инвентарь для дома,Дом и сад > Инвентарь для дома,category,17028714,,Точное совпадение,100.0,Высокая,Оставить,
019a5a6e-8169-745e-a954-3333912a140c,Дом и сад > Инвентарь для дома > Урна уличная,Урна уличная,Инвентарь для дома,Нет,Нет,Нет,Урна уличная,Дом и сад > Инвентарь для дома > Урна уличная,type,,970855518,Точное совпадение,100.0,Высокая,Оставить,"Совпадение с типом товара Ozon, а не промежуточной категорией."
019a5a6e-816f-7de2-a750-569765b620de,Дом и сад > Инвентарь для дома > Корзина для бумаг,Корзина для бумаг,Инвентарь для дома,Нет,Нет,Нет,Аксессуар для хранения коллекций,Антиквариат и коллекционирование > Коллекционирование > Аксессуар для хранения коллекций,type,,93830,Нечёткое совпадение,75.2,Низкая,Проверить вручную,"Совпадение с типом товара Ozon, а не промежуточной категорией. Автоматическое переименование небезопасно."
019a5a6e-8176-7508-9a36-26da2903e002,Мебель > Диваны и кресла,Диваны и кресла,Мебель,Нет,Да,Нет,Диваны и кресла,Мебель > Диваны и кресла,category,80375615,,Точное совпадение,100.0,Высокая,Оставить,Название встречается в KIT несколько раз.
019a5a6e-817c-7b36-a523-0e24417fc58a,Мебель > Диваны и кресла > Прямой диван,Прямой диван,Диваны и кресла,Нет,Нет,Нет,Прямой диван,Мебель > Диваны и кресла > Прямой диван,type,,95024,Точное совпадение,100.0,Высокая,Оставить,"Совпадение с типом товара Ozon, а не промежуточной категорией."
019a5a74-2f0a-7eb9-94b5-925a54c7b62c,Мебель > Комоды и тумбы > Обувница,Обувница,Комоды и тумбы,Нет,Нет,Нет,Обувница,Мебель > Комоды и тумбы > Обувница,type,,95103,Точное совпадение,100.0,Высокая,Оставить,"Совпадение с типом товара Ozon, а не промежуточной категорией."
019a5a74-2f11-7524-b870-568e79b4e23d,Мебель > Шкафы > Антресоль мебельная,Антресоль мебельная,Шкафы,Нет,Нет,Нет,Антресоль мебельная,Мебель > Шкафы > Антресоль мебельная,type,,971161297,Точное совпадение,100.0,Высокая,Оставить,"Совпадение с типом товара Ozon, а не промежуточной категорией."
019a5a74-2f1e-719e-84c5-d9e03d34fd12,Мебель > Матрасы,Матрасы,Мебель,Нет,Нет,Нет,Матрасы,Мебель > Матрасы,category,17027914,,Точное совпадение,100.0,Высокая,Оставить,
019a5a74-2f24-7615-b5ce-34b0f94265c4,Мебель > Матрасы > Матрас,Матрас,Матрасы,Нет,Да,Нет,Матрас,Мебель > Матрасы > Матрас,type,,115946522,Точное совпадение,100.0,Высокая,Оставить,"Название встречается в KIT несколько раз. Совпадение с типом товара Ozon, а не промежуточной категорией."
019a5a74-2f3f-73e2-a684-b51df80fcea3,Мебель > Комплекты мебели > Комплект мебели для прихожей,Комплект мебели для прихожей,Комплекты мебели,Нет,Нет,Нет,Комплект мебели для прихожей,Мебель > Комплекты мебели > Комплект мебели для прихожей,type,,95090,Точное совпадение,100.0,Высокая,Оставить,"Совпадение с типом товара Ozon, а не промежуточной категорией."
019a5a74-2f67-7f2e-9b8e-ee7dd87088a2,Мебель > Диваны и кресла > Кресло-качалка,Кресло-качалка,Диваны и кресла,Нет,Нет,Нет,Кресло-качалка,Мебель > Диваны и кресла > Кресло-качалка,type,,95035,Точное совпадение,100.0,Высокая,Оставить,"Совпадение с типом товара Ozon, а не промежуточной категорией."
019a5a74-2f6e-73e6-bacc-6cee627cdd0c,Мебель > Диваны и кресла > Кресло,Кресло,Диваны и кресла,Нет,Нет,Нет,Кресло,Мебель > Диваны и кресла > Кресло,type,,95030,Точное совпадение,100.0,Высокая,Оставить,"Совпадение с типом товара Ozon, а не промежуточной категорией."
019a5a74-2f74-773f-9f99-2f526e5ab9d8,Мебель > Столы > Консоль,Консоль,Столы,Нет,Нет,Нет,Консоль,Мебель > Столы > Консоль,type,,95006,Точное совпадение,100.0,Высокая,Оставить,"Совпадение с типом товара Ozon, а не промежуточной категорией."
019a5a74-2f7a-7b80-92c6-735bfd81841c,Мебель > Столы > Туалетный столик,Туалетный столик,Столы,Нет,Нет,Нет,Туалетный столик,Мебель > Столы > Туалетный столик,type,,95101,Точное совпадение,100.0,Высокая,Оставить,"Совпадение с типом товара Ozon, а не промежуточной категорией."
019a5a74-2f81-7467-ac2c-b4ba6b18aac2,Мебель > Комоды и тумбы > Тумба,Тумба,Комоды и тумбы,Нет,Нет,Нет,Тумба,Мебель > Комоды и тумбы > Тумба,type,,971162059,Точное совпадение,100.0,Высокая,Оставить,"Совпадение с типом товара Ozon, а не промежуточной категорией."
019a5a7a-3556-76a0-88e4-bde1d8bc7444,Мебель > Компьютерные и офисные кресла > Игровое компьютерное кресло,Игровое компьютерное кресло,Компьютерные и офисные кресла,Нет,Нет,Нет,Игровое компьютерное кресло,Мебель > Компьютерные и офисные кресла > Игровое компьютерное кресло,type,,95026,Точное совпадение,100.0,Высокая,Оставить,"Совпадение с типом товара Ozon, а не промежуточной категорией."
019a5a7a-355c-7c18-88b2-32e33b57247f,Мебель > Компьютерные и офисные кресла > Детское компьютерное кресло,Детское компьютерное кресло,Компьютерные и офисные кресла,Нет,Нет,Нет,Детское компьютерное кресло,Мебель > Компьютерные и офисные кресла > Детское компьютерное кресло,type,,970685072,Точное совпадение,100.0,Высокая,Оставить,"Совпадение с типом товара Ozon, а не промежуточной категорией."
019a5a7a-3589-7abd-a1b4-328823cb1aea,Мебель > Столы > Письменный стол,Письменный стол,Столы,Нет,Нет,Нет,Письменный стол,Мебель > Столы > Письменный стол,type,,504866270,Точное совпадение,100.0,Высокая,Оставить,"Совпадение с типом товара Ozon, а не промежуточной категорией."
019a5a80-c98d-7a65-a4c8-d31ad1808e8c,Дом и сад > Зеркала,Зеркала,Дом и сад,Нет,Да,Нет,Зеркала,Дом и сад > Зеркала,category,17028712,,Точное совпадение,100.0,Высокая,Оставить,Название встречается в KIT несколько раз.
019a5a80-c995-7a8b-a883-45b7d79b43d0,Дом и сад > Зеркала > Зеркало интерьерное,Зеркало интерьерное,Зеркала,Нет,Нет,Нет,Зеркало интерьерное,Дом и сад > Зеркала > Зеркало интерьерное,type,,93366,Точное совпадение,100.0,Высокая,Оставить,"Совпадение с типом товара Ozon, а не промежуточной категорией."
019a5a80-c9a2-7786-b888-8974fc98c8e4,Мебель > Шкафы > Буфет,Буфет,Шкафы,Нет,Нет,Нет,Буфет,Мебель > Шкафы > Буфет,type,,95083,Точное совпадение,100.0,Высокая,Оставить,"Совпадение с типом товара Ozon, а не промежуточной категорией."
019a5a80-c9a8-7e11-9715-7c00a623df19,Мебель > Шкафы > Шкаф-купе,Шкаф-купе,Шкафы,Нет,Нет,Нет,Шкаф-купе,Мебель > Шкафы > Шкаф-купе,type,,970679785,Точное совпадение,100.0,Высокая,Оставить,"Совпадение с типом товара Ozon, а не промежуточной категорией."
019a5a80-c9bc-74f1-9f59-3f1d6aa08a5d,Дом и сад > Вешалки для одежды,Вешалки для одежды,Дом и сад,Нет,Нет,Нет,Вешалки для одежды,Дом и сад > Вешалки для одежды,category,17027908,,Точное совпадение,100.0,Высокая,Оставить,
019a5a80-c9c2-7a63-b31e-52a5a2a5b091,Дом и сад > Вешалки для одежды > Вешалка напольная,Вешалка напольная,Вешалки для одежды,Нет,Нет,Нет,Вешалка напольная,Дом и сад > Вешалки для одежды > Вешалка напольная,type,,93670,Точное совпадение,100.0,Высокая,Оставить,"Совпадение с типом товара Ozon, а не промежуточной категорией."
019a5a80-c9c9-70e0-934a-a52a3c691c22,Мебель > Шкафы > Вешалка настенная,Вешалка настенная,Шкафы,Нет,Нет,Нет,Вешалка настенная,Мебель > Шкафы > Вешалка настенная,type,,93671,Точное совпадение,100.0,Высокая,Оставить,"Совпадение с типом товара Ozon, а не промежуточной категорией."
019a5a80-c9dc-717d-8545-fd05a71f8e01,Дом и сад > Гладильные доски и сушилки,Гладильные доски и сушилки,Дом и сад,Нет,Нет,Нет,Гладильные доски и сушилки,Дом и сад > Гладильные доски и сушилки,category,17027909,,Точное совпадение,100.0,Высокая,Оставить,
019a5a80-c9e2-76f7-afac-d5653a6d8e95,Дом и сад > Гладильные доски и сушилки > Гладильная доска,Гладильная доска,Гладильные доски и сушилки,Нет,Нет,Нет,Гладильная доска,Дом и сад > Гладильные доски и сушилки > Гладильная доска,type,,93680,Точное совпадение,100.0,Высокая,Оставить,"Совпадение с типом товара Ozon, а не промежуточной категорией."
019a5a80-c9f5-7d42-b6a4-c8ee10fca7b9,Дом и сад > Ширмы,Ширмы,Дом и сад,Нет,Нет,Нет,Ширмы,Дом и сад > Ширмы,category,17028726,,Точное совпадение,100.0,Высокая,Оставить,
019a5a80-c9fc-7288-be78-df4126b2dbce,Дом и сад > Ширмы > Ширма,Ширма,Ширмы,Нет,Нет,Нет,Ширма,Дом и сад > Ширмы > Ширма,type,,96029,Точное совпадение,100.0,Высокая,Оставить,"Совпадение с типом товара Ozon, а не промежуточной категорией."
019a5a86-9121-7eab-a918-42b2d3abc0f7,Мебель > Комплекты мебели > Стенка для гостиной,Стенка для гостиной,Комплекты мебели,Нет,Нет,Нет,Стенка для гостиной,Мебель > Комплекты мебели > Стенка для гостиной,type,,95092,Точное совпадение,100.0,Высокая,Оставить,"Совпадение с типом товара Ozon, а не промежуточной категорией."
019a5a86-9187-7269-89c8-3dface2ba886,"Мебель > Стулья, скамьи, табуреты, пуфики > Табурет",Табурет,"Стулья, скамьи, табуреты, пуфики",Нет,Нет,Нет,Табурет,"Мебель > Стулья, скамьи, табуреты, пуфики > Табурет",type,,95053,Точное совпадение,100.0,Высокая,Оставить,"Совпадение с типом товара Ozon, а не промежуточной категорией."
019a5a86-91a0-77b2-ae64-a64459bbf4df,Дом и сад > Инвентарь для дома > Корзина для белья,Корзина для белья,Инвентарь для дома,Нет,Нет,Нет,Корзина для белья,Дом и сад > Инвентарь для дома > Корзина для белья,type,,95478,Точное совпадение,100.0,Высокая,Оставить,"Совпадение с типом товара Ozon, а не промежуточной категорией."
019a5a86-91b1-73ca-9efb-3aebe28b373a,Дом и сад > Товары для праздников,Товары для праздников,Дом и сад,Нет,Нет,Нет,Товары для праздников,Дом и сад > Товары для праздников,category,17028733,,Точное совпадение,100.0,Высокая,Оставить,
019a5a86-91b9-79e8-a08f-3e8d5d857cf2,Дом и сад > Товары для праздников > Декоративная корзинка,Декоративная корзинка,Товары для праздников,Нет,Нет,Нет,Декоративная корзинка,Дом и сад > Товары для праздников > Декоративная корзинка,type,,91958,Точное совпадение,100.0,Высокая,Оставить,"Совпадение с типом товара Ozon, а не промежуточной категорией."
019a5a8c-6318-75da-ab96-cecb74d10759,Канцелярские товары,Канцелярские товары,,Нет,Нет,Нет,Канцелярские товары,Канцелярские товары,category,17027492,,Точное совпадение,100.0,Высокая,Оставить,
019a5a8c-631e-7dca-9c89-eede6e585914,Канцелярские товары > Канцелярия,Канцелярия,Канцелярские товары,Нет,Нет,Нет,Канцелярия,Канцелярские товары > Канцелярия,category,17029021,,Точное совпадение,100.0,Высокая,Оставить,
019a5a8c-6325-75e1-8e02-668b3bc07ac6,Канцелярские товары > Канцелярия > Канцелярский набор,Канцелярский набор,Канцелярия,Нет,Нет,Нет,Канцелярский набор,Канцелярские товары > Канцелярия > Канцелярский набор,type,,93292,Точное совпадение,100.0,Высокая,Оставить,"Совпадение с типом товара Ozon, а не промежуточной категорией."
019a5a8c-635f-7541-8116-46a0d6cd4c69,Канцелярские товары > Демонстрационные доски и аксессуары,Демонстрационные доски и аксессуары,Канцелярские товары,Нет,Нет,Нет,Демонстрационные доски и аксессуары,Канцелярские товары > Демонстрационные доски и аксессуары,category,17029020,,Точное совпадение,100.0,Высокая,Оставить,
019a5a8c-6365-7c53-a6a9-6b494639950e,"Канцелярские товары > Демонстрационные доски и аксессуары > Доска для письма, рисования","Доска для письма, рисования",Демонстрационные доски и аксессуары,Нет,Нет,Нет,"Доска для письма, рисования","Канцелярские товары > Демонстрационные доски и аксессуары > Доска для письма, рисования",type,,94491,Точное совпадение,100.0,Высокая,Оставить,"Совпадение с типом товара Ozon, а не промежуточной категорией."
019a5a8c-6379-75a8-aff4-aee325101e16,Аптека > Аптечка,Аптечка,Аптека,Нет,Нет,Нет,Аптечка,Аптека > Аптечка,category,52619056,,Точное совпадение,100.0,Высокая,Оставить,
019a5a8c-637f-7deb-a7be-7c59a0c37691,Аптека > Аптечка > Аптечка медицинская,Аптечка медицинская,Аптечка,Нет,Нет,Нет,Аптечка медицинская,Аптека > Аптечка > Аптечка медицинская,type,,95568,Точное совпадение,100.0,Высокая,Оставить,"Совпадение с типом товара Ozon, а не промежуточной категорией."
019a5a8c-6386-7625-99df-027a9e856ca9,Канцелярские товары > Сейфы и архивные шкафы,Сейфы и архивные шкафы,Канцелярские товары,Нет,Нет,Нет,Сейфы и архивные шкафы,Канцелярские товары > Сейфы и архивные шкафы,category,93167672,,Точное совпадение,100.0,Высокая,Оставить,
019a5a8c-638d-70a4-8501-e665ef162a66,Канцелярские товары > Сейфы и архивные шкафы > Сейф,Сейф,Сейфы и архивные шкафы,Нет,Нет,Нет,Сейф,Канцелярские товары > Сейфы и архивные шкафы > Сейф,type,,98058,Точное совпадение,100.0,Высокая,Оставить,"Совпадение с типом товара Ozon, а не промежуточной категорией."
019a5a8c-6393-7715-8666-a91e4ba2d6a8,"Мебель > Стулья, скамьи, табуреты, пуфики > Складной стул",Складной стул,"Стулья, скамьи, табуреты, пуфики",Нет,Нет,Нет,Складной стул,"Мебель > Стулья, скамьи, табуреты, пуфики > Складной стул",type,,970591528,Точное совпадение,100.0,Высокая,Оставить,"Совпадение с типом товара Ozon, а не промежуточной категорией."
019a5a8c-6399-7b8a-9622-e4e907680591,Канцелярские товары > Оборудование для торговли,Оборудование для торговли,Канцелярские товары,Нет,Нет,Нет,Оборудование для торговли,Канцелярские товары > Оборудование для торговли,category,71328593,,Точное совпадение,100.0,Высокая,Оставить,
019a5a8c-639f-7f37-8732-4f7b36b0fa23,Канцелярские товары > Оборудование для торговли > Ящик для хранения денег,Ящик для хранения денег,Оборудование для торговли,Нет,Нет,Нет,Ящик для хранения,Дом и сад > Хранение вещей > Ящик для хранения,type,,97369,Нечёткое совпадение,85.8,Низкая,Проверить вручную,"Совпадение с типом товара Ozon, а не промежуточной категорией. Автоматическое переименование небезопасно."
019a5a8c-63b3-79b3-af4a-c6399c5c6ada,Дом и сад > Хранение вещей,Хранение вещей,Дом и сад,Нет,Нет,Нет,Хранение вещей,Дом и сад > Хранение вещей,category,17027937,,Точное совпадение,100.0,Высокая,Оставить,
019a5a8c-63ba-728a-96ce-8b8a47cf4aff,Дом и сад > Хранение вещей > Ключница настенная,Ключница настенная,Хранение вещей,Нет,Нет,Нет,Ключница настенная,Дом и сад > Хранение вещей > Ключница настенная,type,,95474,Точное совпадение,100.0,Высокая,Оставить,"Совпадение с типом товара Ozon, а не промежуточной категорией."
019a5a8c-63c0-7977-b7ae-88ac1ec94415,Дом и сад > Оборудование для HoReCa,Оборудование для HoReCa,Дом и сад,Нет,Нет,Нет,Оборудование для HoReCa,Дом и сад > Оборудование для HoReCa,category,89280910,,Точное совпадение,100.0,Высокая,Оставить,
019a5a8c-63c7-70ce-9afb-f3ba3200c00e,Дом и сад > Оборудование для HoReCa > Уборочная тележка,Уборочная тележка,Оборудование для HoReCa,Нет,Нет,Нет,Уборочная тележка,Дом и сад > Оборудование для HoReCa > Уборочная тележка,type,,970585206,Точное совпадение,100.0,Высокая,Оставить,"Совпадение с типом товара Ozon, а не промежуточной категорией."
019a5a8c-63cd-788c-bab1-ae16fa7c2e0a,Мебель > Столы > Парта,Парта,Столы,Нет,Нет,Нет,Парта,Мебель > Столы > Парта,type,,95010,Точное совпадение,100.0,Высокая,Оставить,"Совпадение с типом товара Ozon, а не промежуточной категорией."
019a5a92-6854-7dd2-a290-24cb548d93d3,Канцелярские товары > Сейфы и архивные шкафы > Шкаф архивный,Шкаф архивный,Сейфы и архивные шкафы,Нет,Нет,Нет,Шкаф архивный,Канцелярские товары > Сейфы и архивные шкафы > Шкаф архивный,type,,970869578,Точное совпадение,100.0,Высокая,Оставить,"Совпадение с типом товара Ozon, а не промежуточной категорией."
019a5a92-6869-738d-864d-93bb193c7fce,Канцелярские товары > Канцелярия > Картотека,Картотека,Канцелярия,Нет,Нет,Нет,Картотека,Канцелярские товары > Канцелярия > Картотека,type,,971747556,Точное совпадение,100.0,Высокая,Оставить,"Совпадение с типом товара Ozon, а не промежуточной категорией."
019a5a99-3f88-716c-b3da-5d1e1bf679cb,Дом и сад > Инвентарь для дома > Мусорное ведро,Мусорное ведро,Инвентарь для дома,Нет,Нет,Нет,Мусорное ведро,Дом и сад > Инвентарь для дома > Мусорное ведро,type,,93697,Точное совпадение,100.0,Высокая,Оставить,"Совпадение с типом товара Ozon, а не промежуточной категорией."
019a5a99-400f-7bac-a29c-4d541cbfab8f,Канцелярские товары > Демонстрационные доски и аксессуары > Доска для заметок,Доска для заметок,Демонстрационные доски и аксессуары,Нет,Нет,Нет,Доска для заметок,Канцелярские товары > Демонстрационные доски и аксессуары > Доска для заметок,type,,94493,Точное совпадение,100.0,Высокая,Оставить,"Совпадение с типом товара Ozon, а не промежуточной категорией."
019a5a99-401c-795c-9a27-21cd26360fe3,Канцелярские товары > Оборудование для торговли > Информационный стенд,Информационный стенд,Оборудование для торговли,Нет,Нет,Нет,Информационный стенд,Канцелярские товары > Оборудование для торговли > Информационный стенд,type,,790183771,Точное совпадение,100.0,Высокая,Оставить,"Совпадение с типом товара Ozon, а не промежуточной категорией."
019a5a99-4042-74c4-b4a1-9119b9a18085,Строительство и ремонт > Бытовое освещение,Бытовое освещение,Строительство и ремонт,Нет,Нет,Нет,Бытовое освещение,Строительство и ремонт > Бытовое освещение,category,17028941,,Точное совпадение,100.0,Высокая,Оставить,
019a5a99-4048-7c55-b855-30c21a76d2a7,Строительство и ремонт > Бытовое освещение > Люстра,Люстра,Бытовое освещение,Нет,Нет,Нет,Люстра,Строительство и ремонт > Бытовое освещение > Люстра,type,,971434442,Точное совпадение,100.0,Высокая,Оставить,"Совпадение с типом товара Ozon, а не промежуточной категорией."
019a5a99-4076-7bd6-b15b-0736d5a9295c,Строительство и ремонт > Бытовое освещение > Потолочный светильник,Потолочный светильник,Бытовое освещение,Нет,Нет,Нет,Потолочный светильник,Строительство и ремонт > Бытовое освещение > Потолочный светильник,type,,970589574,Точное совпадение,100.0,Высокая,Оставить,"Совпадение с типом товара Ozon, а не промежуточной категорией."
019a5a99-40bd-7648-97ac-59fc535213df,Электроника > Проекторы,Проекторы,Электроника,Нет,Нет,Нет,Проекторы,Электроника > Проекторы,category,17028933,,Точное совпадение,100.0,Высокая,Оставить,
019a5a99-40c4-7210-bae1-d0bb52b8c6b0,Электроника > Проекторы > Экран для проектора,Экран для проектора,Проекторы,Нет,Нет,Нет,Экран для проектора,Электроника > Проекторы > Экран для проектора,type,,91495,Точное совпадение,100.0,Высокая,Оставить,"Совпадение с типом товара Ozon, а не промежуточной категорией."
019a5a99-40d1-7347-b0d4-df4c8f7a497b,Мебель > Садовая мебель > Садовые качели,Садовые качели,Садовая мебель,Нет,Нет,Нет,Садовые качели,Мебель > Садовая мебель > Садовые качели,type,,95057,Точное совпадение,100.0,Высокая,Оставить,"Совпадение с типом товара Ozon, а не промежуточной категорией."
019a5a99-40e4-7831-b635-0d3fa326256b,Спорт и отдых,Спорт и отдых,,Нет,Нет,Нет,Спорт и отдых,Спорт и отдых,category,17027491,,Точное совпадение,100.0,Высокая,Оставить,
019a5a99-40eb-70af-ae30-b767cc7342d3,Спорт и отдых > Охота и стрельба,Охота и стрельба,Спорт и отдых,Нет,Нет,Нет,Охота и стрельба,Спорт и отдых > Охота и стрельба,category,17028690,,Точное совпадение,100.0,Высокая,Оставить,
019a5a99-40f1-74a2-86d7-9cf8d2d90d8b,Спорт и отдых > Охота и стрельба > Сейф оружейный,Сейф оружейный,Охота и стрельба,Нет,Нет,Нет,Сейф оружейный,Спорт и отдых > Охота и стрельба > Сейф оружейный,type,,98241,Точное совпадение,100.0,Высокая,Оставить,"Совпадение с типом товара Ozon, а не промежуточной категорией."
019a5a99-40f7-7875-be4e-1d45f852d8c1,Строительство и ремонт > Бытовое освещение > Настенный светильник,Настенный светильник,Бытовое освещение,Нет,Нет,Нет,Настенный светильник,Строительство и ремонт > Бытовое освещение > Настенный светильник,type,,91647,Точное совпадение,100.0,Высокая,Оставить,"Совпадение с типом товара Ozon, а не промежуточной категорией."
019a5a9f-309e-701d-a1d6-259789f02872,"Мебель > Стулья, скамьи, табуреты, пуфики > Банкетка",Банкетка,"Стулья, скамьи, табуреты, пуфики",Нет,Нет,Нет,Банкетка,"Мебель > Стулья, скамьи, табуреты, пуфики > Банкетка",type,,95021,Точное совпадение,100.0,Высокая,Оставить,"Совпадение с типом товара Ozon, а не промежуточной категорией."
019a5a9f-30a4-763f-9a23-51e7f838b789,Строительство и ремонт > Грузоподъемное оборудование,Грузоподъемное оборудование,Строительство и ремонт,Нет,Нет,Нет,Грузоподъемное оборудование,Строительство и ремонт > Грузоподъемное оборудование,category,86491609,,Точное совпадение,100.0,Высокая,Оставить,
019a5a9f-30aa-7ba5-be97-b74df6fe19a1,Строительство и ремонт > Грузоподъемное оборудование > Тележка грузовая,Тележка грузовая,Грузоподъемное оборудование,Нет,Нет,Нет,Тележка грузовая,Строительство и ремонт > Грузоподъемное оборудование > Тележка грузовая,type,,970793547,Точное совпадение,100.0,Высокая,Оставить,"Совпадение с типом товара Ozon, а не промежуточной категорией."
019a5a9f-30f1-7933-baee-bc468351556f,Строительство и ремонт > Лестницы и стремянки,Лестницы и стремянки,Строительство и ремонт,Нет,Нет,Нет,Лестницы и стремянки,Строительство и ремонт > Лестницы и стремянки,category,17027913,,Точное совпадение,100.0,Высокая,Оставить,
019a5a9f-30f7-7ef7-a6d5-e240a59b7759,Строительство и ремонт > Лестницы и стремянки > Лестница для дома,Лестница для дома,Лестницы и стремянки,Нет,Нет,Нет,Аксессуар для хранения коллекций,Антиквариат и коллекционирование > Коллекционирование > Аксессуар для хранения коллекций,type,,93830,Нечёткое совпадение,75.2,Низкая,Проверить вручную,"Совпадение с типом товара Ozon, а не промежуточной категорией. Автоматическое переименование небезопасно."
019a5a9f-31ad-7215-883d-dfe9bfbe1498,Мебель > Мебель для бизнеса,Мебель для бизнеса,Мебель,Нет,Нет,Нет,Мебель для бизнеса,Мебель > Мебель для бизнеса,category,85282223,,Точное совпадение,100.0,Высокая,Оставить,
019a5a9f-31b3-789f-8c8c-47c447653180,Мебель > Мебель для бизнеса > Мебель медицинская,Мебель медицинская,Мебель для бизнеса,Нет,Нет,Нет,Мебель медицинская,Мебель > Мебель для бизнеса > Мебель медицинская,type,,970996040,Точное совпадение,100.0,Высокая,Оставить,"Совпадение с типом товара Ozon, а не промежуточной категорией."
019a6e26-6565-719a-98ae-3af7dc7ca553,Мебель > Мебель для бизнеса > Подставка производственная,Подставка производственная,Мебель для бизнеса,Нет,Нет,Нет,Подставка производственная,Мебель > Мебель для бизнеса > Подставка производственная,type,,971816790,Точное совпадение,100.0,Высокая,Оставить,"Совпадение с типом товара Ozon, а не промежуточной категорией."
019a6e62-43d8-75b7-9cad-1bb004516ffa,Мебель > Столы > Трибуна для выступлений,Трибуна для выступлений,Столы,Нет,Нет,Нет,Трибуна для выступлений,Мебель > Столы > Трибуна для выступлений,type,,971102673,Точное совпадение,100.0,Высокая,Оставить,"Совпадение с типом товара Ozon, а не промежуточной категорией."
019a6e68-1743-768c-8bf1-d25cb73fe6f9,Мебель > Кровати > Кровать детская,Кровать детская,Кровати,Нет,Нет,Нет,Кровать детская,Мебель > Кровати > Кровать детская,type,,94996,Точное совпадение,100.0,Высокая,Оставить,"Совпадение с типом товара Ozon, а не промежуточной категорией."
019ac025-f657-7893-a0d2-eee5ffb0378b,Строительство и ремонт > Лестницы и стремянки > Стремянка,Стремянка,Лестницы и стремянки,Нет,Нет,Нет,Стремянка,Строительство и ремонт > Лестницы и стремянки > Стремянка,type,,94520,Точное совпадение,100.0,Высокая,Оставить,"Совпадение с типом товара Ozon, а не промежуточной категорией."
019ae6c7-da9b-7867-97fa-2424d6317369,Дом и сад > Хранение вещей > Корзина для хранения,Корзина для хранения,Хранение вещей,Нет,Нет,Нет,Корзина для хранения,Дом и сад > Хранение вещей > Корзина для хранения,type,,95481,Точное совпадение,100.0,Высокая,Оставить,"Совпадение с типом товара Ozon, а не промежуточной категорией."
019b12a6-750b-7d59-8991-af0f38c07684,Мебель > Комплекты мебели > Комплект детской мебели,Комплект детской мебели,Комплекты мебели,Нет,Нет,Нет,Комплект детской мебели,Мебель > Комплекты мебели > Комплект детской мебели,type,,95008,Точное совпадение,100.0,Высокая,Оставить,"Совпадение с типом товара Ozon, а не промежуточной категорией."
019b12a6-753a-7774-b2be-f9c4a0e3650a,Мебель > Столы > Барный стол,Барный стол,Столы,Нет,Нет,Нет,Барный стол,Мебель > Столы > Барный стол,type,,95000,Точное совпадение,100.0,Высокая,Оставить,"Совпадение с типом товара Ozon, а не промежуточной категорией."
019bf297-107a-7bb3-8fb5-9341ed6e501a,Строительство и ремонт > Бытовое освещение > Напольный светильник,Напольный светильник,Бытовое освещение,Нет,Нет,Нет,Напольный светильник,Строительство и ремонт > Бытовое освещение > Напольный светильник,type,,91645,Точное совпадение,100.0,Высокая,Оставить,"Совпадение с типом товара Ozon, а не промежуточной категорией."
019bf297-107b-71d5-acdf-f11d315c0ab8,Мебель > Столы > Стол-книжка,Стол-книжка,Столы,Нет,Нет,Нет,Стол-книжка,Мебель > Столы > Стол-книжка,type,,970689232,Точное совпадение,100.0,Высокая,Оставить,"Совпадение с типом товара Ozon, а не промежуточной категорией."
019d8971-7d67-7c76-939d-0c83d8334d01,Строительство и ремонт > Бытовое освещение > Настенно-потолочный светильник,Настенно-потолочный светильник,Бытовое освещение,Нет,Нет,Нет,Настенно-потолочный светильник,Строительство и ремонт > Бытовое освещение > Настенно-потолочный светильник,type,,91646,Точное совпадение,100.0,Высокая,Оставить,"Совпадение с типом товара Ozon, а не промежуточной категорией."
019d8971-7d68-71b6-947b-eff2e2b3662f,Мебель > Полки и стеллажи > Полка,Полка,Полки и стеллажи,Нет,Нет,Нет,Полка,Мебель > Полки и стеллажи > Полка,type,,115946601,Точное совпадение,100.0,Высокая,Оставить,"Совпадение с типом товара Ozon, а не промежуточной категорией."
019d9128-6fad-7f26-8857-3c2382f32bff,Электроника > Электронное оборудование для торговли,Электронное оборудование для торговли,Электроника,Нет,Нет,Нет,Электронное оборудование для торговли,Электроника > Электронное оборудование для торговли,category,44082285,,Точное совпадение,100.0,Высокая,Оставить,
019d9128-6fae-753b-ba0c-5cfbde303c9b,Электроника > Электронное оборудование для торговли > Денежный ящик для кассы,Денежный ящик для кассы,Электронное оборудование для торговли,Нет,Нет,Нет,Денежный ящик для кассы,Электроника > Электронное оборудование для торговли > Денежный ящик для кассы,type,,970848956,Точное совпадение,100.0,Высокая,Оставить,"Совпадение с типом товара Ozon, а не промежуточной категорией."
019e267d-01c1-797e-ac69-3d9d05a5ec5f,Мебель > Кровати > Кровать-чердак,Кровать-чердак,Кровати,Да,Нет,Нет,Кровать-чердак,Мебель > Кровати > Кровать-чердак,type,,97193,Точное совпадение,100.0,Высокая,Оставить,"Совпадение с типом товара Ozon, а не промежуточной категорией."
019e61b2-781f-79b7-be33-6a309bb85864,Дом и сад > Ковры и ковровые дорожки,Ковры и ковровые дорожки,Дом и сад,Нет,Нет,Нет,Ковры и ковровые дорожки,Дом и сад > Ковры и ковровые дорожки,category,17028727,,Точное совпадение,100.0,Высокая,Оставить,
019e61b2-7820-739b-8177-7a8e29aa1a72,Дом и сад > Ковры и ковровые дорожки > Ковер,Ковер,Ковры и ковровые дорожки,Нет,Нет,Нет,Ковер,Дом и сад > Ковры и ковровые дорожки > Ковер,type,,93655,Точное совпадение,100.0,Высокая,Оставить,"Совпадение с типом товара Ozon, а не промежуточной категорией."
019e6971-fb1a-72d8-92ce-1103ad8a7a45,Мебель > Мебель бескаркасная,Мебель бескаркасная,Мебель,Да,Нет,Нет,Мебель бескаркасная,Мебель > Мебель бескаркасная,category,92265029,,Точное совпадение,100.0,Высокая,Оставить,
019e6971-fb20-7bd4-8f95-b9360336bc5a,Мебель > Мебель бескаркасная > Кресло-мешок,Кресло-мешок,Мебель бескаркасная,Да,Нет,Нет,Кресло-мешок,Мебель > Мебель бескаркасная > Кресло-мешок,type,,95037,Точное совпадение,100.0,Высокая,Оставить,"Совпадение с типом товара Ozon, а не промежуточной категорией."
01a097b8-a15b-73f7-8e56-6ff1c924fbcd,Мебель > Шкафы > Шкаф-витрина,Шкаф-витрина,Шкафы,Да,Нет,Нет,Шкаф-витрина,Мебель > Шкафы > Шкаф-витрина,type,,95109,Точное совпадение,100.0,Высокая,Оставить,"Совпадение с типом товара Ozon, а не промежуточной категорией."
01a097b8-a15b-7d39-acc6-df69d69b2532,Мебель > Шкафы > Шкаф-пенал,Шкаф-пенал,Шкафы,Да,Нет,Нет,Шкаф-пенал,Мебель > Шкафы > Шкаф-пенал,type,,95110,Точное совпадение,100.0,Высокая,Оставить,"Совпадение с типом товара Ozon, а не промежуточной категорией."
01a097bc-5726-7b52-a916-cc8cb5a1ae97,"Мебель > Стулья, скамьи, табуреты, пуфики > Комплект барных стульев",Комплект барных стульев,"Стулья, скамьи, табуреты, пуфики",Да,Нет,Нет,Комплект барных стульев,"Мебель > Стулья, скамьи, табуреты, пуфики > Комплект барных стульев",type,,970685471,Точное совпадение,100.0,Высокая,Оставить,"Совпадение с типом товара Ozon, а не промежуточной категорией."
01a097be-4257-71aa-9610-97863b301421,Мебель > Столы > Сервировочный стол,Сервировочный стол,Столы,Да,Нет,Нет,Сервировочный стол,Мебель > Столы > Сервировочный стол,type,,95013,Точное совпадение,100.0,Высокая,Оставить,"Совпадение с типом товара Ozon, а не промежуточной категорией."
01a0a0ae-8a4a-759a-a351-bf3bd40b7de9,Мебель > Кровати > Матрас,Матрас,Кровати,Нет,Да,Нет,Матрас,Мебель > Матрасы > Матрас,type,,115946522,Точное совпадение,100.0,Высокая,Оставить,"Название встречается в KIT несколько раз. Совпадение с типом товара Ozon, а не промежуточной категорией."
01a0a4bc-1199-777a-a8b9-2c5ad1028308,Мебель > Шкафы > Книжный шкаф,Книжный шкаф,Шкафы,Нет,Нет,Нет,Шкаф книжный,Мебель > Шкафы > Шкаф книжный,type,,504866300,Нечёткое совпадение,95.6,Средняя,Проверить перед переименованием,"Совпадение с типом товара Ozon, а не промежуточной категорией."
01a0a4bc-11ff-732f-800c-1c76575908c3,"Мебель > Стулья, скамьи, табуреты, пуфики > Скамья",Скамья,"Стулья, скамьи, табуреты, пуфики",Нет,Да,Нет,Скамья,Мебель > Садовая мебель > Скамья,type,,613346845,Точное совпадение,100.0,Высокая,Оставить,"Название встречается в KIT несколько раз. Совпадение с типом товара Ozon, а не промежуточной категорией."
01a0a4bc-1242-70d6-8a15-2cf3090147df,Мебель > Столы > Туалетный стол,Туалетный стол,Столы,Нет,Нет,Нет,Туалетный столик,Мебель > Столы > Туалетный столик,type,,95101,Нечёткое совпадение,89.3,Средняя,Проверить перед переименованием,"Совпадение с типом товара Ozon, а не промежуточной категорией."
01a0a4bc-1282-75b9-a8ed-5b95899d9850,Мебель > Столы > Комплектующие для столов,Комплектующие для столов,Столы,Нет,Нет,Нет,"Товары для курения антиквариат, винтаж","Антиквариат и коллекционирование > Антиквариат и винтаж > Товары для курения антиквариат, винтаж",type,,971909334,Нечёткое совпадение,75.2,Низкая,Проверить вручную,"Совпадение с типом товара Ozon, а не промежуточной категорией. Автоматическое переименование небезопасно."
01a0a4bc-12c4-74c4-909e-6475063914f9,Мебель > Комоды и тумбы > Тумба под телевизор,Тумба под телевизор,Комоды и тумбы,Нет,Нет,Нет,Тумба,Мебель > Комоды и тумбы > Тумба,type,,971162059,Нечёткое совпадение,88.8,Средняя,Проверить перед переименованием,"Совпадение с типом товара Ozon, а не промежуточной категорией."
01a0a4bc-1303-7af3-b002-86b61c6645a6,Мебель > Комоды и тумбы > Сундук,Сундук,Комоды и тумбы,Нет,Нет,Нет,Сундук,"Мебель > Стулья, скамьи, табуреты, пуфики > Сундук",type,,970714176,Точное совпадение,100.0,Высокая,Оставить,"Совпадение с типом товара Ozon, а не промежуточной категорией."
01a0a4bc-1342-70b7-95ba-bbaa67b757e0,Мебель > Комоды и тумбы > Прикроватная тумба,Прикроватная тумба,Комоды и тумбы,Нет,Нет,Нет,Тумба,Мебель > Комоды и тумбы > Тумба,type,,971162059,Нечёткое совпадение,88.8,Средняя,Проверить перед переименованием,"Совпадение с типом товара Ozon, а не промежуточной категорией."
01a0a4bc-1385-7aa7-9f6c-4e9197aa1f88,Мебель > Зеркала,Зеркала,Мебель,Нет,Да,Нет,Зеркала,Дом и сад > Зеркала,category,17028712,,Точное совпадение,100.0,Высокая,Оставить,Название встречается в KIT несколько раз.
01a0a4bc-13c5-751a-a472-6a6dd9c96d88,Мебель > Зеркала > Зеркало,Зеркало,Зеркала,Нет,Нет,Нет,Зеркало интерьерное,Дом и сад > Зеркала > Зеркало интерьерное,type,,93366,Нечёткое совпадение,83.2,Низкая,Проверить вручную,"Совпадение с типом товара Ozon, а не промежуточной категорией. Автоматическое переименование небезопасно."
01a0a4bc-140b-7bc8-89eb-ed774ac1c801,Мебель > Диваны,Диваны,Мебель,Нет,Да,Нет,Диваны и кресла,Мебель > Диваны и кресла,category,80375615,,Нечёткое совпадение,87.2,Низкая,Проверить вручную,Название встречается в KIT несколько раз. Автоматическое переименование небезопасно.
01a0a4bc-144d-75a2-ab42-bee611a2d22f,Мебель > Диваны > Диван,Диван,Диваны,Нет,Нет,Нет,Модульный диван,Мебель > Диваны и кресла > Модульный диван,type,,970797823,Нечёткое совпадение,86.4,Низкая,Проверить вручную,"Совпадение с типом товара Ozon, а не промежуточной категорией. Автоматическое переименование небезопасно."
01a0a5b0-a810-787c-bd9d-c9d1d266e899,Предметы интерьера,Предметы интерьера,,Нет,Нет,Нет,"Предметы интерьера антиквариат, винтаж","Антиквариат и коллекционирование > Антиквариат и винтаж > Предметы интерьера антиквариат, винтаж",type,,96386,Нечёткое совпадение,84.0,Низкая,Проверить вручную,"Совпадение с типом товара Ozon, а не промежуточной категорией. Автоматическое переименование небезопасно."
01a0a5b0-a897-7887-b5cf-a5be756abd49,Предметы интерьера > Зеркала,Зеркала,Предметы интерьера,Нет,Да,Нет,Зеркала,Дом и сад > Зеркала,category,17028712,,Точное совпадение,100.0,Высокая,Оставить,Название встречается в KIT несколько раз.
01a0a5b0-a912-78a4-8437-9ca38d620ad0,Предметы интерьера > Зеркала > Зеркала с подсветкой,Зеркала с подсветкой,Зеркала,Нет,Нет,Нет,Зеркала,Дом и сад > Зеркала,category,17028712,,Нечёткое совпадение,81.2,Низкая,Проверить вручную,Автоматическое переименование небезопасно.
01a0a5b0-a976-7e57-8ab8-5dfbeabb83f3,Предметы интерьера > Зеркала > Зеркала,Зеркала,Зеркала,Нет,Да,Нет,Зеркала,Дом и сад > Зеркала,category,17028712,,Точное совпадение,100.0,Высокая,Оставить,Название встречается в KIT несколько раз.
01a0a5b0-a9df-7850-900c-c871dfc3f706,Мебель > Мебель для ванной,Мебель для ванной,Мебель,Нет,Нет,Нет,Мебель для ванной,Мебель > Мебель для ванной,category,76107195,,Точное совпадение,100.0,Высокая,Оставить,
01a0a5b0-aa42-7b5b-b30b-5aca1bc9782b,Мебель > Мебель для ванной > Шкафы-пеналы,Шкафы-пеналы,Мебель для ванной,Нет,Нет,Нет,Шкафы,Мебель > Шкафы,category,17027919,,Нечёткое совпадение,85.2,Низкая,Проверить вручную,Автоматическое переименование небезопасно.
01a0a5b0-aaa3-78b9-95ec-5d95549ea534,Мебель > Мебель для ванной > Тумбы для ванной,Тумбы для ванной,Мебель для ванной,Нет,Нет,Нет,Тумба для ванной,Мебель > Мебель для ванной > Тумба для ванной,type,,970666036,Нечёткое совпадение,88.5,Средняя,Проверить перед переименованием,"Совпадение с типом товара Ozon, а не промежуточной категорией."
01a0a5b0-ab07-7881-9683-b8c3e8c9dac2,Мебель > Мебель для ванной > Навесные шкафы,Навесные шкафы,Мебель для ванной,Нет,Нет,Нет,Шкафы,Мебель > Шкафы,category,17027919,,Нечёткое совпадение,85.2,Низкая,Проверить вручную,Автоматическое переименование небезопасно.
01a0a5b0-ab6f-7862-ae51-60787ce6ac99,Мебель > Мебель для ванной > Комоды,Комоды,Мебель для ванной,Нет,Да,Нет,Комоды и тумбы,Мебель > Комоды и тумбы,category,80711064,,Нечёткое совпадение,85.2,Низкая,Проверить вручную,Название встречается в KIT несколько раз. Автоматическое переименование небезопасно.
01a0a5b0-abd4-7ab9-9102-4972d2dd2c2e,Мебель > Мебель для ванной > Зеркальные шкафы,Зеркальные шкафы,Мебель для ванной,Нет,Нет,Нет,Шкафы,Мебель > Шкафы,category,17027919,,Нечёткое совпадение,85.2,Низкая,Проверить вручную,Автоматическое переименование небезопасно.
01a0a9bc-fc6c-78ff-abc6-17f993da1350,Столы,Столы,,Нет,Да,Нет,Столы,Мебель > Столы,category,17027918,,Точное совпадение,100.0,Высокая,Оставить,Название встречается в KIT несколько раз.
01a0a9bd-0280-7dec-83f9-ec8e14e652ba,Столы > Столы журнальные,Столы журнальные,Столы,Нет,Да,Нет,Столы,Мебель > Столы,category,17027918,,Нечёткое совпадение,83.2,Низкая,Проверить вручную,Название встречается в KIT несколько раз. Автоматическое переименование небезопасно.
01a0a9bd-2890-7a34-a6e6-553b115b0419,Столы > Столы обеденные,Столы обеденные,Столы,Нет,Нет,Нет,Столы,Мебель > Столы,category,17027918,,Нечёткое совпадение,83.2,Низкая,Проверить вручную,Автоматическое переименование небезопасно.
01a0a9bd-7c5f-7296-9f1d-570d0b7ad61c,Мягкая мебель,Мягкая мебель,,Нет,Нет,Нет,Мебель,Мебель,category,17027915,,Нечёткое совпадение,85.2,Низкая,Проверить вручную,Автоматическое переименование небезопасно.
01a0a9bd-7d7b-70fe-a2c9-e23c5609dbf8,Мягкая мебель > Диваны,Диваны,Мягкая мебель,Нет,Да,Нет,Диваны и кресла,Мебель > Диваны и кресла,category,80375615,,Нечёткое совпадение,85.2,Низкая,Проверить вручную,Название встречается в KIT несколько раз. Автоматическое переименование небезопасно.
01a0a9be-f535-7260-b595-683ca272da65,Стулья,Стулья,,Нет,Да,Нет,"Стулья, скамьи, табуреты, пуфики","Мебель > Стулья, скамьи, табуреты, пуфики",category,17027916,,Нечёткое совпадение,81.6,Низкая,Проверить вручную,Название встречается в KIT несколько раз. Автоматическое переименование небезопасно.
01a0a9be-f674-7647-a174-b54555f67edf,Стулья > Стулья обеденные,Стулья обеденные,Стулья,Нет,Нет,Нет,Стул,"Мебель > Стулья, скамьи, табуреты, пуфики > Стул",type,,95048,Нечёткое совпадение,80.9,Низкая,Проверить вручную,"Совпадение с типом товара Ozon, а не промежуточной категорией. Автоматическое переименование небезопасно."
01a0a9c0-644a-7869-b2f6-329e1b6edcf7,Обеденные группы,Обеденные группы,,Нет,Нет,Нет,Обеденная группа,Мебель > Комплекты мебели > Обеденная группа,type,,95009,Нечёткое совпадение,71.5,Низкая,Проверить вручную,"Совпадение с типом товара Ozon, а не промежуточной категорией. Автоматическое переименование небезопасно."
01a0a9c1-3e1d-7905-87b8-a6880993e85b,Мягкая мебель > Кресла,Кресла,Мягкая мебель,Нет,Да,Нет,Диваны и кресла,Мебель > Диваны и кресла,category,80375615,,Нечёткое совпадение,85.2,Низкая,Проверить вручную,Название встречается в KIT несколько раз. Автоматическое переименование небезопасно.
01a0a9c2-e0bd-732a-9057-4510ffb60461,Мягкая мебель > Лаунж-зоны,Лаунж-зоны,Мягкая мебель,Нет,Нет,Нет,Зеркало мертвой зоны,Автотовары > Кузовные запчасти > Зеркало мертвой зоны,type,,970587670,Нечёткое совпадение,76.6,Низкая,Проверить вручную,"Совпадение с типом товара Ozon, а не промежуточной категорией. Автоматическое переименование небезопасно."
01a0a9c3-1769-760f-b0ff-746db0ff48fe,Аксессуары,Аксессуары,,Нет,Да,Нет,Аксессуары,Галантерея и аксессуары > Аксессуары,category,17027904,,Точное совпадение,100.0,Высокая,Оставить,Название встречается в KIT несколько раз.
01a0a9c5-a540-70e7-9219-3f9840df1d5d,Стулья > Стулья барные,Стулья барные,Стулья,Нет,Нет,Нет,Стул,"Мебель > Стулья, скамьи, табуреты, пуфики > Стул",type,,95048,Нечёткое совпадение,80.9,Низкая,Проверить вручную,"Совпадение с типом товара Ozon, а не промежуточной категорией. Автоматическое переименование небезопасно."
01a0a9c9-3134-701b-8e03-83813c4445a8,Мебель для дачи,Мебель для дачи,,Нет,Нет,Нет,Мебель,Мебель,category,17027915,,Нечёткое совпадение,85.2,Низкая,Проверить вручную,Автоматическое переименование небезопасно.
01a0a9c9-32b6-7882-af7e-4223dbbed2fb,Мебель для дачи > Шезлонги / Лежаки,Шезлонги / Лежаки,Мебель для дачи,Нет,Нет,Нет,Шезлонг,Мебель > Садовая мебель > Шезлонг,type,,94452,Нечёткое совпадение,81.2,Низкая,Проверить вручную,"Совпадение с типом товара Ozon, а не промежуточной категорией. Автоматическое переименование небезопасно."
01a0a9cd-07e0-76d0-a935-3e2c90f5173d,"Предметы интерьера > Кашпо, Цветочные горшки","Кашпо, Цветочные горшки",Предметы интерьера,Нет,Нет,Нет,Кашпо,Дом и сад > Аксессуары для цветов > Кашпо,type,,96251,Нечёткое совпадение,80.5,Низкая,Проверить вручную,"Совпадение с типом товара Ozon, а не промежуточной категорией. Автоматическое переименование небезопасно."
01a0a9cd-d0f0-78ab-ad68-8baa38fc9bae,Мягкая мебель > Пуфы и банкетки,Пуфы и банкетки,Мягкая мебель,Нет,Нет,Нет,Пуф,"Мебель > Стулья, скамьи, табуреты, пуфики > Пуф",type,,95044,Нечёткое совпадение,80.5,Низкая,Проверить вручную,"Совпадение с типом товара Ozon, а не промежуточной категорией. Автоматическое переименование небезопасно."
01a0aa37-59e7-7853-b794-f3169802fb84,Столы > Подстолья / Основания для столов,Подстолья / Основания для столов,Столы,Нет,Нет,Нет,Сеточка для волос,Галантерея и аксессуары > Аксессуары для волос > Сеточка для волос,type,,970982035,Нечёткое совпадение,75.2,Низкая,Проверить вручную,"Совпадение с типом товара Ozon, а не промежуточной категорией. Автоматическое переименование небезопасно."
01a0b0be-8528-7190-9192-6e4d8bf0ae98,Хобби и творчество,Хобби и творчество,,Нет,Нет,Нет,Хобби и творчество,Хобби и творчество,category,17027485,,Точное совпадение,100.0,Высокая,Оставить,
01a0b0be-8652-701b-a925-200f6bea1d11,Хобби и творчество > Товары для лепки,Товары для лепки,Хобби и творчество,Нет,Нет,Нет,Органайзер для документов,Галантерея и аксессуары > Аксессуары > Органайзер для документов,type,,970870896,Нечёткое совпадение,75.2,Низкая,Проверить вручную,"Совпадение с типом товара Ozon, а не промежуточной категорией. Автоматическое переименование небезопасно."
01a0b0be-8786-7be8-a5ff-23b13f9f5c5d,Хобби и творчество > Товары для лепки > Пластилин,Пластилин,Товары для лепки,Нет,Нет,Нет,Пластилин,Хобби и творчество > Детское творчество и развитие > Пластилин,type,,92928,Точное совпадение,100.0,Высокая,Оставить,"Совпадение с типом товара Ozon, а не промежуточной категорией."
01a0b33e-414c-71c5-8459-825a3e4a3eaa,Детям,Детям,,Нет,Нет,Нет,Детский стол,Мебель > Столы > Детский стол,type,,95016,Нечёткое совпадение,59.4,Низкая,Проверить вручную,"Совпадение с типом товара Ozon, а не промежуточной категорией. Автоматическое переименование небезопасно."
01a0b33e-47d8-7a24-8abc-f3fcb2534023,Детям > Принадлежности для рисования,Принадлежности для рисования,Детям,Нет,Да,Нет,Сушилка для обуви,Галантерея и аксессуары > Аксессуары для одежды и обуви > Сушилка для обуви,type,,94619,Нечёткое совпадение,75.2,Низкая,Проверить вручную,"Название встречается в KIT несколько раз. Совпадение с типом товара Ozon, а не промежуточной категорией. Автоматическое переименование небезопасно."
01a0b33e-48d1-7869-8c4c-2e0a19af33d0,Детям > Принадлежности для рисования > Альбомы и папки для рисования,Альбомы и папки для рисования,Принадлежности для рисования,Нет,Нет,Нет,Альбом,Канцелярские товары > Бумажная продукция > Альбом,type,,91396,Нечёткое совпадение,79.2,Низкая,Проверить вручную,"Совпадение с типом товара Ozon, а не промежуточной категорией. Автоматическое переименование небезопасно."
01a0b33e-86cb-727d-9648-d0334be5d9de,Подарки и праздник,Подарки и праздник,,Нет,Нет,Нет,Металлоискатели и аксессуары,Спорт и отдых > Металлоискатели и аксессуары,category,87122370,,Нечёткое совпадение,75.2,Низкая,Проверить вручную,Автоматическое переименование небезопасно.
01a0b33e-8817-7480-99e7-4b242874b043,Подарки и праздник > Товары для оформления праздника,Товары для оформления праздника,Подарки и праздник,Нет,Да,Нет,Сеточка для волос,Галантерея и аксессуары > Аксессуары для волос > Сеточка для волос,type,,970982035,Нечёткое совпадение,75.2,Низкая,Проверить вручную,"Название встречается в KIT несколько раз. Совпадение с типом товара Ozon, а не промежуточной категорией. Автоматическое переименование небезопасно."
01a0b33e-895e-76a8-be7c-95c9a0027e3b,Подарки и праздник > Товары для оформления праздника > Карнавальные аксессуары,Карнавальные аксессуары,Товары для оформления праздника,Нет,Нет,Нет,Аксессуары,Одежда > Аксессуары,category,41777465,,Нечёткое совпадение,80.7,Низкая,Проверить вручную,Автоматическое переименование небезопасно.
01a0b385-5624-7f3c-ac43-0db51bdc2986,Детям > Школьная бумажная продукция,Школьная бумажная продукция,Детям,Нет,Да,Нет,Бумажная продукция,Канцелярские товары > Бумажная продукция,category,17029018,,Нечёткое совпадение,83.2,Низкая,Проверить вручную,Название встречается в KIT несколько раз. Автоматическое переименование небезопасно.
01a0b385-5733-75d5-aee8-84c33b116ca0,Детям > Школьная бумажная продукция > Тетради,Тетради,Школьная бумажная продукция,Нет,Да,Нет,Разделитель для тетради,Канцелярские товары > Бумажная продукция > Разделитель для тетради,type,,971197249,Нечёткое совпадение,83.7,Низкая,Проверить вручную,"Название встречается в KIT несколько раз. Совпадение с типом товара Ozon, а не промежуточной категорией. Автоматическое переименование небезопасно."
01a0b385-57e1-745e-abb4-383feff7c63f,Детям > Школьная бумажная продукция > Тетради > Тетради 12-24 листов,Тетради 12-24 листов,Тетради,Нет,Нет,Нет,Тетрадь,Канцелярские товары > Бумажная продукция > Тетрадь,type,,94103,Нечёткое совпадение,75.3,Низкая,Проверить вручную,"Совпадение с типом товара Ozon, а не промежуточной категорией. Автоматическое переименование небезопасно."
01a0b386-1e00-7a5b-8d5e-4e2d9183ff4e,Детям > Школьная бумажная продукция > Дневники школьные,Дневники школьные,Школьная бумажная продукция,Нет,Нет,Нет,Дневник школьный,Канцелярские товары > Бумажная продукция > Дневник школьный,type,,94093,Нечёткое совпадение,82.4,Низкая,Проверить вручную,"Совпадение с типом товара Ozon, а не промежуточной категорией. Автоматическое переименование небезопасно."
01a0b386-1eb5-73e9-8bb2-e4e2a77d2137,Детям > Школьная бумажная продукция > Дневники школьные > Дневники универсальные,Дневники универсальные,Дневники школьные,Нет,Нет,Нет,Клипоны универсальные для мототехники,Автотовары > Мотозапчасти > Клипоны универсальные для мототехники,type,,971035591,Нечёткое совпадение,76.3,Низкая,Проверить вручную,"Совпадение с типом товара Ozon, а не промежуточной категорией. Автоматическое переименование небезопасно."
01a0b386-de96-7396-99f6-daa87ad5f97c,Детям > Принадлежности для рисования > Аксессуары для рисования,Аксессуары для рисования,Принадлежности для рисования,Нет,Нет,Нет,Аксессуары,Одежда > Аксессуары,category,41777465,,Нечёткое совпадение,81.6,Низкая,Проверить вручную,Автоматическое переименование небезопасно.
01a0b386-df47-75dd-8542-35b94d7f4bbd,Детям > Принадлежности для рисования > Аксессуары для рисования > Пеналы для кистей и инструментов,Пеналы для кистей и инструментов,Аксессуары для рисования,Нет,Нет,Нет,Пенал,Канцелярские товары > Пенал > Пенал,type,,94105,Нечёткое совпадение,79.2,Низкая,Проверить вручную,"Совпадение с типом товара Ozon, а не промежуточной категорией. Автоматическое переименование небезопасно."
01a0b388-7e1e-7b10-ab4e-c604f591ed6a,Подарки и праздник > Товары к 23 Февраля и 8 Марта,Товары к 23 Февраля и 8 Марта,Подарки и праздник,Нет,Нет,Нет,Экипировка и защита,Спорт и отдых > Экипировка и защита,category,17028711,,Нечёткое совпадение,75.2,Низкая,Проверить вручную,Автоматическое переименование небезопасно.
01a0b388-833d-7732-8dd8-a4ef48e82f12,Подарки и праздник > Товары к 23 Февраля и 8 Марта > Товары для оформления праздника,Товары для оформления праздника,Товары к 23 Февраля и 8 Марта,Нет,Да,Нет,Сеточка для волос,Галантерея и аксессуары > Аксессуары для волос > Сеточка для волос,type,,970982035,Нечёткое совпадение,75.2,Низкая,Проверить вручную,"Название встречается в KIT несколько раз. Совпадение с типом товара Ozon, а не промежуточной категорией. Автоматическое переименование небезопасно."
01a0b388-8479-7498-a3f5-7cb19b66116a,Подарки и праздник > Товары к 23 Февраля и 8 Марта > Товары для оформления праздника > Шары воздушные и аксессуары к ним,Шары воздушные и аксессуары к ним,Товары для оформления праздника,Нет,Нет,Нет,Аксессуары,Одежда > Аксессуары,category,41777465,,Нечёткое совпадение,80.1,Низкая,Проверить вручную,Автоматическое переименование небезопасно.
01a0b389-71b2-7236-bf59-d5b68f9d96f4,Средства индивид. защиты (СИЗ),Средства индивид. защиты (СИЗ),,Нет,Нет,Нет,Комплект защиты,Строительство и ремонт > Средства защиты и пожаротушения > Комплект защиты,type,,970708360,Нечёткое совпадение,78.2,Низкая,Проверить вручную,"Совпадение с типом товара Ozon, а не промежуточной категорией. Автоматическое переименование небезопасно."
01a0b389-76f2-7ee3-8174-31b81e2f9b45,Средства индивид. защиты (СИЗ) > Одежда и обувь для сотрудников производства,Одежда и обувь для сотрудников производства,Средства индивид. защиты (СИЗ),Нет,Нет,Нет,Одежда,Одежда > Одежда,category,200000933,,Нечёткое совпадение,80.7,Низкая,Проверить вручную,Автоматическое переименование небезопасно.
01a0b389-77df-745f-b5de-c95a3759e865,Средства индивид. защиты (СИЗ) > Одежда и обувь для сотрудников производства > Бахилы,Бахилы,Одежда и обувь для сотрудников производства,Нет,Нет,Нет,Бахилы зимние,Одежда > Спортивная одежда > Бахилы зимние,type,,115951169,Нечёткое совпадение,81.4,Низкая,Проверить вручную,"Совпадение с типом товара Ozon, а не промежуточной категорией. Автоматическое переименование небезопасно."
01a0b38a-ffe7-7a38-949f-aadd006ba829,Детям > Школьная бумажная продукция > Дневники школьные > Дневники для музыкальной школы,Дневники для музыкальной школы,Дневники школьные,Нет,Нет,Нет,Сеточка для волос,Галантерея и аксессуары > Аксессуары для волос > Сеточка для волос,type,,970982035,Нечёткое совпадение,75.2,Низкая,Проверить вручную,"Совпадение с типом товара Ozon, а не промежуточной категорией. Автоматическое переименование небезопасно."
01a0b38d-3c84-79b9-949f-204c58388310,Школа,Школа,,Нет,Нет,Нет,Шоколад,Продукты питания > Хлеб и кондитерские изделия > Шоколад,type,,97035,Нечёткое совпадение,73.3,Низкая,Проверить вручную,"Совпадение с типом товара Ozon, а не промежуточной категорией. Автоматическое переименование небезопасно."
01a0b38d-3d5c-79e5-97b2-37f338619561,Школа > Принадлежности для черчения,Принадлежности для черчения,Школа,Нет,Да,Нет,Сушилка для обуви,Галантерея и аксессуары > Аксессуары для одежды и обуви > Сушилка для обуви,type,,94619,Нечёткое совпадение,75.2,Низкая,Проверить вручную,"Название встречается в KIT несколько раз. Совпадение с типом товара Ozon, а не промежуточной категорией. Автоматическое переименование небезопасно."
01a0b38d-426a-7040-aacd-5ed99405b7c4,Школа > Принадлежности для черчения > Альбомы и папки для черчения,Альбомы и папки для черчения,Принадлежности для черчения,Нет,Нет,Нет,Альбом,Канцелярские товары > Бумажная продукция > Альбом,type,,91396,Нечёткое совпадение,79.2,Низкая,Проверить вручную,"Совпадение с типом товара Ozon, а не промежуточной категорией. Автоматическое переименование небезопасно."
01a0b38d-430b-70cb-a18b-f61f2abf303b,Школа > Принадлежности для черчения > Альбомы и папки для черчения > Альбомы для черчения,Альбомы для черчения,Альбомы и папки для черчения,Нет,Нет,Нет,Альбом,Канцелярские товары > Бумажная продукция > Альбом,type,,91396,Нечёткое совпадение,79.2,Низкая,Проверить вручную,"Совпадение с типом товара Ozon, а не промежуточной категорией. Автоматическое переименование небезопасно."
01a0b38e-a861-7bf2-ab46-51c1691ab827,Детям > Книги для детей и родителей,Книги для детей и родителей,Детям,Нет,Нет,Нет,Книги,Книги,category,200001482,,Нечёткое совпадение,82.2,Низкая,Проверить вручную,Автоматическое переименование небезопасно.
01a0b38e-ae11-7d4e-bd40-ab459f3d2f97,Детям > Книги для детей и родителей > Книжки-пособия,Книжки-пособия,Книги для детей и родителей,Нет,Нет,Нет,Кан,Спорт и отдых > Спортивные чехлы и сумки > Кан,type,,94391,Нечёткое совпадение,63.4,Низкая,Проверить вручную,"Совпадение с типом товара Ozon, а не промежуточной категорией. Автоматическое переименование небезопасно."
01a0b38e-db8c-7712-b303-9a5554f6b8e9,Хобби и творчество > Товары для лепки > Пластилин скульптурный,Пластилин скульптурный,Товары для лепки,Нет,Нет,Нет,Пластилин,Хобби и творчество > Детское творчество и развитие > Пластилин,type,,92928,Нечёткое совпадение,83.7,Низкая,Проверить вручную,"Совпадение с типом товара Ozon, а не промежуточной категорией. Автоматическое переименование небезопасно."
01a0b38f-08a4-76e0-b6dc-64f76e09d93f,Детям > Книги для детей и родителей > Книжки-раскраски,Книжки-раскраски,Книги для детей и родителей,Нет,Нет,Нет,Раскраска,Хобби и творчество > Детское творчество и развитие > Раскраска,type,,92929,Нечёткое совпадение,70.4,Низкая,Проверить вручную,"Совпадение с типом товара Ozon, а не промежуточной категорией. Автоматическое переименование небезопасно."
01a0b391-56be-7dea-be62-76d769c5c90d,Хозтовары,Хозтовары,,Нет,Нет,Нет,Автотовары,Автотовары,category,17027495,,Нечёткое совпадение,64.8,Низкая,Проверить вручную,Автоматическое переименование небезопасно.
01a0b391-57ad-79ad-9512-441bf5b4a159,Хозтовары > Мешки для мусора,Мешки для мусора,Хозтовары,Нет,Нет,Нет,Мешки для мусора,Дом и сад > Инвентарь для дома > Мешки для мусора,type,,93695,Точное совпадение,100.0,Высокая,Оставить,"Совпадение с типом товара Ozon, а не промежуточной категорией."
01a0b391-5d41-7c70-a9eb-e29355acc8d6,Хозтовары > Мешки для мусора > Пакеты для медицинских отходов,Пакеты для медицинских отходов,Мешки для мусора,Нет,Нет,Нет,Сеточка для волос,Галантерея и аксессуары > Аксессуары для волос > Сеточка для волос,type,,970982035,Нечёткое совпадение,75.2,Низкая,Проверить вручную,"Совпадение с типом товара Ozon, а не промежуточной категорией. Автоматическое переименование небезопасно."
01a0b392-3f0e-7bc3-b1c9-bbd77417cb68,Игры и игрушки,Игры и игрушки,,Нет,Нет,Нет,Игрушки,Детские товары > Игрушки,category,17028973,,Нечёткое совпадение,82.2,Низкая,Проверить вручную,Автоматическое переименование небезопасно.
01a0b392-3fe1-74fc-aebb-f0107d1c5a86,Игры и игрушки > Конструкторы,Конструкторы,Игры и игрушки,Нет,Да,Нет,Конструкторы,Детские товары > Конструкторы,category,62573858,,Точное совпадение,100.0,Высокая,Оставить,Название встречается в KIT несколько раз.
01a0b392-40df-740a-8a70-8c5a1b66be0e,Игры и игрушки > Конструкторы > Конструкторы,Конструкторы,Конструкторы,Нет,Да,Нет,Конструкторы,Детские товары > Конструкторы,category,62573858,,Точное совпадение,100.0,Высокая,Оставить,Название встречается в KIT несколько раз.
01a0b397-64fe-7856-aac7-0c7096347754,Детям > Товары для обучения,Товары для обучения,Детям,Нет,Нет,Нет,Товары для курения,Товары для курения и аксессуары > Товары для курения,category,200001034,,Нечёткое совпадение,78.5,Низкая,Проверить вручную,Автоматическое переименование небезопасно.
01a0b397-6a5c-79a9-96a6-cc2c84756c41,"Детям > Товары для обучения > Кассы ""Учись считать""","Кассы ""Учись считать""",Товары для обучения,Нет,Нет,Нет,Квас,"Продукты питания Ozon Fresh > Соки, воды, напитки Ozon Fresh > Квас",type,,96960,Нечёткое совпадение,67.9,Низкая,Проверить вручную,"Совпадение с типом товара Ozon, а не промежуточной категорией. Автоматическое переименование небезопасно."
01a0b397-9f57-7902-9b10-b3ee7a320850,Детям > Товары для обучения > Счетные палочки и счеты,Счетные палочки и счеты,Товары для обучения,Нет,Нет,Нет,Ветеринарные товары для с/х животных и птиц,Фермерское хозяйство > Ветеринарные товары для с/х животных и птиц,category,88979264,,Нечёткое совпадение,76.3,Низкая,Проверить вручную,Автоматическое переименование небезопасно.
01a0b3b4-9c7c-7a90-bfc8-038a90f70d5c,Хобби и творчество > Товары для художников,Товары для художников,Хобби и творчество,Нет,Нет,Нет,"Сумки, органайзеры для творчества","Хобби и творчество > Сумки, органайзеры для творчества",category,88577267,,Нечёткое совпадение,78.7,Низкая,Проверить вручную,Автоматическое переименование небезопасно.
01a0b3b4-9d7d-7a53-be17-81f1489b6c4f,"Хобби и творчество > Товары для художников > Бумага для пастели, акварели, графики","Бумага для пастели, акварели, графики",Товары для художников,Нет,Нет,Нет,Бумага,Канцелярские товары > Бумага,category,17029017,,Нечёткое совпадение,81.9,Низкая,Проверить вручную,Автоматическое переименование небезопасно.
01a0b3b4-9e25-7155-a3a7-09149f140163,"Хобби и творчество > Товары для художников > Бумага для пастели, акварели, графики > Альбомы и бумага для акварели и масла",Альбомы и бумага для акварели и масла,"Бумага для пастели, акварели, графики",Нет,Нет,Нет,Бумага,Канцелярские товары > Бумага,category,17029017,,Нечёткое совпадение,81.4,Низкая,Проверить вручную,Автоматическое переименование небезопасно.
01a0b3b6-51d8-73ec-b862-e4fb2d9e0517,Детям > Школьная бумажная продукция > Дневники школьные > Дневники для старших классов,Дневники для старших классов,Дневники школьные,Нет,Нет,Нет,Сушилка для обуви,Галантерея и аксессуары > Аксессуары для одежды и обуви > Сушилка для обуви,type,,94619,Нечёткое совпадение,75.2,Низкая,Проверить вручную,"Совпадение с типом товара Ozon, а не промежуточной категорией. Автоматическое переименование небезопасно."
01a0b41e-4041-7d28-aa53-1df272936bcf,Прямые диваны,Прямые диваны,,Нет,Нет,Нет,Прямой диван,Мебель > Диваны и кресла > Прямой диван,type,,95024,Нечёткое совпадение,72.4,Низкая,Проверить вручную,"Совпадение с типом товара Ozon, а не промежуточной категорией. Автоматическое переименование небезопасно."
01a0b43c-b852-7cef-8769-2d493bcd305e,Угловые диваны,Угловые диваны,,Нет,Нет,Нет,Угловой диван,Мебель > Диваны и кресла > Угловой диван,type,,97632,Нечёткое совпадение,73.7,Низкая,Проверить вручную,"Совпадение с типом товара Ozon, а не промежуточной категорией. Автоматическое переименование небезопасно."
01a0b43e-741a-76ac-bb67-1483a5c7f842,Мебель для кухни,Мебель для кухни,,Нет,Да,Нет,Мебель для кухни,Мебель > Мебель для кухни,category,80771432,,Точное совпадение,100.0,Высокая,Оставить,Название встречается в KIT несколько раз.
01a0b441-9835-7899-b000-6a077321f62d,Кресла для отдыха,Кресла для отдыха,,Нет,Нет,Нет,Аксессуар для хранения коллекций,Антиквариат и коллекционирование > Коллекционирование > Аксессуар для хранения коллекций,type,,93830,Нечёткое совпадение,75.2,Низкая,Проверить вручную,"Совпадение с типом товара Ozon, а не промежуточной категорией. Автоматическое переименование небезопасно."
01a0b46c-85b6-792b-8b27-9aa5a522697c,Кушетки,Кушетки,,Нет,Нет,Нет,"Аксессуар для массажного стола, кушетки","Красота и гигиена > Аксессуары для массажного стола > Аксессуар для массажного стола, кушетки",type,,971151950,Нечёткое совпадение,80.9,Низкая,Проверить вручную,"Совпадение с типом товара Ozon, а не промежуточной категорией. Автоматическое переименование небезопасно."
01a0b475-bf2a-7e85-87e1-9bca7bc17262,Стойки ресепшн,Стойки ресепшн,,Нет,Нет,Нет,Стойка ресепшн,Мебель > Столы > Стойка ресепшн,type,,97452,Нечёткое совпадение,84.1,Низкая,Проверить вручную,"Совпадение с типом товара Ozon, а не промежуточной категорией. Автоматическое переименование небезопасно."
01a0b475-c09c-7dfa-a96a-d100c2ff2cfc,Стойки ресепшн > Стайл,Стайл,Стойки ресепшн,Нет,Да,Нет,Стайлинг для бороды,Красота и гигиена > Средства для бритья и груминг > Стайлинг для бороды,type,,970702979,Нечёткое совпадение,79.2,Низкая,Проверить вручную,"Название встречается в KIT несколько раз. Совпадение с типом товара Ozon, а не промежуточной категорией. Автоматическое переименование небезопасно."
01a0b475-c685-784c-bb80-726706d0ba2b,Стойки ресепшн > Стайл > Стойки прямые,Стойки прямые,Стайл,Нет,Да,Нет,Запчасти для барной стойки,Мебель > Мебельная фурнитура и комплектующие > Запчасти для барной стойки,type,,971075626,Нечёткое совпадение,76.4,Низкая,Проверить вручную,"Название встречается в KIT несколько раз. Совпадение с типом товара Ozon, а не промежуточной категорией. Автоматическое переименование небезопасно."
01a0b482-f57b-71a1-9cb7-0afd6c6c5cac,Диваны,Диваны,,Нет,Да,Нет,Диваны и кресла,Мебель > Диваны и кресла,category,80375615,,Нечёткое совпадение,83.2,Низкая,Проверить вручную,Название встречается в KIT несколько раз. Автоматическое переименование небезопасно.
01a0b485-598b-7687-8f62-eeae0fa0be47,Стойки ресепшн > Стайл > Стойки угловые,Стойки угловые,Стайл,Нет,Нет,Нет,Запчасти для барной стойки,Мебель > Мебельная фурнитура и комплектующие > Запчасти для барной стойки,type,,971075626,Нечёткое совпадение,76.4,Низкая,Проверить вручную,"Совпадение с типом товара Ozon, а не промежуточной категорией. Автоматическое переименование небезопасно."
01a0b485-7777-79ea-a6ba-667e36e8e4f4,Стойки ресепшн > Стайл > Комплектующие,Комплектующие,Стайл,Нет,Нет,Нет,Дымоходы и комплектующие,Строительство и ремонт > Дымоходы и комплектующие,category,17028719,,Нечёткое совпадение,80.9,Низкая,Проверить вручную,Автоматическое переименование небезопасно.
01a0b485-99f2-71ad-b8f7-3cff28dccd2d,Стойки ресепшн > Стайл > Декоративные элементы,Декоративные элементы,Стайл,Нет,Да,Нет,Декоративные эффекты для моделизма,"Хобби и творчество > Пазлы, модели для сборки > Декоративные эффекты для моделизма",type,,970849150,Нечёткое совпадение,76.2,Низкая,Проверить вручную,"Название встречается в KIT несколько раз. Совпадение с типом товара Ozon, а не промежуточной категорией. Автоматическое переименование небезопасно."
01a0b487-bef2-7899-b42d-6767d4b5dead,Мебель для персонала,Мебель для персонала,,Нет,Да,Нет,Мебель,Мебель,category,17027915,,Нечёткое совпадение,85.2,Низкая,Проверить вручную,Название встречается в KIT несколько раз. Автоматическое переименование небезопасно.
01a0b487-c047-78c0-b0ab-e0af08ccc830,Мебель для персонала > Оникс Вуд,Оникс Вуд,Мебель для персонала,Нет,Да,Нет,Тоник,"Продукты питания Ozon Fresh > Соки, воды, напитки Ozon Fresh > Тоник",type,,96787,Нечёткое совпадение,70.4,Низкая,Проверить вручную,"Название встречается в KIT несколько раз. Совпадение с типом товара Ozon, а не промежуточной категорией. Автоматическое переименование небезопасно."
01a0b487-c1b9-7d15-b593-c2a505fc9d1f,Мебель для персонала > Оникс Вуд > Столы операторские,Столы операторские,Оникс Вуд,Нет,Да,Нет,Столы,Мебель > Столы,category,17027918,,Нечёткое совпадение,83.2,Низкая,Проверить вручную,Название встречается в KIT несколько раз. Автоматическое переименование небезопасно.
01a0b487-c7d8-72fe-8a14-b1ba52564f47,Мебель для персонала > Оникс Вуд > Столы операторские > Эргономичные столы,Эргономичные столы,Столы операторские,Нет,Да,Нет,Столы,Мебель > Столы,category,17027918,,Нечёткое совпадение,82.6,Низкая,Проверить вручную,Название встречается в KIT несколько раз. Автоматическое переименование небезопасно.
01a0b487-e854-7d90-905d-1b981727a2a6,Мебель для персонала > Оникс Вуд > Рабочие станции,Рабочие станции,Оникс Вуд,Нет,Да,Нет,Зарядные устройства и док-станции,Электроника > Зарядные устройства и док-станции,category,17028627,,Нечёткое совпадение,76.4,Низкая,Проверить вручную,Название встречается в KIT несколько раз. Автоматическое переименование небезопасно.
01a0b487-e9c7-7cfd-af5c-a776d656ac88,Мебель для персонала > Оникс Вуд > Рабочие станции > Эргономичные раборчие станции F2F,Эргономичные раборчие станции F2F,Рабочие станции,Нет,Нет,Нет,Рыбочистка,Дом и сад > Аксессуары для приготовления пищи > Рыбочистка,type,,970799661,Нечёткое совпадение,55.4,Низкая,Проверить вручную,"Совпадение с типом товара Ozon, а не промежуточной категорией. Автоматическое переименование небезопасно."
01a0b488-1e8c-739a-bb06-54e7c9de719f,Мебель для персонала > Оникс Вуд > Приставные элементы,Приставные элементы,Оникс Вуд,Нет,Да,Нет,Рис,"Продукты питания > Макароны, крупы, мука > Рис",type,,99237,Нечёткое совпадение,79.2,Низкая,Проверить вручную,"Название встречается в KIT несколько раз. Совпадение с типом товара Ozon, а не промежуточной категорией. Автоматическое переименование небезопасно."
01a0b488-2470-7786-8859-011068a44674,Мебель для персонала > Оникс Вуд > Приставные элементы > Линейные столы-приставки,Линейные столы-приставки,Приставные элементы,Нет,Нет,Нет,Столы,Мебель > Столы,category,17027918,,Нечёткое совпадение,81.9,Низкая,Проверить вручную,Автоматическое переименование небезопасно.
01a0b488-930e-7bd7-ab97-e2346178976c,Мебель для персонала > Оникс Вуд > Приставные элементы > Столы-приставки F2F,Столы-приставки F2F,Приставные элементы,Нет,Нет,Нет,Столы,Мебель > Столы,category,17027918,,Нечёткое совпадение,81.9,Низкая,Проверить вручную,Автоматическое переименование небезопасно.
01a0b489-2afc-74b7-94c9-9d2e7e7132c7,Мебель для персонала > Оникс Вуд > Столы переговорные,Столы переговорные,Оникс Вуд,Нет,Да,Нет,Столы,Мебель > Столы,category,17027918,,Нечёткое совпадение,83.2,Низкая,Проверить вручную,Название встречается в KIT несколько раз. Автоматическое переименование небезопасно.
01a0b489-646f-7bb9-a668-6293036b0afe,Мебель для переговорных зон,Мебель для переговорных зон,,Нет,Нет,Нет,Мебель,Мебель,category,17027915,,Нечёткое совпадение,83.2,Низкая,Проверить вручную,Автоматическое переименование небезопасно.
01a0b489-6a8d-79a1-84bc-f7880689789c,Мебель для переговорных зон > Оникс Вуд,Оникс Вуд,Мебель для переговорных зон,Нет,Да,Нет,Тоник,"Продукты питания Ozon Fresh > Соки, воды, напитки Ozon Fresh > Тоник",type,,96787,Нечёткое совпадение,70.4,Низкая,Проверить вручную,"Название встречается в KIT несколько раз. Совпадение с типом товара Ozon, а не промежуточной категорией. Автоматическое переименование небезопасно."
01a0b497-15a0-782f-a81e-9f52532d84d5,Наборы мебели,Наборы мебели,,Нет,Нет,Нет,Комплект мебели для ванной,Мебель > Мебель для ванной > Комплект мебели для ванной,type,,95088,Нечёткое совпадение,77.6,Низкая,Проверить вручную,"Совпадение с типом товара Ozon, а не промежуточной категорией. Автоматическое переименование небезопасно."
01a0b4a0-a074-7d5b-a03f-3ca0c1ed5071,Журнальные столики,Журнальные столики,,Нет,Нет,Нет,Журнал,Книги > Современные печатные издания (с 2011 г.) > Журнал,type,,971445088,Нечёткое совпадение,79.2,Низкая,Проверить вручную,"Совпадение с типом товара Ozon, а не промежуточной категорией. Автоматическое переименование небезопасно."
01a0b4af-972c-7831-ae86-617e6b210aea,Мебель для персонала > Стайл,Стайл,Мебель для персонала,Нет,Да,Нет,Стайлинг для бороды,Красота и гигиена > Средства для бритья и груминг > Стайлинг для бороды,type,,970702979,Нечёткое совпадение,79.2,Низкая,Проверить вручную,"Название встречается в KIT несколько раз. Совпадение с типом товара Ozon, а не промежуточной категорией. Автоматическое переименование небезопасно."
01a0b4af-9a18-7efa-a16e-878167d787ee,Мебель для персонала > Стайл > Столы операторские,Столы операторские,Стайл,Нет,Да,Нет,Столы,Мебель > Столы,category,17027918,,Нечёткое совпадение,84.0,Низкая,Проверить вручную,Название встречается в KIT несколько раз. Автоматическое переименование небезопасно.
01a0b4af-ae38-78e7-9b69-2a04672f3ac6,Мебель для персонала > Стайл > Системы хранения,Системы хранения,Стайл,Нет,Да,Нет,Аксессуар для хранения коллекций,Антиквариат и коллекционирование > Коллекционирование > Аксессуар для хранения коллекций,type,,93830,Нечёткое совпадение,76.6,Низкая,Проверить вручную,"Название встречается в KIT несколько раз. Совпадение с типом товара Ozon, а не промежуточной категорией. Автоматическое переименование небезопасно."
01a0b4af-b125-7299-8c70-10d6f314a2c6,Мебель для персонала > Стайл > Системы хранения > Гардеробы,Гардеробы,Системы хранения,Нет,Да,Нет,Гардеробная система,Мебель > Шкафы > Гардеробная система,type,,95472,Нечёткое совпадение,75.9,Низкая,Проверить вручную,"Название встречается в KIT несколько раз. Совпадение с типом товара Ozon, а не промежуточной категорией. Автоматическое переименование небезопасно."
01a0b4b0-0937-76d3-9355-412810239873,Мебель для персонала > Стайл > Столы переговорные,Столы переговорные,Стайл,Нет,Да,Нет,Столы,Мебель > Столы,category,17027918,,Нечёткое совпадение,84.0,Низкая,Проверить вручную,Название встречается в KIT несколько раз. Автоматическое переименование небезопасно.
01a0b4ed-f362-7641-95a0-2602e26b5832,Кресла,Кресла,,Нет,Да,Нет,Диваны и кресла,Мебель > Диваны и кресла,category,80375615,,Нечёткое совпадение,83.2,Низкая,Проверить вручную,Название встречается в KIT несколько раз. Автоматическое переименование небезопасно.
01a0b552-0f43-756a-b2be-af0d7be33f4c,Мебель для персонала > Стайл > Системы хранения > Полки,Полки,Системы хранения,Нет,Да,Нет,Полки и стеллажи,Мебель > Полки и стеллажи,category,80731485,,Нечёткое совпадение,82.6,Низкая,Проверить вручную,Название встречается в KIT несколько раз. Автоматическое переименование небезопасно.
01a0b552-2090-7590-a4b1-1f3c1724dfd0,Мебель для персонала > Стайл > Аксессуары,Аксессуары,Стайл,Нет,Да,Нет,Аксессуары,Галантерея и аксессуары > Аксессуары,category,17027904,,Точное совпадение,100.0,Высокая,Оставить,Название встречается в KIT несколько раз.
01a0b553-870d-7b6c-994b-0c268e6f20c8,Детям > Школьная бумажная продукция > Дневники школьные > Дневники для младших классов,Дневники для младших классов,Дневники школьные,Нет,Нет,Нет,Сушилка для обуви,Галантерея и аксессуары > Аксессуары для одежды и обуви > Сушилка для обуви,type,,94619,Нечёткое совпадение,75.2,Низкая,Проверить вручную,"Совпадение с типом товара Ozon, а не промежуточной категорией. Автоматическое переименование небезопасно."
01a0b554-86dc-77ff-9797-efb791009d93,Мебель для персонала > Нова С,Нова С,Мебель для персонала,Нет,Нет,Нет,Транспортировка с/х птиц и яиц,Фермерское хозяйство > Транспортировка с/х птиц и яиц,category,88979258,,Нечёткое совпадение,75.2,Низкая,Проверить вручную,Автоматическое переименование небезопасно.
01a0b554-8831-73ef-8470-e92543cc5bd5,Мебель для персонала > Нова С > Системы хранения,Системы хранения,Нова С,Нет,Да,Нет,Аксессуар для хранения коллекций,Антиквариат и коллекционирование > Коллекционирование > Аксессуар для хранения коллекций,type,,93830,Нечёткое совпадение,76.6,Низкая,Проверить вручную,"Название встречается в KIT несколько раз. Совпадение с типом товара Ozon, а не промежуточной категорией. Автоматическое переименование небезопасно."
01a0b554-982c-734b-8ee2-a563f790194f,Мебель для персонала > Нова С > Системы хранения > Гардеробы,Гардеробы,Системы хранения,Нет,Да,Нет,Гардеробная система,Мебель > Шкафы > Гардеробная система,type,,95472,Нечёткое совпадение,75.9,Низкая,Проверить вручную,"Название встречается в KIT несколько раз. Совпадение с типом товара Ozon, а не промежуточной категорией. Автоматическое переименование небезопасно."
01a0b554-b933-7b93-b874-69c124e85567,Мебель для персонала > Нова С > Аксессуары,Аксессуары,Нова С,Нет,Да,Нет,Аксессуары,Галантерея и аксессуары > Аксессуары,category,17027904,,Точное совпадение,100.0,Высокая,Оставить,Название встречается в KIT несколько раз.
01a0b554-c45d-7951-b7c4-21eb632ea3e7,Мебель для персонала > Нова С > Столы операторские,Столы операторские,Нова С,Нет,Да,Нет,Столы,Мебель > Столы,category,17027918,,Нечёткое совпадение,84.0,Низкая,Проверить вручную,Название встречается в KIT несколько раз. Автоматическое переименование небезопасно.
01a0b554-c74a-7172-9507-c8bf9622a6ec,Мебель для персонала > Нова С > Столы операторские > Эргономичные столы,Эргономичные столы,Столы операторские,Нет,Да,Нет,Столы,Мебель > Столы,category,17027918,,Нечёткое совпадение,83.2,Низкая,Проверить вручную,Название встречается в KIT несколько раз. Автоматическое переименование небезопасно.
01a0b555-0e5c-78a8-a12f-ec35a527a8fb,Мебель для персонала > Нова С > Столы операторские > Столы прямые,Столы прямые,Столы операторские,Нет,Да,Нет,Столы,Мебель > Столы,category,17027918,,Нечёткое совпадение,83.2,Низкая,Проверить вручную,Название встречается в KIT несколько раз. Автоматическое переименование небезопасно.
01a0b556-d8f9-73a0-a245-7bc534d97fc9,Кабинеты руководителей,Кабинеты руководителей,,Нет,Нет,Нет,Улей,Фермерское хозяйство > Ульи и комлектующие > Улей,type,,97664,Нечёткое совпадение,67.9,Низкая,Проверить вручную,"Совпадение с типом товара Ozon, а не промежуточной категорией. Автоматическое переименование небезопасно."
01a0b556-dbeb-71e5-9845-2f048ed8c5e7,Кабинеты руководителей > Оникс Вуд Директ,Оникс Вуд Директ,Кабинеты руководителей,Нет,Да,Нет,Тоник,"Продукты питания Ozon Fresh > Соки, воды, напитки Ozon Fresh > Тоник",type,,96787,Нечёткое совпадение,70.4,Низкая,Проверить вручную,"Название встречается в KIT несколько раз. Совпадение с типом товара Ozon, а не промежуточной категорией. Автоматическое переименование небезопасно."
01a0b556-e369-7601-83cf-8004518d6fcd,Кабинеты руководителей > Оникс Вуд Директ > Брифинг-приставки,Брифинг-приставки,Оникс Вуд Директ,Нет,Да,Нет,Рис,"Продукты питания > Макароны, крупы, мука > Рис",type,,99237,Нечёткое совпадение,79.2,Низкая,Проверить вручную,"Название встречается в KIT несколько раз. Совпадение с типом товара Ozon, а не промежуточной категорией. Автоматическое переименование небезопасно."
01a0b557-1e57-773b-a1e5-9f180ba561da,Кабинеты руководителей > Оникс Вуд Директ > Столы переговорные,Столы переговорные,Оникс Вуд Директ,Нет,Да,Нет,Столы,Мебель > Столы,category,17027918,,Нечёткое совпадение,80.7,Низкая,Проверить вручную,Название встречается в KIT несколько раз. Автоматическое переименование небезопасно.
01a0b557-2f63-7bdb-b87b-ce27a5d61c09,Мебель для переговорных зон > Оникс Вуд Директ,Оникс Вуд Директ,Мебель для переговорных зон,Нет,Да,Нет,Тоник,"Продукты питания Ozon Fresh > Соки, воды, напитки Ozon Fresh > Тоник",type,,96787,Нечёткое совпадение,70.4,Низкая,Проверить вручную,"Название встречается в KIT несколько раз. Совпадение с типом товара Ozon, а не промежуточной категорией. Автоматическое переименование небезопасно."
01a0b557-44c5-7790-ab02-445c04368c4d,Кабинеты руководителей > Оникс Вуд Директ > Столы руководителя,Столы руководителя,Оникс Вуд Директ,Нет,Да,Нет,Столы,Мебель > Столы,category,17027918,,Нечёткое совпадение,80.7,Низкая,Проверить вручную,Название встречается в KIT несколько раз. Автоматическое переименование небезопасно.
01a0b566-ab81-75ab-9f10-02dfdd973360,Мебель для персонала > Нова С > Тумбы,Тумбы,Нова С,Нет,Да,Нет,Комоды и тумбы,Мебель > Комоды и тумбы,category,80711064,,Нечёткое совпадение,84.0,Низкая,Проверить вручную,Название встречается в KIT несколько раз. Автоматическое переименование небезопасно.
01a0b566-d77a-753f-8d92-b38b08fcc49c,Мебель для персонала > Слим Систем,Слим Систем,Мебель для персонала,Нет,Нет,Нет,Тестер для систем видеонаблюдения,Электроника > Видеонаблюдение > Тестер для систем видеонаблюдения,type,,971039967,Нечёткое совпадение,76.7,Низкая,Проверить вручную,"Совпадение с типом товара Ozon, а не промежуточной категорией. Автоматическое переименование небезопасно."
01a0b566-da69-71ac-ade5-c4e37df8f748,Мебель для персонала > Слим Систем > Царги,Царги,Слим Систем,Нет,Да,Нет,Ламинатор бумаги,Электроника > Полиграфическое оборудование > Ламинатор бумаги,type,,91558,Нечёткое совпадение,59.4,Низкая,Проверить вручную,"Название встречается в KIT несколько раз. Совпадение с типом товара Ozon, а не промежуточной категорией. Автоматическое переименование небезопасно."
01a0b567-4a6b-7483-8ae6-99fe0fc164f3,Мебель для персонала > Слим Систем > Экраны,Экраны,Слим Систем,Нет,Да,Нет,Экран для радиатора,"Строительство и ремонт > Радиаторы, конвекторы > Экран для радиатора",type,,970806801,Нечёткое совпадение,72.0,Низкая,Проверить вручную,"Название встречается в KIT несколько раз. Совпадение с типом товара Ozon, а не промежуточной категорией. Автоматическое переименование небезопасно."
01a0b567-4d5b-7396-9a4c-25c20255a037,Мебель для персонала > Слим Систем > Экраны > Экраны ЛДСП,Экраны ЛДСП,Экраны,Нет,Нет,Нет,ДСП,Строительство и ремонт > Древесно-плитные материалы > ДСП,type,,970853824,Нечёткое совпадение,79.2,Низкая,Проверить вручную,"Совпадение с типом товара Ozon, а не промежуточной категорией. Автоматическое переименование небезопасно."
01a0b56a-5578-72ca-9061-0d2548ca912d,Кабинеты руководителей > Ялта,Ялта,Кабинеты руководителей,Нет,Да,Нет,"Подушки, одеяла","Дом и сад > Подушки, одеяла",category,17028729,,Нечёткое совпадение,67.9,Низкая,Проверить вручную,Название встречается в KIT несколько раз. Автоматическое переименование небезопасно.
01a0b56a-5642-7577-ba13-86097f1ddbfa,Кабинеты руководителей > Ялта > Системы хранения,Системы хранения,Ялта,Нет,Да,Нет,Аксессуар для хранения коллекций,Антиквариат и коллекционирование > Коллекционирование > Аксессуар для хранения коллекций,type,,93830,Нечёткое совпадение,76.6,Низкая,Проверить вручную,"Название встречается в KIT несколько раз. Совпадение с типом товара Ozon, а не промежуточной категорией. Автоматическое переименование небезопасно."
01a0b56a-5dc3-723b-8fba-434cdc8bb18c,Кабинеты руководителей > Ялта > Системы хранения > Шкафы высокие,Шкафы высокие,Системы хранения,Нет,Да,Нет,Шкафы,Мебель > Шкафы,category,17027919,,Нечёткое совпадение,80.7,Низкая,Проверить вручную,Название встречается в KIT несколько раз. Автоматическое переименование небезопасно.
01a0b56b-5c60-7a6d-8ef7-329528f77661,Мебель для персонала > Оникс,Оникс,Мебель для персонала,Нет,Да,Нет,Тоник,"Продукты питания Ozon Fresh > Соки, воды, напитки Ozon Fresh > Тоник",type,,96787,Нечёткое совпадение,70.4,Низкая,Проверить вручную,"Название встречается в KIT несколько раз. Совпадение с типом товара Ozon, а не промежуточной категорией. Автоматическое переименование небезопасно."
01a0b56b-5d27-766f-861a-4092c3b86511,Мебель для персонала > Оникс > Рабочие станции,Рабочие станции,Оникс,Нет,Да,Нет,Зарядные устройства и док-станции,Электроника > Зарядные устройства и док-станции,category,17028627,,Нечёткое совпадение,76.6,Низкая,Проверить вручную,Название встречается в KIT несколько раз. Автоматическое переименование небезопасно.
01a0b56b-6018-713f-8a63-eb577131b352,Мебель для персонала > Оникс > Рабочие станции > Линейные рабочие станции на ЛДСП опорах,Линейные рабочие станции на ЛДСП опорах,Рабочие станции,Нет,Нет,Нет,Накладки на ладони,Спорт и отдых > Экипировка и защита > Накладки на ладони,type,,970680398,Нечёткое совпадение,75.2,Низкая,Проверить вручную,"Совпадение с типом товара Ozon, а не промежуточной категорией. Автоматическое переименование небезопасно."
01a0b56b-e610-733c-938f-00f289d316a4,Мебель для персонала > Оникс > Рабочие станции > Прямые рабочие станции F2F на ЛДСП опорах,Прямые рабочие станции F2F на ЛДСП опорах,Рабочие станции,Нет,Нет,Нет,Накладки на ладони,Спорт и отдых > Экипировка и защита > Накладки на ладони,type,,970680398,Нечёткое совпадение,75.2,Низкая,Проверить вручную,"Совпадение с типом товара Ozon, а не промежуточной категорией. Автоматическое переименование небезопасно."
01a0b56b-fe66-7cc1-baca-63b0b3aba82f,Стойки ресепшн > Оникс,Оникс,Стойки ресепшн,Нет,Да,Нет,Тоник,"Продукты питания Ozon Fresh > Соки, воды, напитки Ozon Fresh > Тоник",type,,96787,Нечёткое совпадение,70.4,Низкая,Проверить вручную,"Название встречается в KIT несколько раз. Совпадение с типом товара Ozon, а не промежуточной категорией. Автоматическое переименование небезопасно."
01a0b56c-03ca-7030-9be2-f6c367436a23,Стойки ресепшн > Оникс > Модули,Модули,Оникс,Нет,Нет,Нет,Электронные компоненты и модули,Электроника > Электронные компоненты и модули,category,42872319,,Нечёткое совпадение,80.9,Низкая,Проверить вручную,Автоматическое переименование небезопасно.
01a0b56c-0517-7ba3-9093-da1a9c2977eb,Стойки ресепшн > Оникс > Модули > Модули прямые,Модули прямые,Модули,Нет,Нет,Нет,Электронные компоненты и модули,Электроника > Электронные компоненты и модули,category,42872319,,Нечёткое совпадение,76.7,Низкая,Проверить вручную,Автоматическое переименование небезопасно.
01a0b579-ce1b-72d0-9d20-8dfd3f09dcf4,Мебель для персонала > Рива,Рива,Мебель для персонала,Нет,Да,Нет,Обезжириватель для ногтей,Красота и гигиена > Декоративная косметика > Обезжириватель для ногтей,type,,970681973,Нечёткое совпадение,79.2,Низкая,Проверить вручную,"Название встречается в KIT несколько раз. Совпадение с типом товара Ozon, а не промежуточной категорией. Автоматическое переименование небезопасно."
01a0b579-d108-7513-ae67-5b8f78c0ee96,Мебель для персонала > Рива > Тумбы,Тумбы,Рива,Нет,Да,Нет,Комоды и тумбы,Мебель > Комоды и тумбы,category,80711064,,Нечёткое совпадение,84.0,Низкая,Проверить вручную,Название встречается в KIT несколько раз. Автоматическое переименование небезопасно.
01a0b57a-2a59-7e4b-8229-6ba9ebef0d9c,Стойки ресепшн > Оникс > Декоративные элементы,Декоративные элементы,Оникс,Нет,Да,Нет,Декоративные эффекты для моделизма,"Хобби и творчество > Пазлы, модели для сборки > Декоративные эффекты для моделизма",type,,970849150,Нечёткое совпадение,76.2,Низкая,Проверить вручную,"Название встречается в KIT несколько раз. Совпадение с типом товара Ozon, а не промежуточной категорией. Автоматическое переименование небезопасно."
01a0b57b-011c-7078-b712-38dba5eb1b00,Стойки ресепшн > Оникс > Модули > Модули угловые,Модули угловые,Модули,Нет,Нет,Нет,Электронные компоненты и модули,Электроника > Электронные компоненты и модули,category,42872319,,Нечёткое совпадение,76.7,Низкая,Проверить вручную,Автоматическое переименование небезопасно.
01a0b57b-5215-7668-b697-392a02692050,Стойки ресепшн > Оникс > Тумбы,Тумбы,Оникс,Нет,Да,Нет,Комоды и тумбы,Мебель > Комоды и тумбы,category,80711064,,Нечёткое совпадение,81.2,Низкая,Проверить вручную,Название встречается в KIT несколько раз. Автоматическое переименование небезопасно.
01a0b57f-aef4-7492-b871-875fa4fac4c9,"Детям > Рюкзаки, ранцы, сумки, пеналы","Рюкзаки, ранцы, сумки, пеналы",Детям,Нет,Нет,Нет,Пенал,Канцелярские товары > Пенал > Пенал,type,,94105,Нечёткое совпадение,79.2,Низкая,Проверить вручную,"Совпадение с типом товара Ozon, а не промежуточной категорией. Автоматическое переименование небезопасно."
01a0b57f-bd2d-764d-b37f-84e044ba4538,"Детям > Рюкзаки, ранцы, сумки, пеналы > Пеналы школьные",Пеналы школьные,"Рюкзаки, ранцы, сумки, пеналы",Нет,Нет,Нет,Пенал,Канцелярские товары > Пенал > Пенал,type,,94105,Нечёткое совпадение,79.2,Низкая,Проверить вручную,"Совпадение с типом товара Ozon, а не промежуточной категорией. Автоматическое переименование небезопасно."
01a0b57f-c2c6-7adc-8a68-3b72ff0f6b4f,"Детям > Рюкзаки, ранцы, сумки, пеналы > Пеналы школьные > Пеналы школьные пластиковые",Пеналы школьные пластиковые,Пеналы школьные,Нет,Нет,Нет,Стик,Красота и гигиена > Косметика для ухода > Стик,type,,93912,Нечёткое совпадение,79.2,Низкая,Проверить вручную,"Совпадение с типом товара Ozon, а не промежуточной категорией. Автоматическое переименование небезопасно."
01a0b582-98fd-74c0-940b-c7f1673711de,Мебель для персонала > Стайл > Системы хранения > Шкафы низкие,Шкафы низкие,Системы хранения,Нет,Да,Нет,Шкафы,Мебель > Шкафы,category,17027919,,Нечёткое совпадение,82.6,Низкая,Проверить вручную,Название встречается в KIT несколько раз. Автоматическое переименование небезопасно.
01a0b5c4-dcbf-7a57-b393-3c0281d5ff78,Бумага,Бумага,,Нет,Нет,Нет,Бумага,Канцелярские товары > Бумага,category,17029017,,Точное совпадение,100.0,Высокая,Оставить,
01a0b5c4-ddd3-7e7d-a7ee-982914f4ba6d,Бумага > Бумага для офисной техники,Бумага для офисной техники,Бумага,Нет,Да,Нет,Бумага,Канцелярские товары > Бумага,category,17029017,,Нечёткое совпадение,81.6,Низкая,Проверить вручную,Название встречается в KIT несколько раз. Автоматическое переименование небезопасно.
01a0b5c4-e3af-7a4e-994f-b40fef68bedd,Бумага > Бумага для офисной техники > Бумага писчая,Бумага писчая,Бумага для офисной техники,Нет,Нет,Нет,Бумага,Канцелярские товары > Бумага,category,17029017,,Нечёткое совпадение,81.2,Низкая,Проверить вручную,Автоматическое переименование небезопасно.
01a0b5c5-42eb-7a43-b4f4-f04d9b317e91,Офис,Офис,,Нет,Нет,Нет,Офисная техника,Электроника > Офисная техника,category,88780434,,Нечёткое совпадение,79.2,Низкая,Проверить вручную,Автоматическое переименование небезопасно.
01a0b5c5-4890-754b-bde5-f60e453057c8,Офис > Бумага для офисной техники,Бумага для офисной техники,Офис,Нет,Да,Нет,Бумага,Канцелярские товары > Бумага,category,17029017,,Нечёткое совпадение,81.2,Низкая,Проверить вручную,Название встречается в KIT несколько раз. Автоматическое переименование небезопасно.
01a0b5c5-49b5-75ff-85c0-f9738a93f80a,Офис > Бумага для офисной техники > Бумага перфорированная,Бумага перфорированная,Бумага для офисной техники,Нет,Нет,Нет,Бумага,Канцелярские товары > Бумага,category,17029017,,Нечёткое совпадение,80.9,Низкая,Проверить вручную,Автоматическое переименование небезопасно.
01a0b5c6-3f44-7b9a-a668-0d75598eb11d,"Бумага > Бумага для офисной техники > Бумага белая марок А, В, С","Бумага белая марок А, В, С",Бумага для офисной техники,Нет,Нет,Нет,Бумага,Канцелярские товары > Бумага,category,17029017,,Нечёткое совпадение,80.9,Низкая,Проверить вручную,Автоматическое переименование небезопасно.
01a0b5c9-8dd2-77f1-846c-59cf87a7e3a8,Офис > Бумага для офисной техники > Рулоны для факсов,Рулоны для факсов,Бумага для офисной техники,Нет,Нет,Нет,Аксессуар для хранения коллекций,Антиквариат и коллекционирование > Коллекционирование > Аксессуар для хранения коллекций,type,,93830,Нечёткое совпадение,75.2,Низкая,Проверить вручную,"Совпадение с типом товара Ozon, а не промежуточной категорией. Автоматическое переименование небезопасно."
01a0b5ca-35e2-7b4a-9375-28f44bfc5253,Офис > Бумага для офисной техники > Бумага для широкоформатной печати,Бумага для широкоформатной печати,Бумага для офисной техники,Нет,Нет,Нет,Бумага,Канцелярские товары > Бумага,category,17029017,,Нечёткое совпадение,80.7,Низкая,Проверить вручную,Автоматическое переименование небезопасно.
01a0b5cd-570c-7c66-b2a8-0411b64c790f,"Офис > Рулоны для кассовых аппаратов, терминалов, банкоматов и тахографов","Рулоны для кассовых аппаратов, терминалов, банкоматов и тахографов",Офис,Нет,Нет,Нет,Шапочка для сна,Галантерея и аксессуары > Аксессуары для волос > Шапочка для сна,type,,970682680,Нечёткое совпадение,75.2,Низкая,Проверить вручную,"Совпадение с типом товара Ozon, а не промежуточной категорией. Автоматическое переименование небезопасно."
01a0b5cd-57cd-723f-afd2-c69912608fe6,"Офис > Рулоны для кассовых аппаратов, терминалов, банкоматов и тахографов > Рулоны для кассовых аппаратов из офсета",Рулоны для кассовых аппаратов из офсета,"Рулоны для кассовых аппаратов, терминалов, банкоматов и тахографов",Нет,Нет,Нет,Заколка для волос,Галантерея и аксессуары > Аксессуары для волос > Заколка для волос,type,,97576,Нечёткое совпадение,75.2,Низкая,Проверить вручную,"Совпадение с типом товара Ozon, а не промежуточной категорией. Автоматическое переименование небезопасно."
01a0b5cd-b7b7-7827-9bf0-80c80be8c7cd,"Офис > Рулоны для кассовых аппаратов, терминалов, банкоматов и тахографов > Рулоны для кассовых аппаратов из термобумаги",Рулоны для кассовых аппаратов из термобумаги,"Рулоны для кассовых аппаратов, терминалов, банкоматов и тахографов",Нет,Нет,Нет,Шпильки для волос,Галантерея и аксессуары > Аксессуары для волос > Шпильки для волос,type,,97580,Нечёткое совпадение,75.2,Низкая,Проверить вручную,"Совпадение с типом товара Ozon, а не промежуточной категорией. Автоматическое переименование небезопасно."
01a0b5ce-08f9-79be-8bf3-9053eb9d57c7,Офис > Бумага для офисной техники > Рулоны для принтера,Рулоны для принтера,Бумага для офисной техники,Нет,Нет,Нет,Принтер,"Электроника > Принтеры, сканеры и МФУ > Принтер",type,,91516,Нечёткое совпадение,79.2,Низкая,Проверить вручную,"Совпадение с типом товара Ozon, а не промежуточной категорией. Автоматическое переименование небезопасно."
01a0b5d4-d5c4-7ea6-957b-61d6782289b5,Офис > Бумага для офисной техники > Бумага с магнитным слоем,Бумага с магнитным слоем,Бумага для офисной техники,Нет,Нет,Нет,Бумага,Канцелярские товары > Бумага,category,17029017,,Нечёткое совпадение,80.7,Низкая,Проверить вручную,Автоматическое переименование небезопасно.
01a0b5d5-2b53-7af6-a79b-3b13feaf158f,Офис > Бумага для офисной техники > Бумага для переноса изображения на ткань,Бумага для переноса изображения на ткань,Бумага для офисной техники,Нет,Нет,Нет,Бумага,Канцелярские товары > Бумага,category,17029017,,Нечёткое совпадение,80.5,Низкая,Проверить вручную,Автоматическое переименование небезопасно.
01a0b5d6-5c29-747c-b9fd-0e748d78559c,"Офис > Рулоны для кассовых аппаратов, терминалов, банкоматов и тахографов > Рулоны для терминалов и банкоматов из термобумаги",Рулоны для терминалов и банкоматов из термобумаги,"Рулоны для кассовых аппаратов, терминалов, банкоматов и тахографов",Нет,Нет,Нет,Шапочка для сна,Галантерея и аксессуары > Аксессуары для волос > Шапочка для сна,type,,970682680,Нечёткое совпадение,75.2,Низкая,Проверить вручную,"Совпадение с типом товара Ozon, а не промежуточной категорией. Автоматическое переименование небезопасно."
01a0b5db-b67e-745b-b9ce-4169c522e399,"Офис > Рулоны для кассовых аппаратов, терминалов, банкоматов и тахографов > Рулоны для тахографов",Рулоны для тахографов,"Рулоны для кассовых аппаратов, терминалов, банкоматов и тахографов",Нет,Нет,Нет,Сумка для художественных принадлежностей,"Хобби и творчество > Сумки, органайзеры для творчества > Сумка для художественных принадлежностей",type,,970842657,Нечёткое совпадение,75.2,Низкая,Проверить вручную,"Совпадение с типом товара Ozon, а не промежуточной категорией. Автоматическое переименование небезопасно."
01a0b5de-78d4-7b78-8796-6086bb72ee7f,Бумага > Бумага для офисной техники > Бумага цветная форматная,Бумага цветная форматная,Бумага для офисной техники,Нет,Нет,Нет,Бумага цветная,Канцелярские товары > Бумага > Бумага цветная,type,,91406,Нечёткое совпадение,82.6,Низкая,Проверить вручную,"Совпадение с типом товара Ozon, а не промежуточной категорией. Автоматическое переименование небезопасно."
01a0b5e0-e1b2-7b30-864c-0709adc88158,Офис > Папки и системы архивации,Папки и системы архивации,Офис,Нет,Нет,Нет,Обогрев и вентиляция для с/х животных и птиц,Фермерское хозяйство > Обогрев и вентиляция для с/х животных и птиц,category,88979257,,Нечёткое совпадение,75.2,Низкая,Проверить вручную,Автоматическое переименование небезопасно.
01a0b5e0-e30d-7d91-b1e7-a16dd46b1257,Офис > Папки и системы архивации > Папки и скоросшиватели картонные,Папки и скоросшиватели картонные,Папки и системы архивации,Нет,Нет,Нет,Картон,Канцелярские товары > Бумага > Картон,type,,91410,Нечёткое совпадение,79.2,Низкая,Проверить вручную,"Совпадение с типом товара Ozon, а не промежуточной категорией. Автоматическое переименование небезопасно."
01a0b5e0-e8a1-7e8a-85e0-a7fad31476d5,Офис > Папки и системы архивации > Папки и скоросшиватели картонные > Скоросшиватели картонные,Скоросшиватели картонные,Папки и скоросшиватели картонные,Нет,Нет,Нет,Картон,Канцелярские товары > Бумага > Картон,type,,91410,Нечёткое совпадение,79.2,Низкая,Проверить вручную,"Совпадение с типом товара Ozon, а не промежуточной категорией. Автоматическое переименование небезопасно."
01a0b5e1-686e-73e8-b0be-95e3a628f3ab,Офис > Папки и системы архивации > Папки и скоросшиватели картонные > Папки картонные с завязками,Папки картонные с завязками,Папки и скоросшиватели картонные,Нет,Нет,Нет,Картон,Канцелярские товары > Бумага > Картон,type,,91410,Нечёткое совпадение,79.2,Низкая,Проверить вручную,"Совпадение с типом товара Ozon, а не промежуточной категорией. Автоматическое переименование небезопасно."
01a0b5e2-97b8-772f-a058-0dbd9bc50bc8,"Офис > Папки и системы архивации > Папки и скоросшиватели картонные > Папки ""Дело"" без скоросшивателя","Папки ""Дело"" без скоросшивателя",Папки и скоросшиватели картонные,Нет,Нет,Нет,Папки и файлы,Канцелярские товары > Папки и файлы,category,17029023,,Нечёткое совпадение,76.3,Низкая,Проверить вручную,Автоматическое переименование небезопасно.
01a0b5e3-ac76-7805-bf37-298d9031e715,Офис > Папки и системы архивации > Короба и архивные системы картонные,Короба и архивные системы картонные,Папки и системы архивации,Нет,Нет,Нет,Картон,Канцелярские товары > Бумага > Картон,type,,91410,Нечёткое совпадение,79.2,Низкая,Проверить вручную,"Совпадение с типом товара Ozon, а не промежуточной категорией. Автоматическое переименование небезопасно."
01a0b5e3-b1e1-7459-96a4-e85bc932feb2,Офис > Папки и системы архивации > Короба и архивные системы картонные > Короба архивные,Короба архивные,Короба и архивные системы картонные,Нет,Нет,Нет,Короб архивный,Канцелярские товары > Папки и файлы > Короб архивный,type,,97614,Нечёткое совпадение,79.9,Низкая,Проверить вручную,"Совпадение с типом товара Ozon, а не промежуточной категорией. Автоматическое переименование небезопасно."
01a0b5e4-1c5d-7241-86b9-dbeddb25f368,Школа > Принадлежности для черчения > Бумага для чертежных и копировальных работ,Бумага для чертежных и копировальных работ,Принадлежности для черчения,Нет,Да,Нет,Бумага,Канцелярские товары > Бумага,category,17029017,,Нечёткое совпадение,80.5,Низкая,Проверить вручную,Название встречается в KIT несколько раз. Автоматическое переименование небезопасно.
01a0b5e4-21b0-7815-b180-8e51fe821a58,Школа > Принадлежности для черчения > Бумага для чертежных и копировальных работ > Ватман,Ватман,Бумага для чертежных и копировальных работ,Нет,Нет,Нет,Вата,Аптека > Медицинские расходные материалы > Вата,type,,94568,Нечёткое совпадение,70.4,Низкая,Проверить вручную,"Совпадение с типом товара Ozon, а не промежуточной категорией. Автоматическое переименование небезопасно."
01a0b5e6-5ced-74c0-9c19-5a0296f10ced,Бумага > Школьная бумажная продукция,Школьная бумажная продукция,Бумага,Нет,Да,Нет,Бумажная продукция,Канцелярские товары > Бумажная продукция,category,17029018,,Нечёткое совпадение,83.2,Низкая,Проверить вручную,Название встречается в KIT несколько раз. Автоматическое переименование небезопасно.
01a0b5e6-5e09-7122-83c6-07ed1f4e9b40,"Бумага > Школьная бумажная продукция > Альбомы, папки для рисования и черчения","Альбомы, папки для рисования и черчения",Школьная бумажная продукция,Нет,Нет,Нет,Альбом,Канцелярские товары > Бумажная продукция > Альбом,type,,91396,Нечёткое совпадение,81.4,Низкая,Проверить вручную,"Совпадение с типом товара Ozon, а не промежуточной категорией. Автоматическое переименование небезопасно."
01a0b5e6-63be-76a9-b516-ee7579dcf492,"Бумага > Школьная бумажная продукция > Альбомы, папки для рисования и черчения > Альбомы, скетчбуки и бумага для графики и эскизов","Альбомы, скетчбуки и бумага для графики и эскизов","Альбомы, папки для рисования и черчения",Нет,Нет,Нет,Скетчбук,Канцелярские товары > Бумажная продукция > Скетчбук,type,,96168,Нечёткое совпадение,80.9,Низкая,Проверить вручную,"Совпадение с типом товара Ozon, а не промежуточной категорией. Автоматическое переименование небезопасно."
01a0b5e6-9f49-7524-9fe8-41db472742d5,"Офис > Блокноты, записные книжки и тетради","Блокноты, записные книжки и тетради",Офис,Нет,Нет,Нет,Блокнот,Канцелярские товары > Бумажная продукция > Блокнот,type,,94091,Нечёткое совпадение,79.2,Низкая,Проверить вручную,"Совпадение с типом товара Ozon, а не промежуточной категорией. Автоматическое переименование небезопасно."
01a0b5e6-a4d2-7e69-96de-b1712b4203da,"Офис > Блокноты, записные книжки и тетради > Блокноты",Блокноты,"Блокноты, записные книжки и тетради",Нет,Да,Нет,Блокнот,Канцелярские товары > Бумажная продукция > Блокнот,type,,94091,Нечёткое совпадение,82.1,Низкая,Проверить вручную,"Название встречается в KIT несколько раз. Совпадение с типом товара Ozon, а не промежуточной категорией. Автоматическое переименование небезопасно."
01a0b5e6-aa85-78d9-ab0e-3150b11ea0e9,"Офис > Блокноты, записные книжки и тетради > Блокноты > Бизнес-блокноты и бизнес-тетради",Бизнес-блокноты и бизнес-тетради,Блокноты,Нет,Нет,Нет,Окно,Строительство и ремонт > Окна и комплектующие к окнам > Окно,type,,970726501,Нечёткое совпадение,79.2,Низкая,Проверить вручную,"Совпадение с типом товара Ozon, а не промежуточной категорией. Автоматическое переименование небезопасно."
01a0b5eb-8c4b-716b-8093-1809a2113595,Офис > Папки и системы архивации > Папки и скоросшиватели картонные > Папки архивные для переплета,Папки архивные для переплета,Папки и скоросшиватели картонные,Нет,Нет,Нет,Сушилка для обуви,Галантерея и аксессуары > Аксессуары для одежды и обуви > Сушилка для обуви,type,,94619,Нечёткое совпадение,75.2,Низкая,Проверить вручную,"Совпадение с типом товара Ozon, а не промежуточной категорией. Автоматическое переименование небезопасно."
01a0b5ec-0511-765b-90da-dde8e33d00a5,Дом и сад > Ванная и туалет,Ванная и туалет,Дом и сад,Нет,Нет,Нет,Ванна,Строительство и ремонт > Санфаянс и ванны > Ванна,type,,94749,Нечёткое совпадение,79.2,Низкая,Проверить вручную,"Совпадение с типом товара Ozon, а не промежуточной категорией. Автоматическое переименование небезопасно."
01a0b5ec-0660-72fd-bbe5-6b985580f505,Дом и сад > Ванная и туалет > Средства личной гигиены,Средства личной гигиены,Ванная и туалет,Нет,Нет,Нет,Кухонный диспенсер для моющего средства,Дом и сад > Инвентарь для уборки > Кухонный диспенсер для моющего средства,type,,971220928,Нечёткое совпадение,78.2,Низкая,Проверить вручную,"Совпадение с типом товара Ozon, а не промежуточной категорией. Автоматическое переименование небезопасно."
01a0b5ec-0be4-7ba5-ad20-b5225a39a9d7,Дом и сад > Ванная и туалет > Средства личной гигиены > Ватные палочки и диски,Ватные палочки и диски,Средства личной гигиены,Нет,Нет,Нет,Ватные палочки,Красота и гигиена > Ватно-бумажная продукция > Ватные палочки,type,,93458,Нечёткое совпадение,80.8,Низкая,Проверить вручную,"Совпадение с типом товара Ozon, а не промежуточной категорией. Автоматическое переименование небезопасно."
01a0b5ee-546d-784e-b950-c55ffe0337c9,Бумага > Книги бухгалтерские и журналы регистрации,Книги бухгалтерские и журналы регистрации,Бумага,Нет,Нет,Нет,Журнал,Книги > Современные печатные издания (с 2011 г.) > Журнал,type,,971445088,Нечёткое совпадение,80.4,Низкая,Проверить вручную,"Совпадение с типом товара Ozon, а не промежуточной категорией. Автоматическое переименование небезопасно."
01a0b5ee-59d3-7622-b7cc-0f2da79b97bc,Бумага > Книги бухгалтерские и журналы регистрации > Журналы регистрации,Журналы регистрации,Книги бухгалтерские и журналы регистрации,Нет,Нет,Нет,Журнал,Книги > Современные печатные издания (с 2011 г.) > Журнал,type,,971445088,Нечёткое совпадение,80.4,Низкая,Проверить вручную,"Совпадение с типом товара Ozon, а не промежуточной категорией. Автоматическое переименование небезопасно."
01a0b5ee-e1af-7906-a8cd-50310d2b2459,"Офис > Блокноты, записные книжки и тетради > Блокноты > Блокноты",Блокноты,Блокноты,Нет,Да,Нет,Блокнот,Канцелярские товары > Бумажная продукция > Блокнот,type,,94091,Нечёткое совпадение,82.1,Низкая,Проверить вручную,"Название встречается в KIT несколько раз. Совпадение с типом товара Ozon, а не промежуточной категорией. Автоматическое переименование небезопасно."
01a0b5f1-3aea-70db-b836-31389f99412d,Хобби и творчество > Товары для скрапбукинга,Товары для скрапбукинга,Хобби и творчество,Нет,Нет,Нет,Доска для лепки,Хобби и творчество > Гончарное дело > Доска для лепки,type,,99415,Нечёткое совпадение,78.2,Низкая,Проверить вручную,"Совпадение с типом товара Ozon, а не промежуточной категорией. Автоматическое переименование небезопасно."
01a0b5f1-3bc2-736a-a415-2bc3a4c2eb0b,Хобби и творчество > Товары для скрапбукинга > Бумага и картон в наборах,Бумага и картон в наборах,Товары для скрапбукинга,Нет,Нет,Нет,Картон,Канцелярские товары > Бумага > Картон,type,,91410,Нечёткое совпадение,83.7,Низкая,Проверить вручную,"Совпадение с типом товара Ozon, а не промежуточной категорией. Автоматическое переименование небезопасно."
01a0b5f1-3ccc-7428-823d-e69001e35f98,Хобби и творчество > Товары для скрапбукинга > Бумага и картон в наборах > Картон белый в наборах,Картон белый в наборах,Бумага и картон в наборах,Нет,Нет,Нет,Картон,Канцелярские товары > Бумага > Картон,type,,91410,Нечёткое совпадение,83.2,Низкая,Проверить вручную,"Совпадение с типом товара Ozon, а не промежуточной категорией. Автоматическое переименование небезопасно."
01a0b5f2-8346-78da-936f-602a73309af5,Хобби и творчество > Товары для скрапбукинга > Бумага и картон в наборах > Картон цветной в наборах,Картон цветной в наборах,Бумага и картон в наборах,Нет,Нет,Нет,Картон,Канцелярские товары > Бумага > Картон,type,,91410,Нечёткое совпадение,83.2,Низкая,Проверить вручную,"Совпадение с типом товара Ozon, а не промежуточной категорией. Автоматическое переименование небезопасно."
01a0b5f4-ed28-7e2d-8914-7b070825aa48,Хобби и творчество > Товары для скрапбукинга > Бумага и картон в наборах > Наборы цветной бумаги и картона,Наборы цветной бумаги и картона,Бумага и картон в наборах,Нет,Нет,Нет,Картон,Канцелярские товары > Бумага > Картон,type,,91410,Нечёткое совпадение,82.2,Низкая,Проверить вручную,"Совпадение с типом товара Ozon, а не промежуточной категорией. Автоматическое переименование небезопасно."
01a0b5f5-3e87-72fd-9316-6085da8eb49f,Хобби и творчество > Товары для скрапбукинга > Бумага и картон в наборах > Бумага цветная в наборах,Бумага цветная в наборах,Бумага и картон в наборах,Нет,Нет,Нет,Бумага цветная,Канцелярские товары > Бумага > Бумага цветная,type,,91406,Нечёткое совпадение,83.2,Низкая,Проверить вручную,"Совпадение с типом товара Ozon, а не промежуточной категорией. Автоматическое переименование небезопасно."
01a0b5f6-c56d-7b4b-8db5-6687b48520de,Хозтовары > Гигиенические товары,Гигиенические товары,Хозтовары,Нет,Да,Нет,Товары для курения и аксессуары,Товары для курения и аксессуары,category,200001506,,Нечёткое совпадение,77.6,Низкая,Проверить вручную,Название встречается в KIT несколько раз. Автоматическое переименование небезопасно.
01a0b5f6-c6cc-7588-a684-ed656c94a991,Хозтовары > Гигиенические товары > Салфетки влажные и косметические,Салфетки влажные и косметические,Гигиенические товары,Нет,Нет,Нет,Лыжи и сноуборды,Спорт и отдых > Лыжи и сноуборды,category,17029004,,Нечёткое совпадение,75.2,Низкая,Проверить вручную,Автоматическое переименование небезопасно.
01a0b5f6-cc2c-7105-a10e-42d5d34748bc,Хозтовары > Гигиенические товары > Салфетки влажные и косметические > Салфетки косметические,Салфетки косметические,Салфетки влажные и косметические,Нет,Нет,Нет,Кисти косметические,Красота и гигиена > Кисти косметические,category,78032222,,Нечёткое совпадение,74.3,Низкая,Проверить вручную,Автоматическое переименование небезопасно.
01a0b5f7-6353-71c1-a33d-1ce792d1b465,Для туалетных комнат,Для туалетных комнат,,Нет,Нет,Нет,"Сумки, органайзеры для творчества","Хобби и творчество > Сумки, органайзеры для творчества",category,88577267,,Нечёткое совпадение,75.2,Низкая,Проверить вручную,Автоматическое переименование небезопасно.
01a0b5f7-6466-73e9-b4fb-0eec933fa633,Для туалетных комнат > Расходные гигиенические средства,Расходные гигиенические средства,Для туалетных комнат,Нет,Нет,Нет,Чистящие средства и расходные материалы для электроники,Электроника > Чистящие средства и расходные материалы для электроники,category,17028936,,Нечёткое совпадение,77.9,Низкая,Проверить вручную,Автоматическое переименование небезопасно.
01a0b5f7-655f-7046-be7d-4a547adeac7a,Для туалетных комнат > Расходные гигиенические средства > Туалетная бумага профессиональная,Туалетная бумага профессиональная,Расходные гигиенические средства,Нет,Нет,Нет,Туалетная бумага,Красота и гигиена > Товары личной гигиены > Туалетная бумага,type,,93507,Нечёткое совпадение,81.0,Низкая,Проверить вручную,"Совпадение с типом товара Ozon, а не промежуточной категорией. Автоматическое переименование небезопасно."
01a0b5f7-d6e7-77ed-9feb-856dda45f2a2,Хозтовары > Гигиенические товары > Полотенца бумажные,Полотенца бумажные,Гигиенические товары,Нет,Нет,Нет,Бумажные полотенца,Красота и гигиена > Ватно-бумажная продукция > Бумажные полотенца,type,,93456,Нечёткое совпадение,86.0,Низкая,Проверить вручную,"Совпадение с типом товара Ozon, а не промежуточной категорией. Автоматическое переименование небезопасно."
01a0b5f7-d7c6-7352-b723-6db66df06d0f,Хозтовары > Гигиенические товары > Полотенца бумажные > Полотенца бумажные профессиональные,Полотенца бумажные профессиональные,Полотенца бумажные,Нет,Нет,Нет,Бумажные полотенца,Красота и гигиена > Ватно-бумажная продукция > Бумажные полотенца,type,,93456,Нечёткое совпадение,77.4,Низкая,Проверить вручную,"Совпадение с типом товара Ozon, а не промежуточной категорией. Автоматическое переименование небезопасно."
01a0b5f9-f3a4-7f40-9cee-ecccc5024aa8,"Офис > Бумага для офисной техники > Блоки для записей, закладки","Блоки для записей, закладки",Бумага для офисной техники,Нет,Нет,Нет,Вкладыш для обуви,Галантерея и аксессуары > Аксессуары для одежды и обуви > Вкладыш для обуви,type,,94605,Нечёткое совпадение,75.2,Низкая,Проверить вручную,"Совпадение с типом товара Ozon, а не промежуточной категорией. Автоматическое переименование небезопасно."
01a0b5f9-f46f-7822-b850-96f35cafd514,"Офис > Бумага для офисной техники > Блоки для записей, закладки > Блоки самоклеящиеся",Блоки самоклеящиеся,"Блоки для записей, закладки",Нет,Нет,Нет,Пленка самоклеящаяся,Канцелярские товары > Бумага > Пленка самоклеящаяся,type,,257342290,Нечёткое совпадение,64.2,Низкая,Проверить вручную,"Совпадение с типом товара Ozon, а не промежуточной категорией. Автоматическое переименование небезопасно."
01a0b5fc-8271-743c-b39e-847e7c1a7294,"Офис > Бумага для офисной техники > Блоки для записей, закладки > Закладки самоклеящиеся",Закладки самоклеящиеся,"Блоки для записей, закладки",Нет,Нет,Нет,Закладка,Канцелярские товары > Канцелярия > Закладка,type,,93291,Нечёткое совпадение,73.9,Низкая,Проверить вручную,"Совпадение с типом товара Ozon, а не промежуточной категорией. Автоматическое переименование небезопасно."
01a0b601-56cf-7a55-8959-87a5f7d4158f,"Офис > Блокноты, записные книжки и тетради > Блокноты > Блокноты в твердом переплёте",Блокноты в твердом переплёте,Блокноты,Нет,Нет,Нет,Окно,Строительство и ремонт > Окна и комплектующие к окнам > Окно,type,,970726501,Нечёткое совпадение,79.2,Низкая,Проверить вручную,"Совпадение с типом товара Ozon, а не промежуточной категорией. Автоматическое переименование небезопасно."
01a0b604-0fdf-78ce-b634-edb6ba53e864,Детям > Школьная бумажная продукция > Блокноты детские,Блокноты детские,Школьная бумажная продукция,Нет,Нет,Нет,Блокнот,Канцелярские товары > Бумажная продукция > Блокнот,type,,94091,Нечёткое совпадение,81.9,Низкая,Проверить вручную,"Совпадение с типом товара Ozon, а не промежуточной категорией. Автоматическое переименование небезопасно."
01a0b604-e893-7b01-af39-d367f57e99cd,Школа > Школьные канцтовары,Школьные канцтовары,Школа,Нет,Нет,Нет,Кан,Спорт и отдых > Спортивные чехлы и сумки > Кан,type,,94391,Нечёткое совпадение,79.2,Низкая,Проверить вручную,"Совпадение с типом товара Ozon, а не промежуточной категорией. Автоматическое переименование небезопасно."
01a0b604-e965-7619-9e55-4f67376f7fcf,"Школа > Школьные канцтовары > Аксессуары для тетрадей, книг и учебников","Аксессуары для тетрадей, книг и учебников",Школьные канцтовары,Нет,Нет,Нет,Аксессуары,Одежда > Аксессуары,category,41777465,,Нечёткое совпадение,80.7,Низкая,Проверить вручную,Автоматическое переименование небезопасно.
01a0b604-ea3a-7031-a8e9-c4c3e810a590,"Школа > Школьные канцтовары > Аксессуары для тетрадей, книг и учебников > Закладки для книг",Закладки для книг,"Аксессуары для тетрадей, книг и учебников",Нет,Нет,Нет,"Аксессуары для сумки, рюкзака","Галантерея и аксессуары > Аксессуары > Аксессуары для сумки, рюкзака",type,,99510,Нечёткое совпадение,76.3,Низкая,Проверить вручную,"Совпадение с типом товара Ozon, а не промежуточной категорией. Автоматическое переименование небезопасно."
01a0b608-66ec-76a6-b731-5964bdf0cd64,Офис > Упаковка,Упаковка,Офис,Нет,Нет,Нет,Упаковка для меда,Фермерское хозяйство > Тара и упаковка для меда > Упаковка для меда,type,,971008111,Нечёткое совпадение,81.2,Низкая,Проверить вручную,"Совпадение с типом товара Ozon, а не промежуточной категорией. Автоматическое переименование небезопасно."
01a0b608-6841-713c-acd2-953fff2d51a6,Офис > Упаковка > Конверты и пакеты почтовые,Конверты и пакеты почтовые,Упаковка,Нет,Нет,Нет,Конверт,Канцелярские товары > Конверты и коробки почтовые > Конверт,type,,97379,Нечёткое совпадение,81.9,Низкая,Проверить вручную,"Совпадение с типом товара Ozon, а не промежуточной категорией. Автоматическое переименование небезопасно."
01a0b608-6940-7bed-858f-38447922579c,Офис > Упаковка > Конверты и пакеты почтовые > Конверты почтовые,Конверты почтовые,Конверты и пакеты почтовые,Нет,Нет,Нет,Конверт,Канцелярские товары > Конверты и коробки почтовые > Конверт,type,,97379,Нечёткое совпадение,81.9,Низкая,Проверить вручную,"Совпадение с типом товара Ozon, а не промежуточной категорией. Автоматическое переименование небезопасно."
01a0b608-df6d-700b-8905-b239f9a231c8,Офис > Папки и системы архивации > Аксессуары для документов и папок,Аксессуары для документов и папок,Папки и системы архивации,Нет,Нет,Нет,Аксессуары,Одежда > Аксессуары,category,41777465,,Нечёткое совпадение,80.7,Низкая,Проверить вручную,Автоматическое переименование небезопасно.
01a0b608-e049-71d3-8b06-3531c4f7aada,Офис > Папки и системы архивации > Аксессуары для документов и папок > Наклейки для опечатывания документов,Наклейки для опечатывания документов,Аксессуары для документов и папок,Нет,Нет,Нет,Наклейки,Канцелярские товары > Бумажная продукция > Наклейки,type,,971123837,Нечёткое совпадение,80.1,Низкая,Проверить вручную,"Совпадение с типом товара Ozon, а не промежуточной категорией. Автоматическое переименование небезопасно."
01a0b609-56fb-761c-90c2-2c2a6cf795ab,Детям > Школьная бумажная продукция > Портфолио и расписание уроков,Портфолио и расписание уроков,Школьная бумажная продукция,Нет,Нет,Нет,Расписание уроков,Канцелярские товары > Бумажная продукция > Расписание уроков,type,,98473,Нечёткое совпадение,84.5,Низкая,Проверить вручную,"Совпадение с типом товара Ozon, а не промежуточной категорией. Автоматическое переименование небезопасно."
01a0b609-5829-719a-beb4-2a8dc56ad713,Детям > Школьная бумажная продукция > Портфолио и расписание уроков > Расписание уроков,Расписание уроков,Портфолио и расписание уроков,Нет,Нет,Нет,Расписание уроков,Канцелярские товары > Бумажная продукция > Расписание уроков,type,,98473,Точное совпадение,100.0,Высокая,Оставить,"Совпадение с типом товара Ozon, а не промежуточной категорией."
01a0b609-dd45-7e6f-b51f-7e6fb349a498,"Подарки и праздник > Товары к 23 Февраля и 8 Марта > Ежедневники, визитницы, органайзеры","Ежедневники, визитницы, органайзеры",Товары к 23 Февраля и 8 Марта,Нет,Нет,Нет,Ежедневник,Канцелярские товары > Бумажная продукция > Ежедневник,type,,94094,Нечёткое совпадение,80.1,Низкая,Проверить вручную,"Совпадение с типом товара Ozon, а не промежуточной категорией. Автоматическое переименование небезопасно."
01a0b609-de67-7adb-8d45-e662d17720da,"Подарки и праздник > Товары к 23 Февраля и 8 Марта > Ежедневники, визитницы, органайзеры > Ежедневники с покрытием ""под кожу и ткань""","Ежедневники с покрытием ""под кожу и ткань""","Ежедневники, визитницы, органайзеры",Нет,Нет,Нет,Ежедневник,Канцелярские товары > Бумажная продукция > Ежедневник,type,,94094,Нечёткое совпадение,80.0,Низкая,Проверить вручную,"Совпадение с типом товара Ozon, а не промежуточной категорией. Автоматическое переименование небезопасно."
01a0b60c-0141-7e22-be4c-1f8ea9b3bfd0,"Подарки и праздник > Товары к 23 Февраля и 8 Марта > Ежедневники, визитницы, органайзеры > Планинги",Планинги,"Ежедневники, визитницы, органайзеры",Нет,Нет,Нет,Планинг,Канцелярские товары > Бумажная продукция > Планинг,type,,94100,Нечёткое совпадение,83.0,Низкая,Проверить вручную,"Совпадение с типом товара Ozon, а не промежуточной категорией. Автоматическое переименование небезопасно."
01a0b60f-6a6b-7b9b-9714-8ec517252539,Школа > Принадлежности для черчения > Бумага для чертежных и копировальных работ > Калька,Калька,Бумага для чертежных и копировальных работ,Нет,Нет,Нет,Калька,Канцелярские товары > Бумага > Калька,type,,91409,Точное совпадение,100.0,Высокая,Оставить,"Совпадение с типом товара Ozon, а не промежуточной категорией."
01a0b611-a569-7ca3-b6e3-4b518484eb99,Посуда,Посуда,,Нет,Нет,Нет,Посуда для животных,Товары для животных > Посуда для животных,category,17028673,,Нечёткое совпадение,83.2,Низкая,Проверить вручную,Автоматическое переименование небезопасно.
01a0b611-ab08-70f5-954a-b9c2fafdf45a,Посуда > Кухонные принадлежности и инструменты,Кухонные принадлежности и инструменты,Посуда,Нет,Нет,Нет,Рации и радиостанции,Спорт и отдых > Рации и радиостанции,category,17028934,,Нечёткое совпадение,75.2,Низкая,Проверить вручную,Автоматическое переименование небезопасно.
01a0b611-ac1f-796a-88dd-3c8b218e2d9c,Посуда > Кухонные принадлежности и инструменты > Салфетки столовые,Салфетки столовые,Кухонные принадлежности и инструменты,Нет,Нет,Нет,Походная посуда и столовые приборы,Спорт и отдых > Туристическая посуда > Походная посуда и столовые приборы,type,,94434,Нечёткое совпадение,77.4,Низкая,Проверить вручную,"Совпадение с типом товара Ozon, а не промежуточной категорией. Автоматическое переименование небезопасно."
01a0b611-ee01-739c-b27c-545ef5ca6797,Подарки и праздник > Наградная продукция,Наградная продукция,Подарки и праздник,Нет,Нет,Нет,"Молочная продукция, сыры и яйца Ozon Fresh","Продукты питания Ozon Fresh > Молочная продукция, сыры и яйца Ozon Fresh",category,17028762,,Нечёткое совпадение,76.3,Низкая,Проверить вручную,Автоматическое переименование небезопасно.
01a0b611-eef8-7313-ac17-1c84e9ea69c8,"Подарки и праздник > Наградная продукция > Адресные папки, грамоты, дипломы","Адресные папки, грамоты, дипломы",Наградная продукция,Нет,Нет,Нет,Папки и файлы,Канцелярские товары > Папки и файлы,category,17029023,,Нечёткое совпадение,76.3,Низкая,Проверить вручную,Автоматическое переименование небезопасно.
01a0b611-f498-79de-9f4c-fc03a41f1e73,"Подарки и праздник > Наградная продукция > Адресные папки, грамоты, дипломы > Грамоты и дипломы",Грамоты и дипломы,"Адресные папки, грамоты, дипломы",Нет,Нет,Нет,Лом,Строительство и ремонт > Инструменты для ремонта и строительства > Лом,type,,92093,Нечёткое совпадение,79.2,Низкая,Проверить вручную,"Совпадение с типом товара Ozon, а не промежуточной категорией. Автоматическое переименование небезопасно."
01a0b61d-b589-76ab-a097-2b1c430eb3e7,"Хобби и творчество > Товары для скрапбукинга > Бумага, картон и фольга для поделок","Бумага, картон и фольга для поделок",Товары для скрапбукинга,Нет,Да,Да,Картон,Канцелярские товары > Бумага > Картон,type,,91410,Нечёткое совпадение,83.2,Низкая,Проверить вручную,"Название встречается в KIT несколько раз. Есть полный дубль пути категории. Совпадение с типом товара Ozon, а не промежуточной категорией. Автоматическое переименование небезопасно."
01a0b61d-b68e-7267-9278-c01b003daf6e,"Хобби и творчество > Товары для скрапбукинга > Бумага, картон и фольга для поделок > Цветная бумага, цветной картон для квиллинга и оригами","Цветная бумага, цветной картон для квиллинга и оригами","Бумага, картон и фольга для поделок",Нет,Да,Да,Шапочка для сна,Галантерея и аксессуары > Аксессуары для волос > Шапочка для сна,type,,970682680,Нечёткое совпадение,75.2,Низкая,Проверить вручную,"Название встречается в KIT несколько раз. Есть полный дубль пути категории. Совпадение с типом товара Ozon, а не промежуточной категорией. Автоматическое переименование небезопасно."
01a0b620-e007-7550-b9bf-df0527c34232,"Хобби и творчество > Товары для скрапбукинга > Бумага, картон и фольга для поделок","Бумага, картон и фольга для поделок",Товары для скрапбукинга,Нет,Да,Да,Картон,Канцелярские товары > Бумага > Картон,type,,91410,Нечёткое совпадение,83.2,Низкая,Проверить вручную,"Название встречается в KIT несколько раз. Есть полный дубль пути категории. Совпадение с типом товара Ozon, а не промежуточной категорией. Автоматическое переименование небезопасно."
01a0b620-e167-7b7f-b983-eb6a1a5c72d2,"Хобби и творчество > Товары для скрапбукинга > Бумага, картон и фольга для поделок > Фольга цветная",Фольга цветная,"Бумага, картон и фольга для поделок",Нет,Нет,Нет,Фольга цветная,Канцелярские товары > Бумага > Фольга цветная,type,,970778039,Точное совпадение,100.0,Высокая,Оставить,"Совпадение с типом товара Ozon, а не промежуточной категорией."
01a0b621-661c-7aff-aa1b-935f9b48bee1,Офис > Упаковка > Торговое оборудование,Торговое оборудование,Упаковка,Нет,Да,Нет,Офтальмодиагностическое оборудование,Аптека > Медицинское оборудование > Офтальмодиагностическое оборудование,type,,630450955,Нечёткое совпадение,77.0,Низкая,Проверить вручную,"Название встречается в KIT несколько раз. Совпадение с типом товара Ozon, а не промежуточной категорией. Автоматическое переименование небезопасно."
01a0b621-6bc2-733d-9104-7a811d3c44f7,Офис > Упаковка > Торговое оборудование > Этикетки самоклеящиеся для термопечати,Этикетки самоклеящиеся для термопечати,Торговое оборудование,Нет,Нет,Нет,Заколка для волос,Галантерея и аксессуары > Аксессуары для волос > Заколка для волос,type,,97576,Нечёткое совпадение,75.2,Низкая,Проверить вручную,"Совпадение с типом товара Ozon, а не промежуточной категорией. Автоматическое переименование небезопасно."
01a0b622-ad12-7c37-a08b-56520cf9d0fa,Офис > Упаковка > Торговое оборудование > Этикетки самоклеящиеся для термотрансферной печати,Этикетки самоклеящиеся для термотрансферной печати,Торговое оборудование,Нет,Нет,Нет,Трансфер,Хобби и творчество > Материал для рукоделия > Трансфер,type,,92345,Нечёткое совпадение,79.2,Низкая,Проверить вручную,"Совпадение с типом товара Ozon, а не промежуточной категорией. Автоматическое переименование небезопасно."
01a0b626-6060-74af-8c79-f9fb11b315d8,"Офис > Бумага для офисной техники > Блоки для записей, закладки > Блоки для записей",Блоки для записей,"Блоки для записей, закладки",Нет,Нет,Нет,Аксессуар для хранения коллекций,Антиквариат и коллекционирование > Коллекционирование > Аксессуар для хранения коллекций,type,,93830,Нечёткое совпадение,75.2,Низкая,Проверить вручную,"Совпадение с типом товара Ozon, а не промежуточной категорией. Автоматическое переименование небезопасно."
01a0b62e-3c26-7868-a82e-eca493347e5f,Дом и сад > Ванная и туалет > Туалетная бумага и держатели для её хранения,Туалетная бумага и держатели для её хранения,Ванная и туалет,Нет,Нет,Нет,Туалетная бумага,Красота и гигиена > Товары личной гигиены > Туалетная бумага,type,,93507,Нечёткое совпадение,80.9,Низкая,Проверить вручную,"Совпадение с типом товара Ozon, а не промежуточной категорией. Автоматическое переименование небезопасно."
01a0b62e-3d81-76c2-b554-ab63df875a0e,Дом и сад > Ванная и туалет > Туалетная бумага и держатели для её хранения > Туалетная бумага офисно-бытовая,Туалетная бумага офисно-бытовая,Туалетная бумага и держатели для её хранения,Нет,Нет,Нет,Туалетная бумага,Красота и гигиена > Товары личной гигиены > Туалетная бумага,type,,93507,Нечёткое совпадение,80.7,Низкая,Проверить вручную,"Совпадение с типом товара Ozon, а не промежуточной категорией. Автоматическое переименование небезопасно."
01a0b62f-02de-7817-9477-f091fdd0b65b,Хозтовары > Гигиенические товары > Полотенца бумажные > Полотенца бумажные офисно-бытовые,Полотенца бумажные офисно-бытовые,Полотенца бумажные,Нет,Нет,Нет,Бумажные полотенца,Красота и гигиена > Ватно-бумажная продукция > Бумажные полотенца,type,,93456,Нечёткое совпадение,77.2,Низкая,Проверить вручную,"Совпадение с типом товара Ozon, а не промежуточной категорией. Автоматическое переименование небезопасно."
01a0b635-24b1-79d2-95b5-0ab3e6f01d88,"Офис > Блокноты, записные книжки и тетради > Тетради на кольцах и сменные блоки",Тетради на кольцах и сменные блоки,"Блокноты, записные книжки и тетради",Нет,Нет,Нет,Багажник на велосипед,Спорт и отдых > Товары для велоспорта > Багажник на велосипед,type,,96198,Нечёткое совпадение,75.2,Низкая,Проверить вручную,"Совпадение с типом товара Ozon, а не промежуточной категорией. Автоматическое переименование небезопасно."
01a0b635-258d-7782-a4d2-61306fd8659e,"Офис > Блокноты, записные книжки и тетради > Тетради на кольцах и сменные блоки > Тетради на кольцах",Тетради на кольцах,Тетради на кольцах и сменные блоки,Нет,Нет,Нет,Ручное управление на автомобили,Автотовары > Запчасти для легковых автомобилей > Ручное управление на автомобили,type,,971168326,Нечёткое совпадение,75.2,Низкая,Проверить вручную,"Совпадение с типом товара Ozon, а не промежуточной категорией. Автоматическое переименование небезопасно."
01a0b63b-65ff-7ab1-827d-d15040dd99fd,Школа > Альбомы и папки для рисования и черчения,Альбомы и папки для рисования и черчения,Школа,Нет,Нет,Нет,Альбом,Канцелярские товары > Бумажная продукция > Альбом,type,,91396,Нечёткое совпадение,79.2,Низкая,Проверить вручную,"Совпадение с типом товара Ozon, а не промежуточной категорией. Автоматическое переименование небезопасно."
01a0b63b-6701-7aa1-ac09-c72738583fd6,Школа > Альбомы и папки для рисования и черчения > Бумага для рисования в рулоне,Бумага для рисования в рулоне,Альбомы и папки для рисования и черчения,Нет,Нет,Нет,Бумага для рисования,Канцелярские товары > Бумага > Бумага для рисования,type,,91401,Нечёткое совпадение,86.3,Низкая,Проверить вручную,"Совпадение с типом товара Ozon, а не промежуточной категорией. Автоматическое переименование небезопасно."
01a0b645-273c-7069-b155-f3c1f18d2c37,Офис > Упаковка > Конверты и пакеты почтовые > Пакеты почтовые,Пакеты почтовые,Конверты и пакеты почтовые,Нет,Нет,Нет,Конверты и коробки почтовые,Канцелярские товары > Конверты и коробки почтовые,category,17154182,,Нечёткое совпадение,78.2,Низкая,Проверить вручную,Автоматическое переименование небезопасно.
01a0b64a-fe23-7b40-afc0-e825097a45ec,Техника для офиса,Техника для офиса,,Нет,Нет,Нет,Аксессуар для хранения коллекций,Антиквариат и коллекционирование > Коллекционирование > Аксессуар для хранения коллекций,type,,93830,Нечёткое совпадение,75.2,Низкая,Проверить вручную,"Совпадение с типом товара Ozon, а не промежуточной категорией. Автоматическое переименование небезопасно."
01a0b64a-ff3b-7b48-9e48-881cb0bc65fc,Техника для офиса > Торговое оборудование,Торговое оборудование,Техника для офиса,Нет,Да,Нет,Офтальмодиагностическое оборудование,Аптека > Медицинское оборудование > Офтальмодиагностическое оборудование,type,,630450955,Нечёткое совпадение,77.0,Низкая,Проверить вручную,"Название встречается в KIT несколько раз. Совпадение с типом товара Ozon, а не промежуточной категорией. Автоматическое переименование небезопасно."
01a0b64b-009a-75f6-9c97-c43114d304d1,Техника для офиса > Торговое оборудование > Этикетки и ценники,Этикетки и ценники,Торговое оборудование,Нет,Да,Нет,Ценник,Канцелярские товары > Оборудование для торговли > Ценник,type,,970615927,Нечёткое совпадение,80.4,Низкая,Проверить вручную,"Название встречается в KIT несколько раз. Совпадение с типом товара Ozon, а не промежуточной категорией. Автоматическое переименование небезопасно."
01a0b64b-0615-7ab8-8764-55b42c4e0c65,Техника для офиса > Торговое оборудование > Этикетки и ценники > Ценники,Ценники,Этикетки и ценники,Нет,Нет,Нет,Ценник,Канцелярские товары > Оборудование для торговли > Ценник,type,,970615927,Нечёткое совпадение,82.4,Низкая,Проверить вручную,"Совпадение с типом товара Ozon, а не промежуточной категорией. Автоматическое переименование небезопасно."
01a0b650-402f-7653-b13a-fe0a869bcc66,Детям > Товары для обучения > Карты мира и России,Карты мира и России,Товары для обучения,Нет,Нет,Нет,Карты Таро,Хобби и творчество > Гадания и эзотерика > Карты Таро,type,,93767,Нечёткое совпадение,76.3,Низкая,Проверить вручную,"Совпадение с типом товара Ozon, а не промежуточной категорией. Автоматическое переименование небезопасно."
01a0b65d-9634-708e-ac08-5cd13bdb2ff7,Офис > Бумага для чертежных и копировальных работ,Бумага для чертежных и копировальных работ,Офис,Нет,Да,Нет,Бумага,Канцелярские товары > Бумага,category,17029017,,Нечёткое совпадение,80.9,Низкая,Проверить вручную,Название встречается в KIT несколько раз. Автоматическое переименование небезопасно.
01a0b65d-9756-7782-addc-cac01a23f185,Офис > Бумага для чертежных и копировальных работ > Бумага копировальная (копирка),Бумага копировальная (копирка),Бумага для чертежных и копировальных работ,Нет,Нет,Нет,Бумага,Канцелярские товары > Бумага,category,17029017,,Нечёткое совпадение,80.5,Низкая,Проверить вручную,Автоматическое переименование небезопасно.
01a0b661-0067-7615-9464-963e72bb066e,Техника для офиса > Расходные материалы,Расходные материалы,Техника для офиса,Нет,Нет,Нет,Расходные материалы для бетономешалок,Строительство и ремонт > Силовая техника и оборудование > Расходные материалы для бетономешалок,type,,971313216,Нечёткое совпадение,83.2,Низкая,Проверить вручную,"Совпадение с типом товара Ozon, а не промежуточной категорией. Автоматическое переименование небезопасно."
01a0b661-014b-778d-aac1-bec4a8bbbd92,Техника для офиса > Расходные материалы > Фотобумага,Фотобумага,Расходные материалы,Нет,Нет,Нет,Фотобумага,Канцелярские товары > Бумага > Фотобумага,type,,91415,Точное совпадение,100.0,Высокая,Оставить,"Совпадение с типом товара Ozon, а не промежуточной категорией."
01a0b665-e4c9-76c7-acdd-d7f7b89c7492,Хобби и творчество > Товары для скрапбукинга > Пенокартон,Пенокартон,Товары для скрапбукинга,Нет,Нет,Нет,Пенокартон,Канцелярские товары > Бумага > Пенокартон,type,,970957182,Точное совпадение,100.0,Высокая,Оставить,"Совпадение с типом товара Ozon, а не промежуточной категорией."
01a0b66a-cbf9-7575-9300-a56f2890cd1d,Красота и здоровье,Красота и здоровье,,Нет,Нет,Нет,Металлоискатели и аксессуары,Спорт и отдых > Металлоискатели и аксессуары,category,87122370,,Нечёткое совпадение,75.2,Низкая,Проверить вручную,Автоматическое переименование небезопасно.
01a0b66a-d157-733f-b930-a6b26c8d49e0,Красота и здоровье > Гигиенические товары,Гигиенические товары,Красота и здоровье,Нет,Да,Нет,Товары для курения и аксессуары,Товары для курения и аксессуары,category,200001506,,Нечёткое совпадение,77.2,Низкая,Проверить вручную,Название встречается в KIT несколько раз. Автоматическое переименование небезопасно.
01a0b66a-d226-79de-a605-de0e5902050c,Красота и здоровье > Гигиенические товары > Влажные салфетки,Влажные салфетки,Гигиенические товары,Нет,Нет,Нет,Влажные салфетки,Красота и гигиена > Товары личной гигиены > Влажные салфетки,type,,93462,Точное совпадение,100.0,Высокая,Оставить,"Совпадение с типом товара Ozon, а не промежуточной категорией."
01a0b66a-d320-7056-b28d-375c85c14e98,Красота и здоровье > Гигиенические товары > Влажные салфетки > Салфетки влажные,Салфетки влажные,Влажные салфетки,Нет,Нет,Нет,Влажные салфетки,Красота и гигиена > Товары личной гигиены > Влажные салфетки,type,,93462,Нечёткое совпадение,88.9,Средняя,Проверить перед переименованием,"Совпадение с типом товара Ozon, а не промежуточной категорией."
01a0b66c-4edf-7624-a9fb-310ba6f9fdfc,Дом и сад > Кухня,Кухня,Дом и сад,Нет,Нет,Нет,Садовая кухня,Мебель > Садовая мебель > Садовая кухня,type,,970857380,Нечёткое совпадение,81.6,Низкая,Проверить вручную,"Совпадение с типом товара Ozon, а не промежуточной категорией. Автоматическое переименование небезопасно."
01a0b66c-4fa3-74c2-a268-13bf9d99724b,Дом и сад > Кухня > Сервировка стола,Сервировка стола,Кухня,Нет,Нет,Нет,Юбка для стола одноразовая,Дом и сад > Одноразовая посуда > Юбка для стола одноразовая,type,,971362198,Нечёткое совпадение,79.7,Низкая,Проверить вручную,"Совпадение с типом товара Ozon, а не промежуточной категорией. Автоматическое переименование небезопасно."
01a0b66c-54ef-7b42-9ec3-520d79dc01f8,Дом и сад > Кухня > Сервировка стола > Салфетки для настольных диспенсеров,Салфетки для настольных диспенсеров,Сервировка стола,Нет,Нет,Нет,Заколка для волос,Галантерея и аксессуары > Аксессуары для волос > Заколка для волос,type,,97576,Нечёткое совпадение,75.2,Низкая,Проверить вручную,"Совпадение с типом товара Ozon, а не промежуточной категорией. Автоматическое переименование небезопасно."
01a0b66c-c140-75b2-b3a9-6ae5e2680ae3,Для туалетных комнат > Уборочный инвентарь,Уборочный инвентарь,Для туалетных комнат,Нет,Нет,Нет,Аксессуары и инвентарь для тяжелой атлетики,Спорт и отдых > Аксессуары и инвентарь для тяжелой атлетики,category,17028707,,Нечёткое совпадение,76.6,Низкая,Проверить вручную,Автоматическое переименование небезопасно.
01a0b66c-c25c-78e1-b03b-d6647453ccb3,"Для туалетных комнат > Уборочный инвентарь > Тряпки, салфетки, губки","Тряпки, салфетки, губки",Уборочный инвентарь,Нет,Нет,Нет,Тряпка,Дом и сад > Инвентарь для уборки > Тряпка,type,,96024,Нечёткое совпадение,73.1,Низкая,Проверить вручную,"Совпадение с типом товара Ozon, а не промежуточной категорией. Автоматическое переименование небезопасно."
01a0b66c-c7be-711d-bda3-f1787485038a,"Для туалетных комнат > Уборочный инвентарь > Тряпки, салфетки, губки > Протирочная бумага и материалы",Протирочная бумага и материалы,"Тряпки, салфетки, губки",Нет,Нет,Нет,Бумага,Канцелярские товары > Бумага,category,17029017,,Нечёткое совпадение,80.2,Низкая,Проверить вручную,Автоматическое переименование небезопасно.
01a0b66d-ad08-7c4d-a695-f797f89eeb78,Хобби и творчество > Материалы для творчества,Материалы для творчества,Хобби и творчество,Нет,Нет,Нет,"Товары для курения антиквариат, винтаж","Антиквариат и коллекционирование > Антиквариат и винтаж > Товары для курения антиквариат, винтаж",type,,971909334,Нечёткое совпадение,75.2,Низкая,Проверить вручную,"Совпадение с типом товара Ozon, а не промежуточной категорией. Автоматическое переименование небезопасно."
01a0b66d-ade5-7964-a9de-c460eed8dd99,Хобби и творчество > Материалы для творчества > Бумага цветная крепированная,Бумага цветная крепированная,Материалы для творчества,Нет,Нет,Нет,Бумага цветная,Канцелярские товары > Бумага > Бумага цветная,type,,91406,Нечёткое совпадение,81.9,Низкая,Проверить вручную,"Совпадение с типом товара Ozon, а не промежуточной категорией. Автоматическое переименование небезопасно."
01a0b670-92ce-78db-ae85-a59fb4aa27c7,"Офис > Ежедневники, планинги, органайзеры, календари","Ежедневники, планинги, органайзеры, календари",Офис,Нет,Нет,Нет,Планинг,Канцелярские товары > Бумажная продукция > Планинг,type,,94100,Нечёткое совпадение,79.2,Низкая,Проверить вручную,"Совпадение с типом товара Ozon, а не промежуточной категорией. Автоматическое переименование небезопасно."
01a0b670-93ea-778b-b4b6-b974f65c4885,"Офис > Ежедневники, планинги, органайзеры, календари > Ежедневники с твердой обложкой",Ежедневники с твердой обложкой,"Ежедневники, планинги, органайзеры, календари",Нет,Нет,Нет,Ежедневник,Канцелярские товары > Бумажная продукция > Ежедневник,type,,94094,Нечёткое совпадение,79.2,Низкая,Проверить вручную,"Совпадение с типом товара Ozon, а не промежуточной категорией. Автоматическое переименование небезопасно."
01a0b677-7dc4-72a5-bf11-ddeaea8847c0,"Офис > Блокноты, записные книжки и тетради > Тетради",Тетради,"Блокноты, записные книжки и тетради",Нет,Да,Нет,Разделитель для тетради,Канцелярские товары > Бумажная продукция > Разделитель для тетради,type,,971197249,Нечёткое совпадение,80.4,Низкая,Проверить вручную,"Название встречается в KIT несколько раз. Совпадение с типом товара Ozon, а не промежуточной категорией. Автоматическое переименование небезопасно."
01a0b677-7ee5-7969-a9ed-6127d9850219,"Офис > Блокноты, записные книжки и тетради > Тетради > Тетради формата А4",Тетради формата А4,Тетради,Нет,Нет,Нет,Тетрадь,Канцелярские товары > Бумажная продукция > Тетрадь,type,,94103,Нечёткое совпадение,73.1,Низкая,Проверить вручную,"Совпадение с типом товара Ozon, а не промежуточной категорией. Автоматическое переименование небезопасно."
01a0b677-a6f0-75b8-90ef-3a71e04a5987,"Офис > Блокноты, записные книжки и тетради > Тетради > Тетради формата А5 40-48 листов",Тетради формата А5 40-48 листов,Тетради,Нет,Нет,Нет,Тетрадь,Канцелярские товары > Бумажная продукция > Тетрадь,type,,94103,Нечёткое совпадение,73.1,Низкая,Проверить вручную,"Совпадение с типом товара Ozon, а не промежуточной категорией. Автоматическое переименование небезопасно."
01a0b692-ddba-75de-bf55-0258a8d11d20,"Подарки и праздник > Товары к 23 Февраля и 8 Марта > Ежедневники, визитницы, органайзеры > Еженедельники",Еженедельники,"Ежедневники, визитницы, органайзеры",Нет,Нет,Нет,Еженедельник,Канцелярские товары > Бумажная продукция > Еженедельник,type,,94095,Нечёткое совпадение,85.3,Низкая,Проверить вручную,"Совпадение с типом товара Ozon, а не промежуточной категорией. Автоматическое переименование небезопасно."
01a0b6a5-6a83-7249-9993-bf823cf5d1f7,Кабинеты руководителей > Ялта > Системы хранения > Шкафы средние,Шкафы средние,Системы хранения,Нет,Да,Нет,Шкафы,Мебель > Шкафы,category,17027919,,Нечёткое совпадение,80.7,Низкая,Проверить вручную,Название встречается в KIT несколько раз. Автоматическое переименование небезопасно.
01a0b6a5-ea9f-76e7-84bc-9c27c9dfa3ca,Кабинеты руководителей > Ялта > Тумбы,Тумбы,Ялта,Нет,Да,Нет,Комоды и тумбы,Мебель > Комоды и тумбы,category,80711064,,Нечёткое совпадение,81.2,Низкая,Проверить вручную,Название встречается в KIT несколько раз. Автоматическое переименование небезопасно.
01a0b6a6-a812-77ae-8f11-30eedb8e628d,Кабинеты руководителей > Ялта > Системы хранения > Шкафы квадратные,Шкафы квадратные,Системы хранения,Нет,Нет,Нет,Шкафы,Мебель > Шкафы,category,17027919,,Нечёткое совпадение,80.7,Низкая,Проверить вручную,Автоматическое переименование небезопасно.
01a0b6a7-ce33-747c-b149-3397cd682f2c,Кабинеты руководителей > Ялта > Столы переговорные,Столы переговорные,Ялта,Нет,Да,Нет,Столы,Мебель > Столы,category,17027918,,Нечёткое совпадение,81.2,Низкая,Проверить вручную,Название встречается в KIT несколько раз. Автоматическое переименование небезопасно.
01a0b6b1-0e83-7bee-bdc1-d5de152d36a6,Кабинеты руководителей > Ялта > Брифинг-приставки,Брифинг-приставки,Ялта,Нет,Да,Нет,Рис,"Продукты питания > Макароны, крупы, мука > Рис",type,,99237,Нечёткое совпадение,79.2,Низкая,Проверить вручную,"Название встречается в KIT несколько раз. Совпадение с типом товара Ozon, а не промежуточной категорией. Автоматическое переименование небезопасно."
01a0b6b1-354f-73da-8692-c91a1d0dc9c6,Мебель для переговорных зон > Ялта,Ялта,Мебель для переговорных зон,Нет,Да,Нет,"Подушки, одеяла","Дом и сад > Подушки, одеяла",category,17028729,,Нечёткое совпадение,67.9,Низкая,Проверить вручную,Название встречается в KIT несколько раз. Автоматическое переименование небезопасно.
01a0b6b1-4103-735d-ac15-5ccfe927f307,Мебель для персонала > Оникс > Рабочие станции > Прямые рабочие станции F2F на О-образных опорах,Прямые рабочие станции F2F на О-образных опорах,Рабочие станции,Нет,Да,Нет,Фехтовальный протектор на маску,Спорт и отдых > Фехтование > Фехтовальный протектор на маску,type,,970667772,Нечёткое совпадение,75.2,Низкая,Проверить вручную,"Название встречается в KIT несколько раз. Совпадение с типом товара Ozon, а не промежуточной категорией. Автоматическое переименование небезопасно."
01a0b6b1-f829-793b-8db4-e05fadf1cd40,Мебель для персонала > Оникс > Рабочие станции > Эргономичные рабочие станции F2F на О-образных опорах,Эргономичные рабочие станции F2F на О-образных опорах,Рабочие станции,Нет,Да,Нет,Подушка на руль самоката,Спорт и отдых > Скейтборды и самокаты > Подушка на руль самоката,type,,971446324,Нечёткое совпадение,75.2,Низкая,Проверить вручную,"Название встречается в KIT несколько раз. Совпадение с типом товара Ozon, а не промежуточной категорией. Автоматическое переименование небезопасно."
01a0b6b2-31d9-7303-9843-058ecc982089,Мебель для персонала > Оникс > Приставные элементы,Приставные элементы,Оникс,Нет,Да,Нет,Рис,"Продукты питания > Макароны, крупы, мука > Рис",type,,99237,Нечёткое совпадение,79.2,Низкая,Проверить вручную,"Название встречается в KIT несколько раз. Совпадение с типом товара Ozon, а не промежуточной категорией. Автоматическое переименование небезопасно."
01a0b6b2-34cd-715c-ac5a-bf7b561df843,Мебель для персонала > Оникс > Приставные элементы > Столы-приставки F2F на О-образных опорах,Столы-приставки F2F на О-образных опорах,Приставные элементы,Нет,Нет,Нет,Столы,Мебель > Столы,category,17027918,,Нечёткое совпадение,81.6,Низкая,Проверить вручную,Автоматическое переименование небезопасно.
01a0b6b2-aada-784f-bb8c-b0265dc54605,Мебель для персонала > Оникс > Столы переговорные,Столы переговорные,Оникс,Нет,Да,Нет,Столы,Мебель > Столы,category,17027918,,Нечёткое совпадение,84.0,Низкая,Проверить вручную,Название встречается в KIT несколько раз. Автоматическое переименование небезопасно.
01a0b6b2-adc8-70d0-aeb1-a4ffa641dafb,Мебель для персонала > Оникс > Столы переговорные > Столы переговорные на О-образных опорах,Столы переговорные на О-образных опорах,Столы переговорные,Нет,Да,Нет,Столы,Мебель > Столы,category,17027918,,Нечёткое совпадение,82.6,Низкая,Проверить вручную,Название встречается в KIT несколько раз. Автоматическое переименование небезопасно.
01a0b6b2-f171-7966-a54c-09a3103d0319,Мебель для переговорных зон > Оникс,Оникс,Мебель для переговорных зон,Нет,Да,Нет,Тоник,"Продукты питания Ozon Fresh > Соки, воды, напитки Ozon Fresh > Тоник",type,,96787,Нечёткое совпадение,70.4,Низкая,Проверить вручную,"Название встречается в KIT несколько раз. Совпадение с типом товара Ozon, а не промежуточной категорией. Автоматическое переименование небезопасно."
01a0b6c8-e559-7a1c-a610-ff0537bc2f71,П-образные диваны,П-образные диваны,,Нет,Нет,Нет,Воланы,"Спорт и отдых > Мячи, воланы, снаряды > Воланы",type,,93551,Нечёткое совпадение,63.4,Низкая,Проверить вручную,"Совпадение с типом товара Ozon, а не промежуточной категорией. Автоматическое переименование небезопасно."
01a0b6cd-bf00-70ad-89e5-724f7cd3423d,Мебель для персонала > Оникс > Столы операторские,Столы операторские,Оникс,Нет,Да,Нет,Столы,Мебель > Столы,category,17027918,,Нечёткое совпадение,84.0,Низкая,Проверить вручную,Название встречается в KIT несколько раз. Автоматическое переименование небезопасно.
01a0b6cd-c473-7709-aa9a-2248dfeba69d,Мебель для персонала > Оникс > Столы операторские > Столы прямые на О-образных опорах,Столы прямые на О-образных опорах,Столы операторские,Нет,Да,Нет,Столы,Мебель > Столы,category,17027918,,Нечёткое совпадение,82.2,Низкая,Проверить вручную,Название встречается в KIT несколько раз. Автоматическое переименование небезопасно.
01a0b6cd-fac3-79f2-a02c-a0c8a7c6dfe2,Мебель для персонала > Оникс > Приставные элементы > Линейные столы-приставки на О-образных опорах,Линейные столы-приставки на О-образных опорах,Приставные элементы,Нет,Нет,Нет,Столы для настольного тенниса,Спорт и отдых > Столы для настольного тенниса,category,17028705,,Нечёткое совпадение,76.1,Низкая,Проверить вручную,Автоматическое переименование небезопасно.
01a0b6ce-a1bf-76e4-b3ad-f0cc0ab660e6,Мебель для персонала > Оникс > Рабочие станции > Линейные рабочие станции на О-образных опорах,Линейные рабочие станции на О-образных опорах,Рабочие станции,Нет,Да,Нет,Спасательный набор на воде,Спорт и отдых > Лодки и лодочные моторы > Спасательный набор на воде,type,,970829678,Нечёткое совпадение,75.2,Низкая,Проверить вручную,"Название встречается в KIT несколько раз. Совпадение с типом товара Ozon, а не промежуточной категорией. Автоматическое переименование небезопасно."
01a0b6cf-85d2-7dd5-b23f-a79c2f6a5e1f,Мебель для персонала > Оникс > Столы операторские > Столы эргономичные на О-образных опорах,Столы эргономичные на О-образных опорах,Столы операторские,Нет,Нет,Нет,Столы,Мебель > Столы,category,17027918,,Нечёткое совпадение,82.2,Низкая,Проверить вручную,Автоматическое переименование небезопасно.
01a0b6d5-7529-7e4e-aa4c-2eb2a517507a,Диваны и кресла,Диваны и кресла,,Нет,Да,Нет,Диваны и кресла,Мебель > Диваны и кресла,category,80375615,,Точное совпадение,100.0,Высокая,Оставить,Название встречается в KIT несколько раз.
01a0b6ea-33da-7e0f-b708-32089436dfdb,Мебель для персонала > Рива > Столы операторские,Столы операторские,Рива,Нет,Да,Нет,Столы,Мебель > Столы,category,17027918,,Нечёткое совпадение,84.0,Низкая,Проверить вручную,Название встречается в KIT несколько раз. Автоматическое переименование небезопасно.
01a0b6ea-d822-7e5e-be7b-81ab01f0e7e8,Мебель для персонала > Оникс > Рабочие станции > Линейные рабочие станции на П-образных опорах,Линейные рабочие станции на П-образных опорах,Рабочие станции,Нет,Да,Нет,Спасательный набор на воде,Спорт и отдых > Лодки и лодочные моторы > Спасательный набор на воде,type,,970829678,Нечёткое совпадение,75.2,Низкая,Проверить вручную,"Название встречается в KIT несколько раз. Совпадение с типом товара Ozon, а не промежуточной категорией. Автоматическое переименование небезопасно."
01a0b6eb-6167-7c61-b716-10f96e8ed63f,Мебель для персонала > Оникс > Приставные элементы > Брифинг-приставки на П-образных опорах,Брифинг-приставки на П-образных опорах,Приставные элементы,Нет,Нет,Нет,Крышка на пикап,Автотовары > Тюнинг и внешний декор > Крышка на пикап,type,,971045988,Нечёткое совпадение,75.2,Низкая,Проверить вручную,"Совпадение с типом товара Ozon, а не промежуточной категорией. Автоматическое переименование небезопасно."
01a0b6eb-87b0-73fd-98c5-8c303f8229a4,Мебель для персонала > Оникс > Рабочие станции > Прямые рабочие станции F2F на П-образных опорах,Прямые рабочие станции F2F на П-образных опорах,Рабочие станции,Нет,Да,Нет,Фехтовальный протектор на маску,Спорт и отдых > Фехтование > Фехтовальный протектор на маску,type,,970667772,Нечёткое совпадение,75.2,Низкая,Проверить вручную,"Название встречается в KIT несколько раз. Совпадение с типом товара Ozon, а не промежуточной категорией. Автоматическое переименование небезопасно."
01a0b6ed-9796-7879-a53f-b326bae6a534,Мебель для персонала > Оникс > Царги,Царги,Оникс,Нет,Да,Нет,Ламинатор бумаги,Электроника > Полиграфическое оборудование > Ламинатор бумаги,type,,91558,Нечёткое совпадение,59.4,Низкая,Проверить вручную,"Название встречается в KIT несколько раз. Совпадение с типом товара Ozon, а не промежуточной категорией. Автоматическое переименование небезопасно."
01a0b6ee-9560-737a-8406-8a05bbc6c008,Мебель для персонала > Слим Систем > Рабочие станции F2F,Рабочие станции F2F,Слим Систем,Нет,Нет,Нет,Зарядные устройства и док-станции,Электроника > Зарядные устройства и док-станции,category,17028627,,Нечёткое совпадение,76.3,Низкая,Проверить вручную,Автоматическое переименование небезопасно.
01a0b6ee-a1e5-79d3-8d71-48861f3a16c4,Мебель для персонала > Слим Систем > Столы операторские,Столы операторские,Слим Систем,Нет,Да,Нет,Столы,Мебель > Столы,category,17027918,,Нечёткое совпадение,83.2,Низкая,Проверить вручную,Название встречается в KIT несколько раз. Автоматическое переименование небезопасно.
01a0b7b1-b2af-7080-ab20-974138dd89c2,Пуфы,Пуфы,,Нет,Нет,Нет,Пуф,"Мебель > Стулья, скамьи, табуреты, пуфики > Пуф",type,,95044,Нечёткое совпадение,75.4,Низкая,Проверить вручную,"Совпадение с типом товара Ozon, а не промежуточной категорией. Автоматическое переименование небезопасно."
01a0b7bf-f96e-7761-86b7-8174ab0dd626,Тахты,Тахты,,Нет,Нет,Нет,Тахта,Мебель > Кровати > Тахта,type,,94999,Нечёткое совпадение,70.4,Низкая,Проверить вручную,"Совпадение с типом товара Ozon, а не промежуточной категорией. Автоматическое переименование небезопасно."
01a0b844-a794-7237-9982-2b62a120f8b9,Кровати,Кровати,,Нет,Да,Нет,Кровати,Мебель > Кровати,category,17027917,,Точное совпадение,100.0,Высокая,Оставить,Название встречается в KIT несколько раз.
01a0b924-37ff-740d-9ce4-1e07a3411840,Школа > Принадлежности для черчения > Бумага для чертежных и копировальных работ > Бумага масштабно-координатная,Бумага масштабно-координатная,Бумага для чертежных и копировальных работ,Нет,Нет,Нет,Бумага,Канцелярские товары > Бумага,category,17029017,,Нечёткое совпадение,80.3,Низкая,Проверить вручную,Автоматическое переименование небезопасно.
01a0b927-754c-7a6e-90fa-ff7b868796f3,Бумага > Конверты и пакеты,Конверты и пакеты,Бумага,Нет,Нет,Нет,Конверт,Канцелярские товары > Конверты и коробки почтовые > Конверт,type,,97379,Нечёткое совпадение,80.7,Низкая,Проверить вручную,"Совпадение с типом товара Ozon, а не промежуточной категорией. Автоматическое переименование небезопасно."
01a0b927-7699-7cca-97bf-0053adb56db5,Бумага > Конверты и пакеты > Курьер-пакеты,Курьер-пакеты,Конверты и пакеты,Нет,Нет,Нет,Пакеты для стерилизации в микроволновой печи,Детские товары > Стерилизаторы и подогреватели для бутылочек > Пакеты для стерилизации в микроволновой печи,type,,92997,Нечёткое совпадение,76.2,Низкая,Проверить вручную,"Совпадение с типом товара Ozon, а не промежуточной категорией. Автоматическое переименование небезопасно."
01a0b934-e1cb-77f3-86d8-3feae1136cfb,"Хобби и творчество > Товары для скрапбукинга > Бумага, картон и фольга для поделок","Бумага, картон и фольга для поделок",Товары для скрапбукинга,Нет,Да,Да,Картон,Канцелярские товары > Бумага > Картон,type,,91410,Нечёткое совпадение,83.2,Низкая,Проверить вручную,"Название встречается в KIT несколько раз. Есть полный дубль пути категории. Совпадение с типом товара Ozon, а не промежуточной категорией. Автоматическое переименование небезопасно."
01a0b934-e2df-7c8b-b6d3-9be0c4eaabfe,"Хобби и творчество > Товары для скрапбукинга > Бумага, картон и фольга для поделок > Цветная бумага, цветной картон для квиллинга и оригами","Цветная бумага, цветной картон для квиллинга и оригами","Бумага, картон и фольга для поделок",Нет,Да,Да,Шапочка для сна,Галантерея и аксессуары > Аксессуары для волос > Шапочка для сна,type,,970682680,Нечёткое совпадение,75.2,Низкая,Проверить вручную,"Название встречается в KIT несколько раз. Есть полный дубль пути категории. Совпадение с типом товара Ozon, а не промежуточной категорией. Автоматическое переименование небезопасно."
01a0b938-bd2d-71a6-abb4-b5846a713bcd,Подарки и праздник > Товары к 23 Февраля и 8 Марта > Товары для оформления праздника > Конверты для денег,Конверты для денег,Товары для оформления праздника,Нет,Нет,Нет,Конверт,Канцелярские товары > Конверты и коробки почтовые > Конверт,type,,97379,Нечёткое совпадение,80.9,Низкая,Проверить вручную,"Совпадение с типом товара Ozon, а не промежуточной категорией. Автоматическое переименование небезопасно."
01a0b93e-9006-76d4-a6d8-d2c2912f75a4,"Офис > Блокноты, записные книжки и тетради > Тетради > Тетради формата А5 60 листов и более",Тетради формата А5 60 листов и более,Тетради,Нет,Нет,Нет,Рации и радиостанции,Спорт и отдых > Рации и радиостанции,category,17028934,,Нечёткое совпадение,75.2,Низкая,Проверить вручную,Автоматическое переименование небезопасно.
01a0b942-3141-7298-8de5-a784564ea6e1,Для туалетных комнат > Расходные гигиенические средства > Покрытия на унитаз одноразовые,Покрытия на унитаз одноразовые,Расходные гигиенические средства,Нет,Нет,Нет,Тапочки одноразовые,Обувь > Повседневная обувь > Тапочки одноразовые,type,,970807580,Нечёткое совпадение,76.3,Низкая,Проверить вручную,"Совпадение с типом товара Ozon, а не промежуточной категорией. Автоматическое переименование небезопасно."
01a0b943-b54a-722a-901a-8656ff2586ad,Офис > Упаковка > Торговое оборудование > Этикетки для этикет-пистолетов,Этикетки для этикет-пистолетов,Торговое оборудование,Нет,Нет,Нет,Этикет-пистолет,Канцелярские товары > Печати и штампы > Этикет-пистолет,type,,98207,Нечёткое совпадение,80.2,Низкая,Проверить вручную,"Совпадение с типом товара Ozon, а не промежуточной категорией. Автоматическое переименование небезопасно."
01a0b944-8637-7733-85c4-7d3e007a3d94,Школа > Цветная бумага и картон,Цветная бумага и картон,Школа,Нет,Нет,Нет,Картон,Канцелярские товары > Бумага > Картон,type,,91410,Нечёткое совпадение,83.2,Низкая,Проверить вручную,"Совпадение с типом товара Ozon, а не промежуточной категорией. Автоматическое переименование небезопасно."
01a0b944-871b-7c41-91b5-2cd27469f32e,Школа > Цветная бумага и картон > Цветной и белый картон,Цветной и белый картон,Цветная бумага и картон,Нет,Нет,Нет,Картон,Канцелярские товары > Бумага > Картон,type,,91410,Нечёткое совпадение,82.2,Низкая,Проверить вручную,"Совпадение с типом товара Ozon, а не промежуточной категорией. Автоматическое переименование небезопасно."
01a0b944-87ce-72c1-8f43-9b240f4f34db,Школа > Цветная бумага и картон > Цветной и белый картон > Картон переплетный,Картон переплетный,Цветной и белый картон,Нет,Нет,Нет,Картон,Канцелярские товары > Бумага > Картон,type,,91410,Нечёткое совпадение,81.9,Низкая,Проверить вручную,"Совпадение с типом товара Ozon, а не промежуточной категорией. Автоматическое переименование небезопасно."
01a0b946-cca1-7f2b-8026-9f2dc6f0ada8,Офис > Упаковка > Торговое оборудование > Этикетки самоклеящиеся универсальные,Этикетки самоклеящиеся универсальные,Торговое оборудование,Нет,Нет,Нет,Этикетка,Канцелярские товары > Канцелярия > Этикетка,type,,93328,Нечёткое совпадение,73.9,Низкая,Проверить вручную,"Совпадение с типом товара Ozon, а не промежуточной категорией. Автоматическое переименование небезопасно."
01a0b96e-3d7b-7ef2-944d-efc151f15848,Техника для офиса > Расходные материалы > Этикетки и риббоны,Этикетки и риббоны,Расходные материалы,Нет,Нет,Нет,Металлоискатели и аксессуары,Спорт и отдых > Металлоискатели и аксессуары,category,87122370,,Нечёткое совпадение,75.2,Низкая,Проверить вручную,Автоматическое переименование небезопасно.
01a0b96e-3ebe-7edf-9c49-c2fe63d9dabb,Техника для офиса > Расходные материалы > Этикетки и риббоны > Этикетки самоклеящиеся для инвентаризации и защиты,Этикетки самоклеящиеся для инвентаризации и защиты,Этикетки и риббоны,Нет,Нет,Нет,Шапочка для сна,Галантерея и аксессуары > Аксессуары для волос > Шапочка для сна,type,,970682680,Нечёткое совпадение,75.2,Низкая,Проверить вручную,"Совпадение с типом товара Ozon, а не промежуточной категорией. Автоматическое переименование небезопасно."
01a0b96e-a07b-76d5-932c-b929222d755c,Техника для офиса > Расходные материалы > Этикетки и риббоны > Этикетки самоклеящиеся всепогодные,Этикетки самоклеящиеся всепогодные,Этикетки и риббоны,Нет,Нет,Нет,Этикетка,Канцелярские товары > Канцелярия > Этикетка,type,,93328,Нечёткое совпадение,73.9,Низкая,Проверить вручную,"Совпадение с типом товара Ozon, а не промежуточной категорией. Автоматическое переименование небезопасно."
01a0b96e-fd2b-7268-81e3-b99ea01c774b,Техника для офиса > Расходные материалы > Этикетки и риббоны > Этикетки самоклеящиеся удаляемые,Этикетки самоклеящиеся удаляемые,Этикетки и риббоны,Нет,Нет,Нет,Этикетка,Канцелярские товары > Канцелярия > Этикетка,type,,93328,Нечёткое совпадение,73.9,Низкая,Проверить вручную,"Совпадение с типом товара Ozon, а не промежуточной категорией. Автоматическое переименование небезопасно."
01a0b96f-6dd6-78ae-8f22-2084cf00d99f,Бумага > Этикетки и ценники,Этикетки и ценники,Бумага,Нет,Да,Нет,Ценник,Канцелярские товары > Оборудование для торговли > Ценник,type,,970615927,Нечёткое совпадение,79.2,Низкая,Проверить вручную,"Название встречается в KIT несколько раз. Совпадение с типом товара Ozon, а не промежуточной категорией. Автоматическое переименование небезопасно."
01a0b96f-6e96-7d6b-9bea-d96b74eb0d84,Бумага > Этикетки и ценники > Этикетки самоклеящиеся глянцевые,Этикетки самоклеящиеся глянцевые,Этикетки и ценники,Нет,Нет,Нет,Этикетка,Канцелярские товары > Канцелярия > Этикетка,type,,93328,Нечёткое совпадение,73.9,Низкая,Проверить вручную,"Совпадение с типом товара Ozon, а не промежуточной категорией. Автоматическое переименование небезопасно."
01a0b98f-e080-77bd-9668-7e5c0def6799,Хозтовары > Гигиенические товары > Салфетки влажные и косметические > Полотенца влажные,Полотенца влажные,Салфетки влажные и косметические,Нет,Нет,Нет,Поло,Одежда > Одежда > Поло,type,,93194,Нечёткое совпадение,79.2,Низкая,Проверить вручную,"Совпадение с типом товара Ozon, а не промежуточной категорией. Автоматическое переименование небезопасно."
01a0b990-21f4-7211-aab5-04bc42e1e342,Дом и сад > Ванная и туалет > Туалетная бумага и держатели для её хранения > Туалетная бумага влажная,Туалетная бумага влажная,Туалетная бумага и держатели для её хранения,Нет,Нет,Нет,Туалетная бумага влажная,Красота и гигиена > Товары личной гигиены > Туалетная бумага влажная,type,,93461,Точное совпадение,100.0,Высокая,Оставить,"Совпадение с типом товара Ozon, а не промежуточной категорией."
01a0b991-0cb4-769a-8873-0c3f4e250a88,Красота и здоровье > Гигиенические товары > Влажные салфетки > Салфетки влажные детские,Салфетки влажные детские,Влажные салфетки,Нет,Нет,Нет,Влажные салфетки,Красота и гигиена > Товары личной гигиены > Влажные салфетки,type,,93462,Нечёткое совпадение,80.0,Низкая,Проверить вручную,"Совпадение с типом товара Ozon, а не промежуточной категорией. Автоматическое переименование небезопасно."
01a0b992-e3ab-7f23-bb84-64d1db6cbed6,Детям > Школьная бумажная продукция > Портфолио и расписание уроков > Портфолио и листы-вкладыши к ним,Портфолио и листы-вкладыши к ним,Портфолио и расписание уроков,Нет,Нет,Нет,Лыжи и сноуборды,Спорт и отдых > Лыжи и сноуборды,category,17029004,,Нечёткое совпадение,75.2,Низкая,Проверить вручную,Автоматическое переименование небезопасно.
01a0b995-7bb8-7df8-a3b6-f010a6b035bf,Бумага > Бумага для офисной техники > Бумага для цветной печати,Бумага для цветной печати,Бумага для офисной техники,Нет,Нет,Нет,Бумага,Канцелярские товары > Бумага,category,17029017,,Нечёткое совпадение,80.9,Низкая,Проверить вручную,Автоматическое переименование небезопасно.
01a0b99a-93b5-7251-9ca6-d0dc5c7605ff,Товары для медицины,Товары для медицины,,Нет,Нет,Нет,Мед,Продукты питания > Консервация > Мед,type,,96474,Нечёткое совпадение,79.2,Низкая,Проверить вручную,"Совпадение с типом товара Ozon, а не промежуточной категорией. Автоматическое переименование небезопасно."
01a0b99a-94b4-72f7-a467-581874c2877a,Товары для медицины > Одноразовое медицинское белье и одежда,Одноразовое медицинское белье и одежда,Товары для медицины,Нет,Нет,Нет,Белье,Одежда > Белье,category,200001517,,Нечёткое совпадение,83.2,Низкая,Проверить вручную,Автоматическое переименование небезопасно.
01a0b99a-9a3c-7ea5-814f-1e6cbc6a8c49,Товары для медицины > Одноразовое медицинское белье и одежда > Простыни медицинские и диспенсеры к ним,Простыни медицинские и диспенсеры к ним,Одноразовое медицинское белье и одежда,Нет,Нет,Нет,Рации и радиостанции,Спорт и отдых > Рации и радиостанции,category,17028934,,Нечёткое совпадение,75.2,Низкая,Проверить вручную,Автоматическое переименование небезопасно.
01a0b99a-9af6-7c32-be0a-9eda814477fb,Товары для медицины > Одноразовое медицинское белье и одежда > Простыни медицинские и диспенсеры к ним > Простыни медицинские,Простыни медицинские,Простыни медицинские и диспенсеры к ним,Нет,Нет,Нет,Мед,Продукты питания > Консервация > Мед,type,,96474,Нечёткое совпадение,79.2,Низкая,Проверить вручную,"Совпадение с типом товара Ozon, а не промежуточной категорией. Автоматическое переименование небезопасно."
01a0b9a2-e14b-7dcc-bace-e52124ca9a11,Подарки и праздник > Новый год,Новый год,Подарки и праздник,Нет,Нет,Нет,Йод,Аптека > Спортивные добавки > Йод,type,,971168007,Нечёткое совпадение,63.4,Низкая,Проверить вручную,"Совпадение с типом товара Ozon, а не промежуточной категорией. Автоматическое переименование небезопасно."
01a0b9a2-e282-7585-9ddc-2fece541d5ad,Подарки и праздник > Новый год > Украшение интерьера,Украшение интерьера,Новый год,Нет,Нет,Нет,Украшение на праздник новогоднее,Дом и сад > Товары для праздников > Украшение на праздник новогоднее,type,,95451,Нечёткое совпадение,77.4,Низкая,Проверить вручную,"Совпадение с типом товара Ozon, а не промежуточной категорией. Автоматическое переименование небезопасно."
01a0b9a2-e37c-7936-859b-e958cd157bac,Подарки и праздник > Новый год > Украшение интерьера > Салфетки для праздничной сервировки стола,Салфетки для праздничной сервировки стола,Украшение интерьера,Нет,Нет,Нет,Шпильки для волос,Галантерея и аксессуары > Аксессуары для волос > Шпильки для волос,type,,97580,Нечёткое совпадение,75.2,Низкая,Проверить вручную,"Совпадение с типом товара Ozon, а не промежуточной категорией. Автоматическое переименование небезопасно."
01a0b9b3-4753-778e-87bb-bd3daab74b7d,Школа > Принадлежности для черчения > Альбомы и папки для черчения > Папки для черчения,Папки для черчения,Альбомы и папки для черчения,Нет,Нет,Нет,"Инструменты для рукоделия антиквариат, винтаж","Антиквариат и коллекционирование > Антиквариат и винтаж > Инструменты для рукоделия антиквариат, винтаж",type,,971004415,Нечёткое совпадение,75.2,Низкая,Проверить вручную,"Совпадение с типом товара Ozon, а не промежуточной категорией. Автоматическое переименование небезопасно."
01a0b9b4-5ee1-7700-ae97-008a6622afe9,"Хобби и творчество > Товары для художников > Бумага для пастели, акварели, графики > Альбомы и бумага для пастели",Альбомы и бумага для пастели,"Бумага для пастели, акварели, графики",Нет,Нет,Нет,Бумага,Канцелярские товары > Бумага,category,17029017,,Нечёткое совпадение,81.6,Низкая,Проверить вручную,Автоматическое переименование небезопасно.
01a0b9c5-1e06-75c5-adb5-d9dc08e59295,"Хобби и творчество > Товары для скрапбукинга > Бумага, картон и фольга для поделок","Бумага, картон и фольга для поделок",Товары для скрапбукинга,Нет,Да,Да,Картон,Канцелярские товары > Бумага > Картон,type,,91410,Нечёткое совпадение,83.2,Низкая,Проверить вручную,"Название встречается в KIT несколько раз. Есть полный дубль пути категории. Совпадение с типом товара Ozon, а не промежуточной категорией. Автоматическое переименование небезопасно."
01a0b9c5-1f51-7d7a-9c1e-f33196c5f795,"Хобби и творчество > Товары для скрапбукинга > Бумага, картон и фольга для поделок > Цветная бумага, цветной картон для квиллинга и оригами","Цветная бумага, цветной картон для квиллинга и оригами","Бумага, картон и фольга для поделок",Нет,Да,Да,Шапочка для сна,Галантерея и аксессуары > Аксессуары для волос > Шапочка для сна,type,,970682680,Нечёткое совпадение,75.2,Низкая,Проверить вручную,"Название встречается в KIT несколько раз. Есть полный дубль пути категории. Совпадение с типом товара Ozon, а не промежуточной категорией. Автоматическое переименование небезопасно."
01a0b9f5-ae6d-7721-b493-f1468d881ebd,Офис > Демооборудование,Демооборудование,Офис,Нет,Нет,Нет,Доп. оборудование для блок-контейнера,"Строительство и ремонт > Готовые дома, бани и гаражи > Доп. оборудование для блок-контейнера",type,,971010263,Нечёткое совпадение,69.3,Низкая,Проверить вручную,"Совпадение с типом товара Ozon, а не промежуточной категорией. Автоматическое переименование небезопасно."
01a0b9f5-b397-76e9-a5cd-3caa0e672a13,Офис > Демооборудование > Аксессуары для досок,Аксессуары для досок,Демооборудование,Нет,Нет,Нет,Аксессуары,Одежда > Аксессуары,category,41777465,,Нечёткое совпадение,81.6,Низкая,Проверить вручную,Автоматическое переименование небезопасно.
01a0b9f5-b4d2-7694-8598-76958e61cf29,Офис > Демооборудование > Аксессуары для досок > Блокноты для флипчартов,Блокноты для флипчартов,Аксессуары для досок,Нет,Нет,Нет,Флипчарт,Канцелярские товары > Демонстрационные доски и аксессуары > Флипчарт,type,,94497,Нечёткое совпадение,80.3,Низкая,Проверить вручную,"Совпадение с типом товара Ozon, а не промежуточной категорией. Автоматическое переименование небезопасно."
01a0ba43-a9f7-7e84-b104-92c0ca960034,"Офис > Ежедневники, планинги, органайзеры, календари > Календари",Календари,"Ежедневники, планинги, органайзеры, календари",Нет,Нет,Нет,Календарь,Канцелярские товары > Бумажная продукция > Календарь,type,,115951185,Нечёткое совпадение,78.2,Низкая,Проверить вручную,"Совпадение с типом товара Ozon, а не промежуточной категорией. Автоматическое переименование небезопасно."
01a0ba43-af71-7123-a6f8-d043c61f56b4,"Офис > Ежедневники, планинги, органайзеры, календари > Календари > Календари настольные",Календари настольные,Календари,Нет,Нет,Нет,Календарь,Канцелярские товары > Бумажная продукция > Календарь,type,,115951185,Нечёткое совпадение,74.5,Низкая,Проверить вручную,"Совпадение с типом товара Ozon, а не промежуточной категорией. Автоматическое переименование небезопасно."
01a0ba43-ec5c-70b1-8fd2-eae996e4f317,"Подарки и праздник > Товары к 23 Февраля и 8 Марта > Ежедневники, визитницы, органайзеры > Наборы с ежедневником",Наборы с ежедневником,"Ежедневники, визитницы, органайзеры",Нет,Нет,Нет,Ежедневник,Канцелярские товары > Бумажная продукция > Ежедневник,type,,94094,Нечёткое совпадение,80.0,Низкая,Проверить вручную,"Совпадение с типом товара Ozon, а не промежуточной категорией. Автоматическое переименование небезопасно."
01a0ba4c-9cd0-76fc-851b-8a1f680ad66d,"Офис > Блокноты, записные книжки и тетради > Блокноты > Наборы с блокнотом",Наборы с блокнотом,Блокноты,Нет,Нет,Нет,Окно,Строительство и ремонт > Окна и комплектующие к окнам > Окно,type,,970726501,Нечёткое совпадение,79.2,Низкая,Проверить вручную,"Совпадение с типом товара Ozon, а не промежуточной категорией. Автоматическое переименование небезопасно."
01a0ba59-c6a5-7146-bfd9-94e5ef88c81a,Детям > Принадлежности для черчения,Принадлежности для черчения,Детям,Нет,Да,Нет,Сушилка для обуви,Галантерея и аксессуары > Аксессуары для одежды и обуви > Сушилка для обуви,type,,94619,Нечёткое совпадение,75.2,Низкая,Проверить вручную,"Название встречается в KIT несколько раз. Совпадение с типом товара Ozon, а не промежуточной категорией. Автоматическое переименование небезопасно."
01a0ba59-cc5b-7f3a-b00f-ffbec4ae0529,Детям > Принадлежности для черчения > Линейки,Линейки,Принадлежности для черчения,Нет,Нет,Нет,Линейка,Канцелярские товары > Чертежные принадлежности > Линейка,type,,93298,Нечёткое совпадение,76.9,Низкая,Проверить вручную,"Совпадение с типом товара Ozon, а не промежуточной категорией. Автоматическое переименование небезопасно."
01a0ba6b-832b-7c12-bcc7-93f394c3b897,Офис > Деловые аксессуары,Деловые аксессуары,Офис,Нет,Нет,Нет,Аксессуары,Одежда > Аксессуары,category,41777465,,Нечёткое совпадение,82.2,Низкая,Проверить вручную,Автоматическое переименование небезопасно.
01a0ba6b-8452-7a28-aa74-c3f60a3af0dd,Офис > Деловые аксессуары > Обложки и бланки документов,Обложки и бланки документов,Деловые аксессуары,Нет,Нет,Нет,Аксессуары и инвентарь для тяжелой атлетики,Спорт и отдых > Аксессуары и инвентарь для тяжелой атлетики,category,17028707,,Нечёткое совпадение,76.3,Низкая,Проверить вручную,Автоматическое переименование небезопасно.
01a0ba6b-8a07-779a-b9ea-c732bdd2a4bd,Офис > Деловые аксессуары > Обложки и бланки документов > Бланки документов,Бланки документов,Обложки и бланки документов,Нет,Нет,Нет,Бланк документа,Канцелярские товары > Бумажная продукция > Бланк документа,type,,257342239,Нечёткое совпадение,77.0,Низкая,Проверить вручную,"Совпадение с типом товара Ozon, а не промежуточной категорией. Автоматическое переименование небезопасно."
01a0ba6c-2e7c-7088-83fd-2498a6580ca7,Бумага > Школьная бумажная продукция > Папки для курсовых и дипломов,Папки для курсовых и дипломов,Школьная бумажная продукция,Нет,Нет,Нет,Вкладыш для одежды,Галантерея и аксессуары > Аксессуары для одежды и обуви > Вкладыш для одежды,type,,970807508,Нечёткое совпадение,75.2,Низкая,Проверить вручную,"Совпадение с типом товара Ozon, а не промежуточной категорией. Автоматическое переименование небезопасно."
01a0ba6e-0f6d-7185-ac1b-53a89bb5c444,Дом и сад > Ванная и туалет > Средства личной гигиены > Платки носовые,Платки носовые,Средства личной гигиены,Нет,Нет,Нет,Платок,Одежда > Аксессуары > Платок,type,,93181,Нечёткое совпадение,72.0,Низкая,Проверить вручную,"Совпадение с типом товара Ozon, а не промежуточной категорией. Автоматическое переименование небезопасно."
01a0baa0-55be-787f-a5a6-4d157600ad76,Мебель для персонала > Оникс > Рабочие станции > Эргономичные рабочие станции F2F на П-образных опорах,Эргономичные рабочие станции F2F на П-образных опорах,Рабочие станции,Нет,Да,Нет,Подушка на руль самоката,Спорт и отдых > Скейтборды и самокаты > Подушка на руль самоката,type,,971446324,Нечёткое совпадение,75.2,Низкая,Проверить вручную,"Название встречается в KIT несколько раз. Совпадение с типом товара Ozon, а не промежуточной категорией. Автоматическое переименование небезопасно."
01a0baa0-a6cc-77f7-b6e3-6de0675c2f07,Мебель для персонала > Оникс > Приставные элементы > Столы-приставки F2F на П-образных опорах,Столы-приставки F2F на П-образных опорах,Приставные элементы,Нет,Нет,Нет,Столы,Мебель > Столы,category,17027918,,Нечёткое совпадение,81.6,Низкая,Проверить вручную,Автоматическое переименование небезопасно.
01a0baa1-64fd-7421-a6b2-550665c32fd5,Мебель для персонала > Оникс > Столы переговорные > Столы переговорные на П-образных опорах,Столы переговорные на П-образных опорах,Столы переговорные,Нет,Да,Нет,Столы,Мебель > Столы,category,17027918,,Нечёткое совпадение,82.6,Низкая,Проверить вручную,Название встречается в KIT несколько раз. Автоматическое переименование небезопасно.
01a0baa5-39cf-786e-b825-888057feb8dd,Мебель для персонала > Оникс > Приставные элементы > Линейные столы-приставки на ЛДСП опорах,Линейные столы-приставки на ЛДСП опорах,Приставные элементы,Нет,Нет,Нет,Столы,Мебель > Столы,category,17027918,,Нечёткое совпадение,81.6,Низкая,Проверить вручную,Автоматическое переименование небезопасно.
01a0baa5-cbb0-7221-82c0-cc27eb5a0612,Мебель для персонала > Оникс > Тумбы,Тумбы,Оникс,Нет,Да,Нет,Комоды и тумбы,Мебель > Комоды и тумбы,category,80711064,,Нечёткое совпадение,84.0,Низкая,Проверить вручную,Название встречается в KIT несколько раз. Автоматическое переименование небезопасно.
01a0baa6-2af4-7de1-bdb7-d927d43c24ec,Мебель для персонала > Оникс > Системы хранения,Системы хранения,Оникс,Нет,Да,Нет,Аксессуар для хранения коллекций,Антиквариат и коллекционирование > Коллекционирование > Аксессуар для хранения коллекций,type,,93830,Нечёткое совпадение,76.6,Низкая,Проверить вручную,"Название встречается в KIT несколько раз. Совпадение с типом товара Ozon, а не промежуточной категорией. Автоматическое переименование небезопасно."
01a0baa6-353a-72ab-9869-817337408d75,Мебель для персонала > Оникс > Системы хранения > Шкафы опорные/приставные,Шкафы опорные/приставные,Системы хранения,Нет,Нет,Нет,Шкафы,Мебель > Шкафы,category,17027919,,Нечёткое совпадение,82.2,Низкая,Проверить вручную,Автоматическое переименование небезопасно.
01a0bac9-7f9e-7b9b-8cab-84f640b61820,Кабинеты руководителей > Оникс Директ,Оникс Директ,Кабинеты руководителей,Нет,Нет,Нет,Тоник,"Продукты питания Ozon Fresh > Соки, воды, напитки Ozon Fresh > Тоник",type,,96787,Нечёткое совпадение,70.4,Низкая,Проверить вручную,"Совпадение с типом товара Ozon, а не промежуточной категорией. Автоматическое переименование небезопасно."
01a0bac9-8576-7818-b685-8010b712bfbc,Кабинеты руководителей > Оникс Директ > Тумбы,Тумбы,Оникс Директ,Нет,Да,Нет,Комоды и тумбы,Мебель > Комоды и тумбы,category,80711064,,Нечёткое совпадение,80.9,Низкая,Проверить вручную,Название встречается в KIT несколько раз. Автоматическое переименование небезопасно.
01a0baca-a43e-76ed-b341-6b6392076d06,Мебель для персонала > Оникс > Системы хранения > Гардеробы,Гардеробы,Системы хранения,Нет,Да,Нет,Гардеробная система,Мебель > Шкафы > Гардеробная система,type,,95472,Нечёткое совпадение,75.9,Низкая,Проверить вручную,"Название встречается в KIT несколько раз. Совпадение с типом товара Ozon, а не промежуточной категорией. Автоматическое переименование небезопасно."
01a0baca-da53-77c0-aa0c-69717d2f476e,Мебель для персонала > Оникс > Системы хранения > Шкафы высокие,Шкафы высокие,Системы хранения,Нет,Да,Нет,Шкафы,Мебель > Шкафы,category,17027919,,Нечёткое совпадение,82.6,Низкая,Проверить вручную,Название встречается в KIT несколько раз. Автоматическое переименование небезопасно.
01a0bacb-ca61-76a5-b4c6-a02f7d404aff,Мебель для персонала > Оникс > Системы хранения > Шкафы средние,Шкафы средние,Системы хранения,Нет,Да,Нет,Шкафы,Мебель > Шкафы,category,17027919,,Нечёткое совпадение,82.6,Низкая,Проверить вручную,Название встречается в KIT несколько раз. Автоматическое переименование небезопасно.
01a0bacc-3c73-79ee-9056-250e9e2929ab,Мебель для персонала > Оникс > Системы хранения > Шкафы низкие,Шкафы низкие,Системы хранения,Нет,Да,Нет,Шкафы,Мебель > Шкафы,category,17027919,,Нечёткое совпадение,82.6,Низкая,Проверить вручную,Название встречается в KIT несколько раз. Автоматическое переименование небезопасно.
01a0baf7-eca0-764c-a159-1d8db38e9a13,Аксессуары > Навесные аксессуары,Навесные аксессуары,Аксессуары,Нет,Нет,Нет,Аксессуары,Одежда > Аксессуары,category,41777465,,Нечёткое совпадение,83.2,Низкая,Проверить вручную,Автоматическое переименование небезопасно.
01a0bb14-d917-7376-a8e3-7f5699d2bc7b,Мебель для персонала > Оникс Вуд > Рабочие станции > Линейные рабочие станции,Линейные рабочие станции,Рабочие станции,Нет,Нет,Нет,Брюки рабочие,Одежда > Спецодежда > Брюки рабочие,type,,93059,Нечёткое совпадение,76.4,Низкая,Проверить вручную,"Совпадение с типом товара Ozon, а не промежуточной категорией. Автоматическое переименование небезопасно."
01a0bb14-ff97-782f-be1d-65fe860279c0,Мебель для персонала > Оникс Вуд > Столы операторские > Столы прямые,Столы прямые,Столы операторские,Нет,Да,Нет,Столы,Мебель > Столы,category,17027918,,Нечёткое совпадение,82.6,Низкая,Проверить вручную,Название встречается в KIT несколько раз. Автоматическое переименование небезопасно.
01a0bb15-37be-7649-bd82-d6f2f56eda6b,Мебель для персонала > Рива > Системы хранения,Системы хранения,Рива,Нет,Да,Нет,Аксессуар для хранения коллекций,Антиквариат и коллекционирование > Коллекционирование > Аксессуар для хранения коллекций,type,,93830,Нечёткое совпадение,76.6,Низкая,Проверить вручную,"Название встречается в KIT несколько раз. Совпадение с типом товара Ozon, а не промежуточной категорией. Автоматическое переименование небезопасно."
01a0bb15-3d9d-706a-90af-59aa480e1853,Мебель для персонала > Рива > Системы хранения > Гардеробы,Гардеробы,Системы хранения,Нет,Да,Нет,Гардеробная система,Мебель > Шкафы > Гардеробная система,type,,95472,Нечёткое совпадение,75.9,Низкая,Проверить вручную,"Название встречается в KIT несколько раз. Совпадение с типом товара Ozon, а не промежуточной категорией. Автоматическое переименование небезопасно."
01a0bb15-8e31-70fc-8054-7412bf188e2e,Мебель для персонала > Рива > Системы хранения > Шкафы высокие,Шкафы высокие,Системы хранения,Нет,Да,Нет,Шкафы,Мебель > Шкафы,category,17027919,,Нечёткое совпадение,82.6,Низкая,Проверить вручную,Название встречается в KIT несколько раз. Автоматическое переименование небезопасно.
01a0bb16-3db3-7ae4-b05a-bc222b851d06,Мебель для персонала > Рива > Системы хранения > Шкафы средние,Шкафы средние,Системы хранения,Нет,Да,Нет,Шкафы,Мебель > Шкафы,category,17027919,,Нечёткое совпадение,82.6,Низкая,Проверить вручную,Название встречается в KIT несколько раз. Автоматическое переименование небезопасно.
01a0bb16-89e1-75f5-a53f-b67207267ef6,Мебель для персонала > Рива > Системы хранения > Шкафы низкие,Шкафы низкие,Системы хранения,Нет,Да,Нет,Шкафы,Мебель > Шкафы,category,17027919,,Нечёткое совпадение,82.6,Низкая,Проверить вручную,Название встречается в KIT несколько раз. Автоматическое переименование небезопасно.
01a0bb2f-2ac5-7caa-b2f2-74193015d96d,Кабинеты руководителей > Ялта > Столы руководителя,Столы руководителя,Ялта,Нет,Да,Нет,Столы,Мебель > Столы,category,17027918,,Нечёткое совпадение,81.2,Низкая,Проверить вручную,Название встречается в KIT несколько раз. Автоматическое переименование небезопасно.
01a0bb2f-525c-7059-a135-06238582b2d0,Мебель для персонала > Р-лайн,Р-лайн,Мебель для персонала,Нет,Нет,Нет,Защитное стекло для онлайн-касс,Электроника > Электронное оборудование для торговли > Защитное стекло для онлайн-касс,type,,970803731,Нечёткое совпадение,62.7,Низкая,Проверить вручную,"Совпадение с типом товара Ozon, а не промежуточной категорией. Автоматическое переименование небезопасно."
01a0bb31-1eb7-7897-bea1-ab8b4469c93e,Стойки ресепшн > Рива,Рива,Стойки ресепшн,Нет,Да,Нет,Обезжириватель для ногтей,Красота и гигиена > Декоративная косметика > Обезжириватель для ногтей,type,,970681973,Нечёткое совпадение,79.2,Низкая,Проверить вручную,"Название встречается в KIT несколько раз. Совпадение с типом товара Ozon, а не промежуточной категорией. Автоматическое переименование небезопасно."
01a0bb31-e56d-7686-afb0-e3c8a4eb64da,Мебель для персонала > Метал Систем,Метал Систем,Мебель для персонала,Нет,Да,Нет,Тестер для систем видеонаблюдения,Электроника > Видеонаблюдение > Тестер для систем видеонаблюдения,type,,971039967,Нечёткое совпадение,76.7,Низкая,Проверить вручную,"Название встречается в KIT несколько раз. Совпадение с типом товара Ozon, а не промежуточной категорией. Автоматическое переименование небезопасно."
01a0bb31-eb4f-74d9-99e2-ad4d83bc78a9,Мебель для персонала > Метал Систем > Тумбы,Тумбы,Метал Систем,Нет,Да,Нет,Комоды и тумбы,Мебель > Комоды и тумбы,category,80711064,,Нечёткое совпадение,83.2,Низкая,Проверить вручную,Название встречается в KIT несколько раз. Автоматическое переименование небезопасно.
01a0bb35-6481-73fa-8e9d-7afa90566f5f,Мебель для персонала > Нова С > Системы хранения > Антресоли,Антресоли,Системы хранения,Нет,Нет,Нет,Антресоль мебельная,Мебель > Шкафы > Антресоль мебельная,type,,971161297,Нечёткое совпадение,75.9,Низкая,Проверить вручную,"Совпадение с типом товара Ozon, а не промежуточной категорией. Автоматическое переименование небезопасно."
01a0bb35-8d83-7530-a829-685a628a3825,Мебель для персонала > Нова С > Системы хранения > Шкафы,Шкафы,Системы хранения,Нет,Да,Нет,Шкафы,Мебель > Шкафы,category,17027919,,Точное совпадение,100.0,Высокая,Оставить,Название встречается в KIT несколько раз.
01a0bb40-3dcf-7d53-aba4-d7254c16c4dc,"Офис > Ежедневники, планинги, органайзеры, календари > Календари > Календари настенные",Календари настенные,Календари,Нет,Нет,Нет,Календарь,Канцелярские товары > Бумажная продукция > Календарь,type,,115951185,Нечёткое совпадение,74.5,Низкая,Проверить вручную,"Совпадение с типом товара Ozon, а не промежуточной категорией. Автоматическое переименование небезопасно."
01a0bb46-4bcd-745f-8ce5-03a5095413af,Для дома и гостиниц,Для дома и гостиниц,,Нет,Нет,Нет,Муфельная печь для обжига керамики,Хобби и творчество > Гончарное дело > Муфельная печь для обжига керамики,type,,971197785,Нечёткое совпадение,75.2,Низкая,Проверить вручную,"Совпадение с типом товара Ozon, а не промежуточной категорией. Автоматическое переименование небезопасно."
01a0bb46-51a6-764d-8fca-797a051f5954,Для дома и гостиниц > Лайт,Лайт,Для дома и гостиниц,Нет,Нет,Нет,Хайлайтер,Красота и гигиена > Декоративная косметика > Хайлайтер,type,,93454,Нечёткое совпадение,79.2,Низкая,Проверить вручную,"Совпадение с типом товара Ozon, а не промежуточной категорией. Автоматическое переименование небезопасно."
01a0bb46-5784-772d-9021-adc5dbe6700c,Для дома и гостиниц > Лайт > Тумбы,Тумбы,Лайт,Нет,Да,Нет,Комоды и тумбы,Мебель > Комоды и тумбы,category,80711064,,Нечёткое совпадение,81.2,Низкая,Проверить вручную,Название встречается в KIT несколько раз. Автоматическое переименование небезопасно.
01a0bb46-848c-78a9-8a3b-27df23eedf6b,Для дома и гостиниц > Лайт > Столы журнальные,Столы журнальные,Лайт,Нет,Да,Нет,Столы,Мебель > Столы,category,17027918,,Нечёткое совпадение,81.2,Низкая,Проверить вручную,Название встречается в KIT несколько раз. Автоматическое переименование небезопасно.
01a0bb46-9bfc-706d-bced-e51367c814b1,Для дома и гостиниц > Лайт > Столы,Столы,Лайт,Нет,Да,Нет,Столы,Мебель > Столы,category,17027918,,Точное совпадение,100.0,Высокая,Оставить,Название встречается в KIT несколько раз.
01a0bb46-b36a-7567-add0-74f84e2dc45b,Для дома и гостиниц > Лайт > Зеркала,Зеркала,Лайт,Нет,Да,Нет,Зеркала,Дом и сад > Зеркала,category,17028712,,Точное совпадение,100.0,Высокая,Оставить,Название встречается в KIT несколько раз.
01a0bb4a-c4fe-7e98-bd85-f7646be47270,Кресла > РВ Чейр,РВ Чейр,Кресла,Нет,Нет,Нет,Подогрев зеркал для ванной,Строительство и ремонт > Теплый пол > Подогрев зеркал для ванной,type,,970572719,Нечёткое совпадение,56.6,Низкая,Проверить вручную,"Совпадение с типом товара Ozon, а не промежуточной категорией. Автоматическое переименование небезопасно."
01a0bb4f-c9db-74c8-9987-54b6c8cfe80f,Кабинеты руководителей > Ялта > Системы хранения > Гардеробы,Гардеробы,Системы хранения,Нет,Да,Нет,Гардеробная система,Мебель > Шкафы > Гардеробная система,type,,95472,Нечёткое совпадение,74.5,Низкая,Проверить вручную,"Название встречается в KIT несколько раз. Совпадение с типом товара Ozon, а не промежуточной категорией. Автоматическое переименование небезопасно."
01a0bb50-0f08-7b08-8c9f-788cfdb6f055,Кабинеты руководителей > Ялта > Столы журнальные,Столы журнальные,Ялта,Нет,Да,Нет,Столы,Мебель > Столы,category,17027918,,Нечёткое совпадение,81.2,Низкая,Проверить вручную,Название встречается в KIT несколько раз. Автоматическое переименование небезопасно.
01a0bb5f-941b-7294-be19-fe275f72ec3a,Кабинеты руководителей > Оникс Директ > Брифинг-приставки,Брифинг-приставки,Оникс Директ,Нет,Да,Нет,Рис,"Продукты питания > Макароны, крупы, мука > Рис",type,,99237,Нечёткое совпадение,79.2,Низкая,Проверить вручную,"Название встречается в KIT несколько раз. Совпадение с типом товара Ozon, а не промежуточной категорией. Автоматическое переименование небезопасно."
01a0bb88-f33c-7732-8c4d-f34cd3341851,Мебель для персонала > Оникс > Столы операторские > Столы эргономичные на П-образных опорах,Столы эргономичные на П-образных опорах,Столы операторские,Нет,Нет,Нет,Столы,Мебель > Столы,category,17027918,,Нечёткое совпадение,82.2,Низкая,Проверить вручную,Автоматическое переименование небезопасно.
01a0bb89-8766-7a84-b28b-c139fd01cb36,Мебель для персонала > Оникс > Столы операторские > Столы прямые на П-образных опорах,Столы прямые на П-образных опорах,Столы операторские,Нет,Да,Нет,Столы,Мебель > Столы,category,17027918,,Нечёткое совпадение,82.2,Низкая,Проверить вручную,Название встречается в KIT несколько раз. Автоматическое переименование небезопасно.
01a0bb8a-3e5a-7bef-8d00-6bc62afd2611,Мебель для персонала > Оникс > Приставные элементы > Линейные столы-приставки на П-образных опорах,Линейные столы-приставки на П-образных опорах,Приставные элементы,Нет,Нет,Нет,Столы для настольного тенниса,Спорт и отдых > Столы для настольного тенниса,category,17028705,,Нечёткое совпадение,76.1,Низкая,Проверить вручную,Автоматическое переименование небезопасно.
01a0bb8e-9cca-71e5-ad2a-dcfb1b198dae,Мебель для персонала > Оникс > Приставные элементы > Брифинг-приставки на ЛДСП опорах,Брифинг-приставки на ЛДСП опорах,Приставные элементы,Нет,Нет,Нет,Коврик на торпедо,Автотовары > Автоаксессуары > Коврик на торпедо,type,,92173,Нечёткое совпадение,75.2,Низкая,Проверить вручную,"Совпадение с типом товара Ozon, а не промежуточной категорией. Автоматическое переименование небезопасно."
01a0bbb5-3175-710a-a2c5-5250e7363ed0,Мебель для персонала > Оникс > Рабочие станции > Эргономичные рабочие станции F2F на ЛДСП опорах,Эргономичные рабочие станции F2F на ЛДСП опорах,Рабочие станции,Нет,Нет,Нет,Фехтовальный протектор на маску,Спорт и отдых > Фехтование > Фехтовальный протектор на маску,type,,970667772,Нечёткое совпадение,75.2,Низкая,Проверить вручную,"Совпадение с типом товара Ozon, а не промежуточной категорией. Автоматическое переименование небезопасно."
01a0bbb5-7f43-732b-929a-09963885d734,Мебель для персонала > Оникс > Приставные элементы > Столы-приставки F2F на ЛДСП опорах,Столы-приставки F2F на ЛДСП опорах,Приставные элементы,Нет,Нет,Нет,Столы,Мебель > Столы,category,17027918,,Нечёткое совпадение,81.6,Низкая,Проверить вручную,Автоматическое переименование небезопасно.
01a0bdf9-0f82-7f3f-8d27-9fd783e6aadb,Мебель для персонала > Оникс > Столы операторские > Столы прямые на ЛДСП опорах,Столы прямые на ЛДСП опорах,Столы операторские,Нет,Нет,Нет,Столы,Мебель > Столы,category,17027918,,Нечёткое совпадение,82.2,Низкая,Проверить вручную,Автоматическое переименование небезопасно.
01a0bdfa-b7dc-715c-8e23-2479233af97c,Мебель для персонала > Оникс > Столы операторские > Столы эргономичные на ЛДСП опорах,Столы эргономичные на ЛДСП опорах,Столы операторские,Нет,Нет,Нет,Столы,Мебель > Столы,category,17027918,,Нечёткое совпадение,82.2,Низкая,Проверить вручную,Автоматическое переименование небезопасно.
01a0be01-007f-7c71-a19e-66c035c774ec,"Офис > Ежедневники, планинги, органайзеры, календари > Календари > Календари карманные",Календари карманные,Календари,Нет,Нет,Нет,Календарь,Канцелярские товары > Бумажная продукция > Календарь,type,,115951185,Нечёткое совпадение,74.5,Низкая,Проверить вручную,"Совпадение с типом товара Ozon, а не промежуточной категорией. Автоматическое переименование небезопасно."
01a0be21-cac3-770b-b652-f37c326b4c53,Мебель для персонала > Оникс Вуд > Рабочие станции > Прямые рабочие станции F2F,Прямые рабочие станции F2F,Рабочие станции,Нет,Нет,Нет,Брюки рабочие,Одежда > Спецодежда > Брюки рабочие,type,,93059,Нечёткое совпадение,76.3,Низкая,Проверить вручную,"Совпадение с типом товара Ozon, а не промежуточной категорией. Автоматическое переименование небезопасно."
01a0be52-40c9-792c-8ab2-e0e19016f680,Офис > Упаковка > Конверты и пакеты почтовые > Пакеты для сопроводительных документов,Пакеты для сопроводительных документов,Конверты и пакеты почтовые,Нет,Нет,Нет,Заколка для волос,Галантерея и аксессуары > Аксессуары для волос > Заколка для волос,type,,97576,Нечёткое совпадение,75.2,Низкая,Проверить вручную,"Совпадение с типом товара Ozon, а не промежуточной категорией. Автоматическое переименование небезопасно."
01a0be58-bdfe-7605-ae76-3009c000aaf3,Мебель для персонала > Рива > Столы переговорные,Столы переговорные,Рива,Нет,Да,Нет,Столы,Мебель > Столы,category,17027918,,Нечёткое совпадение,84.0,Низкая,Проверить вручную,Название встречается в KIT несколько раз. Автоматическое переименование небезопасно.
01a0be59-1bc0-7f34-bd18-b4dc7d74fa60,Мебель для персонала > Рива > Системы хранения > Полки,Полки,Системы хранения,Нет,Да,Нет,Полки и стеллажи,Мебель > Полки и стеллажи,category,80731485,,Нечёткое совпадение,82.6,Низкая,Проверить вручную,Название встречается в KIT несколько раз. Автоматическое переименование небезопасно.
01a0be59-7afe-73a3-b41d-e0df3cb62edb,Мебель для персонала > Рива > Аксессуары,Аксессуары,Рива,Нет,Да,Нет,Аксессуары,Галантерея и аксессуары > Аксессуары,category,17027904,,Точное совпадение,100.0,Высокая,Оставить,Название встречается в KIT несколько раз.
01a0be65-7fb4-7bc2-b75e-8b37857d3539,Офис > Папки и системы архивации > Короба и архивные системы картонные > Накопители документов,Накопители документов,Короба и архивные системы картонные,Нет,Нет,Нет,"Жесткие диски, SSD и сетевые накопители","Электроника > Жесткие диски, SSD и сетевые накопители",category,17028626,,Нечёткое совпадение,76.1,Низкая,Проверить вручную,Автоматическое переименование небезопасно.
01a0be74-0add-7d94-a40c-e967715b067d,"Подарки и праздник > Наградная продукция > Адресные папки, грамоты, дипломы > Папки адресные",Папки адресные,"Адресные папки, грамоты, дипломы",Нет,Нет,Нет,Разделитель для папки,Канцелярские товары > Папки и файлы > Разделитель для папки,type,,94477,Нечёткое совпадение,76.2,Низкая,Проверить вручную,"Совпадение с типом товара Ozon, а не промежуточной категорией. Автоматическое переименование небезопасно."
01a0be7a-46d2-72bc-9ca0-d1685f67756e,"Офис > Бумага для офисной техники > Блоки для записей, закладки > Блоки для записей в подставке",Блоки для записей в подставке,"Блоки для записей, закладки",Нет,Нет,Нет,Вкладыш для одежды,Галантерея и аксессуары > Аксессуары для одежды и обуви > Вкладыш для одежды,type,,970807508,Нечёткое совпадение,75.2,Низкая,Проверить вручную,"Совпадение с типом товара Ozon, а не промежуточной категорией. Автоматическое переименование небезопасно."
01a0be83-9e2b-79d8-98d2-80809fa283b6,Офис > Бумага для офисной техники > Дизайн- и сертификат-бумага,Дизайн- и сертификат-бумага,Бумага для офисной техники,Нет,Нет,Нет,Бумага,Канцелярские товары > Бумага,category,17029017,,Нечёткое совпадение,80.7,Низкая,Проверить вручную,Автоматическое переименование небезопасно.
01a0be83-a346-70b1-8456-631d2c0a3dd2,Офис > Бумага для офисной техники > Дизайн- и сертификат-бумага > Сертификат-бумага,Сертификат-бумага,Дизайн- и сертификат-бумага,Нет,Нет,Нет,Бумага,Канцелярские товары > Бумага,category,17029017,,Нечёткое совпадение,80.7,Низкая,Проверить вручную,Автоматическое переименование небезопасно.
01a0be8b-0311-7e76-b668-7116b202f926,Мебель для персонала > Рива > Системы хранения > Стеллажи,Стеллажи,Системы хранения,Нет,Да,Нет,Стеллаж,Мебель > Полки и стеллажи > Стеллаж,type,,95098,Нечёткое совпадение,85.1,Низкая,Проверить вручную,"Название встречается в KIT несколько раз. Совпадение с типом товара Ozon, а не промежуточной категорией. Автоматическое переименование небезопасно."
01a0be8b-205b-78b0-b069-05457bad4d2e,Мебель для персонала > Стайл > Системы хранения > Шкафы средние,Шкафы средние,Системы хранения,Нет,Да,Нет,Шкафы,Мебель > Шкафы,category,17027919,,Нечёткое совпадение,82.6,Низкая,Проверить вручную,Название встречается в KIT несколько раз. Автоматическое переименование небезопасно.
01a0be8b-37cd-762c-8211-2d04e5563ee3,Мебель для персонала > Стайл > Системы хранения > Шкафы высокие,Шкафы высокие,Системы хранения,Нет,Да,Нет,Шкафы,Мебель > Шкафы,category,17027919,,Нечёткое совпадение,82.6,Низкая,Проверить вручную,Название встречается в KIT несколько раз. Автоматическое переименование небезопасно.
01a0be96-31fc-7a66-bd57-9f8303c549ad,Техника для офиса > Расходные материалы > Этикетки и риббоны > Этикетки самоклеящиеся для папок,Этикетки самоклеящиеся для папок,Этикетки и риббоны,Нет,Нет,Нет,Сеточка для волос,Галантерея и аксессуары > Аксессуары для волос > Сеточка для волос,type,,970982035,Нечёткое совпадение,75.2,Низкая,Проверить вручную,"Совпадение с типом товара Ozon, а не промежуточной категорией. Автоматическое переименование небезопасно."
01a0beb6-7c79-7163-b0d9-467141249765,Кабинеты руководителей > Фёст,Фёст,Кабинеты руководителей,Нет,Нет,Нет,Фетальный допплер,Аптека > Медицинская техника > Фетальный допплер,type,,971006746,Нечёткое совпадение,67.9,Низкая,Проверить вручную,"Совпадение с типом товара Ozon, а не промежуточной категорией. Автоматическое переименование небезопасно."
01a0beb6-8247-71ed-b659-44be81874fc4,Кабинеты руководителей > Фёст > Системы хранения,Системы хранения,Фёст,Нет,Да,Нет,Аксессуар для хранения коллекций,Антиквариат и коллекционирование > Коллекционирование > Аксессуар для хранения коллекций,type,,93830,Нечёткое совпадение,76.6,Низкая,Проверить вручную,"Название встречается в KIT несколько раз. Совпадение с типом товара Ozon, а не промежуточной категорией. Автоматическое переименование небезопасно."
01a0beb6-8823-7aa1-bd8f-8deae0ad3985,Кабинеты руководителей > Фёст > Системы хранения > Шкафы высокие,Шкафы высокие,Системы хранения,Нет,Да,Нет,Шкафы,Мебель > Шкафы,category,17027919,,Нечёткое совпадение,80.7,Низкая,Проверить вручную,Название встречается в KIT несколько раз. Автоматическое переименование небезопасно.
01a0beb7-b177-7d0f-bf71-48c97cc6f5bc,Кабинеты руководителей > Фёст > Системы хранения > Шкафы средние,Шкафы средние,Системы хранения,Нет,Да,Нет,Шкафы,Мебель > Шкафы,category,17027919,,Нечёткое совпадение,80.7,Низкая,Проверить вручную,Название встречается в KIT несколько раз. Автоматическое переименование небезопасно.
01a0beb8-94e4-7897-9f55-a183fc9cf43a,Кабинеты руководителей > Фёст > Системы хранения > Шкафы низкие,Шкафы низкие,Системы хранения,Нет,Да,Нет,Шкафы,Мебель > Шкафы,category,17027919,,Нечёткое совпадение,80.7,Низкая,Проверить вручную,Название встречается в KIT несколько раз. Автоматическое переименование небезопасно.
01a0beb9-338d-744a-af46-7ef04efbcedd,"Электроника > Компьютеры и аксессуары, периферия","Компьютеры и аксессуары, периферия",Электроника,Нет,Нет,Нет,Компьютеры,Электроника > Компьютеры,category,17028619,,Нечёткое совпадение,85.2,Низкая,Проверить вручную,Автоматическое переименование небезопасно.
01a0beb9-3873-7a28-ae9e-bb4ee6735240,"Электроника > Компьютеры и аксессуары, периферия > Носители информации и аксессуары",Носители информации и аксессуары,"Компьютеры и аксессуары, периферия",Нет,Нет,Нет,Аксессуары,Одежда > Аксессуары,category,41777465,,Нечёткое совпадение,80.9,Низкая,Проверить вручную,Автоматическое переименование небезопасно.
01a0beb9-3d53-7629-9d6a-cb30844bca34,"Электроника > Компьютеры и аксессуары, периферия > Носители информации и аксессуары > Хранение CD и DVD дисков",Хранение CD и DVD дисков,Носители информации и аксессуары,Нет,Нет,Нет,Аксессуары и принадлежности для рыбалки,Спорт и отдых > Аксессуары и принадлежности для рыбалки,category,17028702,,Нечёткое совпадение,76.1,Низкая,Проверить вручную,Автоматическое переименование небезопасно.
01a0beba-d940-7868-96d2-3ff0f0311a62,Детям > Школьная бумажная продукция > Школьные журналы и книги,Школьные журналы и книги,Школьная бумажная продукция,Нет,Нет,Нет,Книги,Книги,category,200001482,,Нечёткое совпадение,80.9,Низкая,Проверить вручную,Автоматическое переименование небезопасно.
01a0bec2-e3ce-727d-a58d-7e1b51cd1806,Кабинеты руководителей > Фёст > Системы хранения > Гардеробы,Гардеробы,Системы хранения,Нет,Да,Нет,Гардеробная система,Мебель > Шкафы > Гардеробная система,type,,95472,Нечёткое совпадение,74.5,Низкая,Проверить вручную,"Название встречается в KIT несколько раз. Совпадение с типом товара Ozon, а не промежуточной категорией. Автоматическое переименование небезопасно."
01a0bec3-189c-74a8-a32e-6edb5a63ddb4,Кабинеты руководителей > Фёст > Тумбы,Тумбы,Фёст,Нет,Да,Нет,Комоды и тумбы,Мебель > Комоды и тумбы,category,80711064,,Нечёткое совпадение,81.2,Низкая,Проверить вручную,Название встречается в KIT несколько раз. Автоматическое переименование небезопасно.
01a0bec3-94f3-746e-9dce-3e6a0098b8bc,Мебель для персонала > Метал Систем > Царги,Царги,Метал Систем,Нет,Да,Нет,Ламинатор бумаги,Электроника > Полиграфическое оборудование > Ламинатор бумаги,type,,91558,Нечёткое совпадение,59.4,Низкая,Проверить вручную,"Название встречается в KIT несколько раз. Совпадение с типом товара Ozon, а не промежуточной категорией. Автоматическое переименование небезопасно."
01a0bec4-6d9d-74bc-99e2-6887d48c29fc,Кабинеты руководителей > Фёст > Столы журнальные,Столы журнальные,Фёст,Нет,Да,Нет,Столы,Мебель > Столы,category,17027918,,Нечёткое совпадение,81.2,Низкая,Проверить вручную,Название встречается в KIT несколько раз. Автоматическое переименование небезопасно.
01a0bec4-b9c9-7a66-8f92-6c265fb8cca7,Кресла > ЛИКВИДАЦИЯ,ЛИКВИДАЦИЯ,Кресла,Нет,Нет,Нет,Вода,"Продукты питания Ozon Fresh > Соки, воды, напитки Ozon Fresh > Вода",type,,94686,Нечёткое совпадение,59.4,Низкая,Проверить вручную,"Совпадение с типом товара Ozon, а не промежуточной категорией. Автоматическое переименование небезопасно."
01a0bec6-21e5-7e55-ae68-88e8ea609b02,Кабинеты руководителей > Фёст > Столы переговорные,Столы переговорные,Фёст,Нет,Да,Нет,Столы,Мебель > Столы,category,17027918,,Нечёткое совпадение,81.2,Низкая,Проверить вручную,Название встречается в KIT несколько раз. Автоматическое переименование небезопасно.
01a0bec7-3675-718a-b9ab-7bc3170a94ec,Для дома и гостиниц > Лайт > Кровати,Кровати,Лайт,Нет,Да,Нет,Кровати,Мебель > Кровати,category,17027917,,Точное совпадение,100.0,Высокая,Оставить,Название встречается в KIT несколько раз.
01a0bec9-acd4-7c5c-bcf4-ebfb7fec8248,Мебель для персонала > Метал Систем > Готовые комплекты рабочих станций,Готовые комплекты рабочих станций,Метал Систем,Нет,Да,Нет,Комплекты мебели,Мебель > Комплекты мебели,category,80770870,,Нечёткое совпадение,77.9,Низкая,Проверить вручную,Название встречается в KIT несколько раз. Автоматическое переименование небезопасно.
01a0bec9-b2af-7eed-82f6-e706a013d1ed,Мебель для персонала > Метал Систем > Готовые комплекты рабочих станций > Линейные рабочие станции на О-образных опорах с опорными тумбами/шкафами,Линейные рабочие станции на О-образных опорах с опорными тумбами/шкафами,Готовые комплекты рабочих станций,Нет,Да,Нет,Защитный мат на пружины,Спорт и отдых > Каркасные батуты и аксессуары > Защитный мат на пружины,type,,971092790,Нечёткое совпадение,75.2,Низкая,Проверить вручную,"Название встречается в KIT несколько раз. Совпадение с типом товара Ozon, а не промежуточной категорией. Автоматическое переименование небезопасно."
01a0becd-3df8-74da-96d7-46d65b23bc22,Мебель для персонала > Слим Систем > Экраны > Экраны тканевые,Экраны тканевые,Экраны,Нет,Нет,Нет,Кан,Спорт и отдых > Спортивные чехлы и сумки > Кан,type,,94391,Нечёткое совпадение,79.2,Низкая,Проверить вручную,"Совпадение с типом товара Ozon, а не промежуточной категорией. Автоматическое переименование небезопасно."
01a0bed3-88a6-72cf-afcb-b571adb4023b,Мебель для персонала > Метал Систем > Столы операторские,Столы операторские,Метал Систем,Нет,Да,Нет,Столы,Мебель > Столы,category,17027918,,Нечёткое совпадение,83.2,Низкая,Проверить вручную,Название встречается в KIT несколько раз. Автоматическое переименование небезопасно.
01a0bed3-9332-7932-ad4e-8d6e845bc647,Мебель для персонала > Метал Систем > Столы операторские > Эргономичные столы на П-образных опорах,Эргономичные столы на П-образных опорах,Столы операторские,Нет,Да,Нет,Столы,Мебель > Столы,category,17027918,,Нечёткое совпадение,81.9,Низкая,Проверить вручную,Название встречается в KIT несколько раз. Автоматическое переименование небезопасно.
01a0bed4-25f4-7eb2-bb97-6bbc3abcb0ae,Мебель для персонала > Метал Систем > Рабочие станции,Рабочие станции,Метал Систем,Нет,Да,Нет,Зарядные устройства и док-станции,Электроника > Зарядные устройства и док-станции,category,17028627,,Нечёткое совпадение,76.4,Низкая,Проверить вручную,Название встречается в KIT несколько раз. Автоматическое переименование небезопасно.
01a0bed4-2bd1-7b35-bc4b-4f7eba456346,Мебель для персонала > Метал Систем > Рабочие станции > Линейные рабочие станции на П-образных опорах,Линейные рабочие станции на П-образных опорах,Рабочие станции,Нет,Да,Нет,Спасательный набор на воде,Спорт и отдых > Лодки и лодочные моторы > Спасательный набор на воде,type,,970829678,Нечёткое совпадение,75.2,Низкая,Проверить вручную,"Название встречается в KIT несколько раз. Совпадение с типом товара Ozon, а не промежуточной категорией. Автоматическое переименование небезопасно."
01a0bed4-8f7e-7517-95cf-e4e7c42d78f1,Мебель для персонала > Метал Систем > Столы операторские > Столы прямые на П-образных опорах,Столы прямые на П-образных опорах,Столы операторские,Нет,Да,Нет,Столы,Мебель > Столы,category,17027918,,Нечёткое совпадение,81.9,Низкая,Проверить вручную,Название встречается в KIT несколько раз. Автоматическое переименование небезопасно.
01a0bed4-ed41-7b99-b0d5-0cedede45723,Мебель для персонала > Метал Систем > Столы операторские > Приставные элементы на П-образных опорах,Приставные элементы на П-образных опорах,Столы операторские,Нет,Да,Нет,Накладки на ладони,Спорт и отдых > Экипировка и защита > Накладки на ладони,type,,970680398,Нечёткое совпадение,75.2,Низкая,Проверить вручную,"Название встречается в KIT несколько раз. Совпадение с типом товара Ozon, а не промежуточной категорией. Автоматическое переименование небезопасно."
01a0bed5-19f9-797e-8a04-abed5e54d219,Мебель для переговорных зон > Метал Систем,Метал Систем,Мебель для переговорных зон,Нет,Да,Нет,Тестер для систем видеонаблюдения,Электроника > Видеонаблюдение > Тестер для систем видеонаблюдения,type,,971039967,Нечёткое совпадение,76.6,Низкая,Проверить вручную,"Название встречается в KIT несколько раз. Совпадение с типом товара Ozon, а не промежуточной категорией. Автоматическое переименование небезопасно."
01a0bed5-3166-76bc-9c69-c5c2d0abb211,Мебель для персонала > Метал Систем > Рабочие станции > Эргономичные рабочие станции F2F на П-образных опорах,Эргономичные рабочие станции F2F на П-образных опорах,Рабочие станции,Нет,Да,Нет,Подушка на руль самоката,Спорт и отдых > Скейтборды и самокаты > Подушка на руль самоката,type,,971446324,Нечёткое совпадение,75.2,Низкая,Проверить вручную,"Название встречается в KIT несколько раз. Совпадение с типом товара Ozon, а не промежуточной категорией. Автоматическое переименование небезопасно."
01a0bed5-6d4e-727d-aa85-562cc8349d9c,Мебель для персонала > Метал Систем > Рабочие станции > Прямые рабочие станции F2F на П-образных опорах,Прямые рабочие станции F2F на П-образных опорах,Рабочие станции,Нет,Да,Нет,Фехтовальный протектор на маску,Спорт и отдых > Фехтование > Фехтовальный протектор на маску,type,,970667772,Нечёткое совпадение,75.2,Низкая,Проверить вручную,"Название встречается в KIT несколько раз. Совпадение с типом товара Ozon, а не промежуточной категорией. Автоматическое переименование небезопасно."
01a0bed5-cb5c-7208-abc8-fe1678a46458,Мебель для персонала > Метал Систем > Готовые комплекты рабочих станций > Линейные рабочие станции на П-образных опорах с опорными тумбами/шкафами,Линейные рабочие станции на П-образных опорах с опорными тумбами/шкафами,Готовые комплекты рабочих станций,Нет,Да,Нет,Защитный мат на пружины,Спорт и отдых > Каркасные батуты и аксессуары > Защитный мат на пружины,type,,971092790,Нечёткое совпадение,75.2,Низкая,Проверить вручную,"Название встречается в KIT несколько раз. Совпадение с типом товара Ozon, а не промежуточной категорией. Автоматическое переименование небезопасно."
01a0bef6-4389-7813-9768-d274316e1f69,"Офис > Блокноты, записные книжки и тетради > Записные книжки",Записные книжки,"Блокноты, записные книжки и тетради",Нет,Нет,Нет,Записная книжка,Канцелярские товары > Бумажная продукция > Записная книжка,type,,94096,Нечёткое совпадение,70.4,Низкая,Проверить вручную,"Совпадение с типом товара Ozon, а не промежуточной категорией. Автоматическое переименование небезопасно."
01a0bef6-4869-79cf-ab7b-dcd9ef75fea9,"Офис > Блокноты, записные книжки и тетради > Записные книжки > Телефонные алфавитные книжки",Телефонные алфавитные книжки,Записные книжки,Нет,Нет,Нет,Телефонный кабель,Строительство и ремонт > Кабели и провод > Телефонный кабель,type,,96692,Нечёткое совпадение,63.4,Низкая,Проверить вручную,"Совпадение с типом товара Ozon, а не промежуточной категорией. Автоматическое переименование небезопасно."
01a0befa-f353-7c5e-94af-f9479b157f52,Для дома и гостиниц > Хоум Офис,Хоум Офис,Для дома и гостиниц,Нет,Нет,Нет,Рис,"Продукты питания > Макароны, крупы, мука > Рис",type,,99237,Нечёткое совпадение,63.4,Низкая,Проверить вручную,"Совпадение с типом товара Ozon, а не промежуточной категорией. Автоматическое переименование небезопасно."
01a0befa-f930-77d8-bfda-5175b3e3b238,Для дома и гостиниц > Хоум Офис > Столы письменные с опорными тумбами,Столы письменные с опорными тумбами,Хоум Офис,Нет,Нет,Нет,Столы,Мебель > Столы,category,17027918,,Нечёткое совпадение,80.5,Низкая,Проверить вручную,Автоматическое переименование небезопасно.
01a0befa-ff0e-7460-b9b7-e53d584021fe,Для дома и гостиниц > Хоум Офис > Столы письменные с опорными тумбами > Столы письменные с опорными тумбами на П-образных опорах,Столы письменные с опорными тумбами на П-образных опорах,Столы письменные с опорными тумбами,Нет,Нет,Нет,Спортивные игровые столы,Спорт и отдых > Спортивные игровые столы,category,92121881,,Нечёткое совпадение,76.1,Низкая,Проверить вручную,Автоматическое переименование небезопасно.
01a0befb-2814-749e-952a-dda3d4d5371d,Для дома и гостиниц > Хоум Офис > Столы письменные,Столы письменные,Хоум Офис,Нет,Да,Нет,Столы,Мебель > Столы,category,17027918,,Нечёткое совпадение,80.9,Низкая,Проверить вручную,Название встречается в KIT несколько раз. Автоматическое переименование небезопасно.
01a0befd-7390-7c01-b3ba-c22ba09c210f,Для дома и гостиниц > Хоум Офис > Столы журнальные,Столы журнальные,Хоум Офис,Нет,Да,Нет,Столы,Мебель > Столы,category,17027918,,Нечёткое совпадение,80.9,Низкая,Проверить вручную,Название встречается в KIT несколько раз. Автоматическое переименование небезопасно.
01a0bf04-cc49-7956-81ed-551faf53c42a,Детям > Школьная бумажная продукция > Тетради > Тетради для нот,Тетради для нот,Тетради,Нет,Нет,Нет,Фурнитура для наручных часов,Галантерея и аксессуары > Аксессуары > Фурнитура для наручных часов,type,,971302241,Нечёткое совпадение,75.2,Низкая,Проверить вручную,"Совпадение с типом товара Ozon, а не промежуточной категорией. Автоматическое переименование небезопасно."
01a0bf05-6dd0-7d8e-bae8-3b937ecdea83,"Школа > Школьные канцтовары > Аксессуары для тетрадей, книг и учебников > Наклейки",Наклейки,"Аксессуары для тетрадей, книг и учебников",Нет,Нет,Нет,Наклейки,Канцелярские товары > Бумажная продукция > Наклейки,type,,971123837,Точное совпадение,100.0,Высокая,Оставить,"Совпадение с типом товара Ozon, а не промежуточной категорией."
01a0bf0c-fdf9-7d36-a0f4-a7d4425dea5a,Офис > Деловая и бизнес литература,Деловая и бизнес литература,Офис,Нет,Нет,Нет,Обогрев и вентиляция для с/х животных и птиц,Фермерское хозяйство > Обогрев и вентиляция для с/х животных и птиц,category,88979257,,Нечёткое совпадение,75.2,Низкая,Проверить вручную,Автоматическое переименование небезопасно.
01a0bf0d-02d6-7bc7-b88a-095e830fce0e,Офис > Деловая и бизнес литература > Нормативно-правовая литература,Нормативно-правовая литература,Деловая и бизнес литература,Нет,Нет,Нет,Турка,Дом и сад > Посуда для приготовления > Турка,type,,92469,Нечёткое совпадение,70.4,Низкая,Проверить вручную,"Совпадение с типом товара Ozon, а не промежуточной категорией. Автоматическое переименование небезопасно."
01a0bf23-4e16-7053-8d19-3d793a441cab,Бумага > Книги бухгалтерские и журналы регистрации > Книги учета универсальные,Книги учета универсальные,Книги бухгалтерские и журналы регистрации,Нет,Нет,Нет,Книги,Книги,category,200001482,,Нечёткое совпадение,80.9,Низкая,Проверить вручную,Автоматическое переименование небезопасно.
01a0bf36-614f-7b27-bb1d-91da016a0b5a,"Хобби и творчество > Товары для художников > Холсты, мольберты, этюдники, грунтованный картон","Холсты, мольберты, этюдники, грунтованный картон",Товары для художников,Нет,Да,Нет,Этюдник,Хобби и творчество > Мольберты и этюдники > Этюдник,type,,97416,Нечёткое совпадение,84.0,Низкая,Проверить вручную,"Название встречается в KIT несколько раз. Совпадение с типом товара Ozon, а не промежуточной категорией. Автоматическое переименование небезопасно."
01a0bf36-662c-7bcb-aca0-eaf8d29778e4,"Хобби и творчество > Товары для художников > Холсты, мольберты, этюдники, грунтованный картон > Картон грунтованный для художественных работ",Картон грунтованный для художественных работ,"Холсты, мольберты, этюдники, грунтованный картон",Нет,Нет,Нет,Картон,Канцелярские товары > Бумага > Картон,type,,91410,Нечёткое совпадение,81.0,Низкая,Проверить вручную,"Совпадение с типом товара Ozon, а не промежуточной категорией. Автоматическое переименование небезопасно."
01a0bf37-b7de-7eb9-836f-284f10c71f9d,Кабинеты руководителей > Фёст > Системы хранения > Шкафы-купе,Шкафы-купе,Системы хранения,Нет,Да,Нет,Шкаф-купе,Мебель > Шкафы > Шкаф-купе,type,,970679785,Нечёткое совпадение,86.0,Низкая,Проверить вручную,"Название встречается в KIT несколько раз. Совпадение с типом товара Ozon, а не промежуточной категорией. Автоматическое переименование небезопасно."
01a0bf37-d530-757c-bf9e-845afea23d45,Кабинеты руководителей > Фёст > Системы хранения > Стеллажи,Стеллажи,Системы хранения,Нет,Да,Нет,Стеллаж,Мебель > Полки и стеллажи > Стеллаж,type,,95098,Нечёткое совпадение,83.5,Низкая,Проверить вручную,"Название встречается в KIT несколько раз. Совпадение с типом товара Ozon, а не промежуточной категорией. Автоматическое переименование небезопасно."
01a0bf39-97c4-70f1-a7f0-af866ca353c4,Мебель для персонала > Метал Систем > Рабочие станции > Прямые рабочие станции F2F на А-образных опорах,Прямые рабочие станции F2F на А-образных опорах,Рабочие станции,Нет,Нет,Нет,Фехтовальный протектор на маску,Спорт и отдых > Фехтование > Фехтовальный протектор на маску,type,,970667772,Нечёткое совпадение,75.2,Низкая,Проверить вручную,"Совпадение с типом товара Ozon, а не промежуточной категорией. Автоматическое переименование небезопасно."
01a0bf39-e74d-7963-87cb-df87396638f9,Мебель для персонала > Метал Систем > Столы операторские > Столы прямые на А-образных опорах,Столы прямые на А-образных опорах,Столы операторские,Нет,Нет,Нет,Столы,Мебель > Столы,category,17027918,,Нечёткое совпадение,81.9,Низкая,Проверить вручную,Автоматическое переименование небезопасно.
01a0bf3a-2318-7bc6-aa27-d3a9fbe3ec35,Мебель для персонала > Метал Систем > Столы операторские > Приставные элементы на А-образных опорах,Приставные элементы на А-образных опорах,Столы операторские,Нет,Нет,Нет,Накладки на ладони,Спорт и отдых > Экипировка и защита > Накладки на ладони,type,,970680398,Нечёткое совпадение,75.2,Низкая,Проверить вручную,"Совпадение с типом товара Ozon, а не промежуточной категорией. Автоматическое переименование небезопасно."
01a0bf3a-3a88-7040-ab6f-2a3ffd4c9f4d,Мебель для персонала > Метал Систем > Рабочие станции > Эргономичные рабочие станции F2F на А-образных опорах,Эргономичные рабочие станции F2F на А-образных опорах,Рабочие станции,Нет,Нет,Нет,Подушка на руль самоката,Спорт и отдых > Скейтборды и самокаты > Подушка на руль самоката,type,,971446324,Нечёткое совпадение,75.2,Низкая,Проверить вручную,"Совпадение с типом товара Ozon, а не промежуточной категорией. Автоматическое переименование небезопасно."
01a0bf3a-a9dd-7750-83c9-327f4c690b6d,Мебель для персонала > Метал Систем > Столы операторские > Эргономичные столы на А-образных опорах,Эргономичные столы на А-образных опорах,Столы операторские,Нет,Нет,Нет,Столы,Мебель > Столы,category,17027918,,Нечёткое совпадение,81.9,Низкая,Проверить вручную,Автоматическое переименование небезопасно.
01a0bf3b-3ca1-70f0-9a27-0e6a7fa6f248,Мебель для персонала > Метал Систем > Рабочие станции > Линейные рабочие станции на А-образных опорах,Линейные рабочие станции на А-образных опорах,Рабочие станции,Нет,Нет,Нет,Спасательный набор на воде,Спорт и отдых > Лодки и лодочные моторы > Спасательный набор на воде,type,,970829678,Нечёткое совпадение,75.2,Низкая,Проверить вручную,"Совпадение с типом товара Ozon, а не промежуточной категорией. Автоматическое переименование небезопасно."
01a0bf45-ca1e-7a14-936c-34e798e839cb,Офис > Упаковка > Конверты и пакеты почтовые > Сейф-пакеты,Сейф-пакеты,Конверты и пакеты почтовые,Нет,Нет,Нет,Сейф,Канцелярские товары > Сейфы и архивные шкафы > Сейф,type,,98058,Нечёткое совпадение,80.3,Низкая,Проверить вручную,"Совпадение с типом товара Ozon, а не промежуточной категорией. Автоматическое переименование небезопасно."
01a0bf87-d24a-70ef-a84d-47acc91cba0f,Мебель для персонала > Метал Систем > Столы переговорные,Столы переговорные,Метал Систем,Нет,Да,Нет,Столы,Мебель > Столы,category,17027918,,Нечёткое совпадение,83.2,Низкая,Проверить вручную,Название встречается в KIT несколько раз. Автоматическое переименование небезопасно.
01a0bf87-d827-75bc-be78-24689b30dabf,Мебель для персонала > Метал Систем > Столы переговорные > Столы переговорные на А-образных опорах,Столы переговорные на А-образных опорах,Столы переговорные,Нет,Нет,Нет,Столы,Мебель > Столы,category,17027918,,Нечёткое совпадение,82.2,Низкая,Проверить вручную,Автоматическое переименование небезопасно.
01a0bf89-f71c-7da0-81cc-b6dc43df75ce,Мебель для персонала > Метал Систем > Готовые комплекты рабочих станций > Линейные рабочие станции на А-образных опорах с опорными тумбами/шкафами,Линейные рабочие станции на А-образных опорах с опорными тумбами/шкафами,Готовые комплекты рабочих станций,Нет,Нет,Нет,Защитный мат на пружины,Спорт и отдых > Каркасные батуты и аксессуары > Защитный мат на пружины,type,,971092790,Нечёткое совпадение,75.2,Низкая,Проверить вручную,"Совпадение с типом товара Ozon, а не промежуточной категорией. Автоматическое переименование небезопасно."
01a0bf8a-33fc-7c30-b629-c50f0668c68e,Мебель для персонала > Метал Систем > Готовые комплекты рабочих станций > Прямые рабочие станции F2F на А-образных опорах с опорными тумбами/шкафами,Прямые рабочие станции F2F на А-образных опорах с опорными тумбами/шкафами,Готовые комплекты рабочих станций,Нет,Нет,Нет,Защитный мат на пружины,Спорт и отдых > Каркасные батуты и аксессуары > Защитный мат на пружины,type,,971092790,Нечёткое совпадение,75.2,Низкая,Проверить вручную,"Совпадение с типом товара Ozon, а не промежуточной категорией. Автоматическое переименование небезопасно."
01a0bfbb-69cd-77a0-afe7-5740d7bf1bf3,Norden,Norden,,Нет,Нет,Нет,Оборудование для HoReCa,Дом и сад > Оборудование для HoReCa,category,89280910,,Нечёткое совпадение,45.1,Низкая,Проверить вручную,Автоматическое переименование небезопасно.
01a0bfbb-9751-7746-a53c-fc5296d722a9,Офисная мебель,Офисная мебель,,Нет,Нет,Нет,Мебель,Мебель,category,17027915,,Нечёткое совпадение,85.2,Низкая,Проверить вручную,Автоматическое переименование небезопасно.
01a0bfbb-9851-74c7-bb00-cef8042368bc,Офисная мебель > Мебель для персонала,Мебель для персонала,Офисная мебель,Нет,Да,Нет,Мебель,Мебель,category,17027915,,Нечёткое совпадение,83.2,Низкая,Проверить вручную,Название встречается в KIT несколько раз. Автоматическое переименование небезопасно.
01a0bfbb-9945-7624-9c37-06d29dd493c1,Офисная мебель > Мебель для персонала > Аллегро / Allegro,Аллегро / Allegro,Мебель для персонала,Нет,Нет,Нет,ALA,Аптека > Спортивные добавки > ALA,type,,970889518,Нечёткое совпадение,60.2,Низкая,Проверить вручную,"Совпадение с типом товара Ozon, а не промежуточной категорией. Автоматическое переименование небезопасно."
01a0bfbb-9e76-7c52-a7b9-2a59f639da27,Офисная мебель > Мебель для персонала > Аллегро / Allegro > Комбо,Комбо,Аллегро / Allegro,Нет,Нет,Нет,Гитарный комбоусилитель,Музыкальные инструменты > Аксессуары к музыкальным инструментам > Гитарный комбоусилитель,type,,95661,Нечёткое совпадение,79.2,Низкая,Проверить вручную,"Совпадение с типом товара Ozon, а не промежуточной категорией. Автоматическое переименование небезопасно."
01a0bfbb-9fb6-7b9f-a508-6e388b3d644a,Офисная мебель > Мебель для персонала > Аллегро / Allegro > Комбо > Комбо ЭЛЕМЕНТЫ (для набора),Комбо ЭЛЕМЕНТЫ (для набора),Комбо,Нет,Нет,Нет,Доска для лепки,Хобби и творчество > Гончарное дело > Доска для лепки,type,,99415,Нечёткое совпадение,75.2,Низкая,Проверить вручную,"Совпадение с типом товара Ozon, а не промежуточной категорией. Автоматическое переименование небезопасно."
01a0bfbb-a101-76ce-addb-c51311b26d2a,Офисная мебель > Мебель для персонала > Аллегро / Allegro > Комбо > Комбо ЭЛЕМЕНТЫ (для набора) > Антресоли-комбо,Антресоли-комбо,Комбо ЭЛЕМЕНТЫ (для набора),Нет,Нет,Нет,Комод,Мебель > Комоды и тумбы > Комод,type,,95086,Нечёткое совпадение,64.4,Низкая,Проверить вручную,"Совпадение с типом товара Ozon, а не промежуточной категорией. Автоматическое переименование небезопасно."
01a0bfbb-e9c8-7b02-86ce-55c6c8bc7f0e,Офисная мебель > Мебель для персонала > Аллегро / Allegro > Шкафы-купе,Шкафы-купе,Аллегро / Allegro,Нет,Да,Нет,Шкаф-купе,Мебель > Шкафы > Шкаф-купе,type,,970679785,Нечёткое совпадение,87.9,Низкая,Проверить вручную,"Название встречается в KIT несколько раз. Совпадение с типом товара Ozon, а не промежуточной категорией. Автоматическое переименование небезопасно."
01a0bfbc-049d-70e7-b7d4-5e39a53b30ec,Офисная мебель > Аксессуары,Аксессуары,Офисная мебель,Нет,Да,Нет,Аксессуары,Галантерея и аксессуары > Аксессуары,category,17027904,,Точное совпадение,100.0,Высокая,Оставить,Название встречается в KIT несколько раз.
01a0bfbc-0a11-7ee7-9b0a-143c4b217954,Офисная мебель > Аксессуары > Лючки,Лючки,Аксессуары,Нет,Нет,Нет,Ключница карманная,Галантерея и аксессуары > Аксессуары > Ключница карманная,type,,93334,Нечёткое совпадение,65.1,Низкая,Проверить вручную,"Совпадение с типом товара Ozon, а не промежуточной категорией. Автоматическое переименование небезопасно."
01a0bfbc-22ff-78d4-9709-7be50d0577ea,Кресла и стулья,Кресла и стулья,,Нет,Нет,Нет,Стул,"Мебель > Стулья, скамьи, табуреты, пуфики > Стул",type,,95048,Нечёткое совпадение,80.9,Низкая,Проверить вручную,"Совпадение с типом товара Ozon, а не промежуточной категорией. Автоматическое переименование небезопасно."
01a0bfbc-2404-73b7-bc2c-d7842aab54bf,Кресла и стулья > Кресла,Кресла,Кресла и стулья,Нет,Да,Нет,Диваны и кресла,Мебель > Диваны и кресла,category,80375615,,Нечёткое совпадение,82.2,Низкая,Проверить вручную,Название встречается в KIT несколько раз. Автоматическое переименование небезопасно.
01a0bfbc-24bf-72b8-834b-002bd472d3dc,Кресла и стулья > Кресла > Конференц-кресла,Конференц-кресла,Кресла,Нет,Нет,Нет,Компьютерные и офисные кресла,Мебель > Компьютерные и офисные кресла,category,79164512,,Нечёткое совпадение,77.2,Низкая,Проверить вручную,Автоматическое переименование небезопасно.
01a0bfbc-5ee5-7033-8406-5ff6c01a78ec,Офисная мебель > Кабинеты руководителя,Кабинеты руководителя,Офисная мебель,Нет,Нет,Нет,Комод,Мебель > Комоды и тумбы > Комод,type,,95086,Нечёткое совпадение,65.1,Низкая,Проверить вручную,"Совпадение с типом товара Ozon, а не промежуточной категорией. Автоматическое переименование небезопасно."
01a0bfbc-6559-740a-ba7b-cac9570a815f,Офисная мебель > Кабинеты руководителя > Сирио / Sirio,Сирио / Sirio,Кабинеты руководителя,Нет,Нет,Нет,Сироп,"Продукты питания > Соки, воды, напитки > Сироп",type,,97047,Нечёткое совпадение,63.4,Низкая,Проверить вручную,"Совпадение с типом товара Ozon, а не промежуточной категорией. Автоматическое переименование небезопасно."
01a0bfbc-665f-7f3d-ba30-bc2a57b92661,Офисная мебель > Кабинеты руководителя > Сирио / Sirio > Столы,Столы,Сирио / Sirio,Нет,Да,Нет,Столы,Мебель > Столы,category,17027918,,Точное совпадение,100.0,Высокая,Оставить,Название встречается в KIT несколько раз.
01a0bfbc-6cb4-7951-a694-8a2fe7502995,Офисная мебель > Кабинеты руководителя > Вуд Стоун / Wood&Stone,Вуд Стоун / Wood&Stone,Кабинеты руководителя,Нет,Нет,Нет,Стул,"Мебель > Стулья, скамьи, табуреты, пуфики > Стул",type,,95048,Нечёткое совпадение,60.3,Низкая,Проверить вручную,"Совпадение с типом товара Ozon, а не промежуточной категорией. Автоматическое переименование небезопасно."
01a0bfbc-6dbe-79f5-81d8-e57a0dfc2c31,Офисная мебель > Кабинеты руководителя > Вуд Стоун / Wood&Stone > Столы,Столы,Вуд Стоун / Wood&Stone,Нет,Да,Нет,Столы,Мебель > Столы,category,17027918,,Точное совпадение,100.0,Высокая,Оставить,Название встречается в KIT несколько раз.
01a0bfbc-72ee-793f-9e58-65c7c60a88f8,Офисная мебель > Кабинеты руководителя > Вуд Стоун / Wood&Stone > Столы > Столы руководителя,Столы руководителя,Столы,Нет,Да,Нет,Столы,Мебель > Столы,category,17027918,,Нечёткое совпадение,81.9,Низкая,Проверить вручную,Название встречается в KIT несколько раз. Автоматическое переименование небезопасно.
01a0bfbc-7a0d-7871-9a0e-7b24ec295270,Офисная мебель > Кабинеты руководителя > Кварц / Quartz,Кварц / Quartz,Кабинеты руководителя,Нет,Нет,Нет,Плитка кварц-виниловая,Строительство и ремонт > Плитка и керамогранит > Плитка кварц-виниловая,type,,970699234,Нечёткое совпадение,76.3,Низкая,Проверить вручную,"Совпадение с типом товара Ozon, а не промежуточной категорией. Автоматическое переименование небезопасно."
01a0bfbc-879b-76d1-8463-03743ab72af0,Офисная мебель > Кабинеты руководителя > Кварц / Quartz > Столы,Столы,Кварц / Quartz,Нет,Да,Нет,Столы,Мебель > Столы,category,17027918,,Точное совпадение,100.0,Высокая,Оставить,Название встречается в KIT несколько раз.
01a0bfbc-9343-76e0-8c62-f97639175b05,Офисная мебель > Кабинеты руководителя > Риф / Reef,Риф / Reef,Кабинеты руководителя,Нет,Нет,Нет,Рис,"Продукты питания > Макароны, крупы, мука > Рис",type,,99237,Нечёткое совпадение,63.4,Низкая,Проверить вручную,"Совпадение с типом товара Ozon, а не промежуточной категорией. Автоматическое переименование небезопасно."
01a0bfbc-942a-723a-a2ff-e5f120382b33,Офисная мебель > Кабинеты руководителя > Риф / Reef > Столы,Столы,Риф / Reef,Нет,Да,Нет,Столы,Мебель > Столы,category,17027918,,Точное совпадение,100.0,Высокая,Оставить,Название встречается в KIT несколько раз.
01a0bfbc-998c-7e3a-be03-960ab91c98e7,Офисная мебель > Кабинеты руководителя > Риф / Reef > Столы > Брифинг-приставки,Брифинг-приставки,Столы,Нет,Да,Нет,Рис,"Продукты питания > Макароны, крупы, мука > Рис",type,,99237,Нечёткое совпадение,79.2,Низкая,Проверить вручную,"Название встречается в KIT несколько раз. Совпадение с типом товара Ozon, а не промежуточной категорией. Автоматическое переименование небезопасно."
01a0bfbc-a067-78ae-bf4a-e4872e553ca7,Офисная мебель > Кабинеты руководителя > Аллегро / Allegro cabinet,Аллегро / Allegro cabinet,Кабинеты руководителя,Нет,Нет,Нет,ALA,Аптека > Спортивные добавки > ALA,type,,970889518,Нечёткое совпадение,60.2,Низкая,Проверить вручную,"Совпадение с типом товара Ozon, а не промежуточной категорией. Автоматическое переименование небезопасно."
01a0bfbc-a155-78cb-b13b-f679df2a675c,Офисная мебель > Кабинеты руководителя > Аллегро / Allegro cabinet > Брифинг-приставки,Брифинг-приставки,Аллегро / Allegro cabinet,Нет,Да,Нет,Рис,"Продукты питания > Макароны, крупы, мука > Рис",type,,99237,Нечёткое совпадение,79.2,Низкая,Проверить вручную,"Название встречается в KIT несколько раз. Совпадение с типом товара Ozon, а не промежуточной категорией. Автоматическое переименование небезопасно."
01a0bfbc-b2fa-702c-86c2-53ac17bb3310,Офисная мебель > Мебель для персонала > Сигма / Sigma,Сигма / Sigma,Мебель для персонала,Нет,Нет,Нет,Мак,"Продукты питания > Соль, сахар, специи > Мак",type,,99189,Нечёткое совпадение,60.2,Низкая,Проверить вручную,"Совпадение с типом товара Ozon, а не промежуточной категорией. Автоматическое переименование небезопасно."
01a0bfbc-b40d-7a19-83b1-25f7a25c700d,Офисная мебель > Мебель для персонала > Сигма / Sigma > Столы на МК,Столы на МК,Сигма / Sigma,Нет,Да,Нет,Столы,Мебель > Столы,category,17027918,,Нечёткое совпадение,82.6,Низкая,Проверить вручную,Название встречается в KIT несколько раз. Автоматическое переименование небезопасно.
01a0bfbc-c19a-79d7-9a80-3fedcf60fcac,Офисная мебель > Мебель для персонала > Сигма / Sigma > Столы на МК > Брифинг-приставки на мк,Брифинг-приставки на мк,Столы на МК,Нет,Нет,Нет,Рис,"Продукты питания > Макароны, крупы, мука > Рис",type,,99237,Нечёткое совпадение,79.2,Низкая,Проверить вручную,"Совпадение с типом товара Ozon, а не промежуточной категорией. Автоматическое переименование небезопасно."
01a0bfc3-8dbf-7120-ada2-6c1343cee9ff,Norden > Кресло офисное,Кресло офисное,Norden,Нет,Нет,Нет,Офисное кресло,Мебель > Компьютерные и офисные кресла > Офисное кресло,type,,95041,Нечёткое совпадение,87.0,Низкая,Проверить вручную,"Совпадение с типом товара Ozon, а не промежуточной категорией. Автоматическое переименование небезопасно."
01a0bfd8-a97a-77cc-93fb-70bcd194ae7b,Офисная мебель > Мебель для персонала > Сигма / Sigma > Столы на МК > Столы 40х40 МК Антрацит,Столы 40х40 МК Антрацит,Столы на МК,Нет,Нет,Нет,Столы,Мебель > Столы,category,17027918,,Нечёткое совпадение,81.9,Низкая,Проверить вручную,Автоматическое переименование небезопасно.
01a0bfd8-c6a7-7c37-9801-0d5356596f19,Офисная мебель > Мебель для персонала > Сигма / Sigma > Столы на МК > Столы 60х30 МК Белый,Столы 60х30 МК Белый,Столы на МК,Нет,Нет,Нет,Столы,Мебель > Столы,category,17027918,,Нечёткое совпадение,81.9,Низкая,Проверить вручную,Автоматическое переименование небезопасно.
01a0bfd8-e186-725b-ade1-732aa3cd0940,Офисная мебель > Мебель для персонала > Сигма / Sigma > Столы на МК > Столы 40х40 МК Белый,Столы 40х40 МК Белый,Столы на МК,Нет,Нет,Нет,Столы,Мебель > Столы,category,17027918,,Нечёткое совпадение,81.9,Низкая,Проверить вручную,Автоматическое переименование небезопасно.
01a0bfe7-3ff4-751b-b7e5-53a5dadbc8ed,Офисная мебель > Мебель для персонала > Призма / Prizma,Призма / Prizma,Мебель для персонала,Нет,Нет,Нет,Мак,"Продукты питания > Соль, сахар, специи > Мак",type,,99189,Нечёткое совпадение,60.2,Низкая,Проверить вручную,"Совпадение с типом товара Ozon, а не промежуточной категорией. Автоматическое переименование небезопасно."
01a0bfe7-55bc-725a-836e-07068b786712,Офисная мебель > Мебель для персонала > Призма / Prizma > Белый,Белый,Призма / Prizma,Нет,Да,Нет,Теплый пол,Строительство и ремонт > Теплый пол > Теплый пол,type,,95401,Нечёткое совпадение,63.4,Низкая,Проверить вручную,"Название встречается в KIT несколько раз. Совпадение с типом товара Ozon, а не промежуточной категорией. Автоматическое переименование небезопасно."
01a0bfe7-575e-7019-be66-4a2967b6e387,Офисная мебель > Мебель для персонала > Призма / Prizma > Белый > П-образные опоры,П-образные опоры,Белый,Нет,Да,Нет,Топор,Строительство и ремонт > Инструменты для ремонта и строительства > Топор,type,,92144,Нечёткое совпадение,63.4,Низкая,Проверить вручную,"Название встречается в KIT несколько раз. Совпадение с типом товара Ozon, а не промежуточной категорией. Автоматическое переименование небезопасно."
01a0bfe7-5903-78b5-95db-4ec02430bbc7,Офисная мебель > Мебель для персонала > Призма / Prizma > Белый > П-образные опоры > Белый,Белый,П-образные опоры,Нет,Да,Нет,Теплый пол,Строительство и ремонт > Теплый пол > Теплый пол,type,,95401,Нечёткое совпадение,63.4,Низкая,Проверить вручную,"Название встречается в KIT несколько раз. Совпадение с типом товара Ozon, а не промежуточной категорией. Автоматическое переименование небезопасно."
01a0bfe7-8638-736b-abd5-3c03c93429a1,Офисная мебель > Мебель для персонала > Призма / Prizma > Белый > П-образные опоры > Черный,Черный,П-образные опоры,Нет,Да,Нет,Воск интерьерный,Строительство и ремонт > Строительная химия > Воск интерьерный,type,,970955994,Нечёткое совпадение,72.0,Низкая,Проверить вручную,"Название встречается в KIT несколько раз. Совпадение с типом товара Ozon, а не промежуточной категорией. Автоматическое переименование небезопасно."
01a0bfe7-b36f-7930-9689-0de6b9a3b6bc,Офисная мебель > Мебель для персонала > Призма / Prizma > Белый > О-образные опоры,О-образные опоры,Белый,Нет,Да,Нет,Топор,Строительство и ремонт > Инструменты для ремонта и строительства > Топор,type,,92144,Нечёткое совпадение,63.4,Низкая,Проверить вручную,"Название встречается в KIT несколько раз. Совпадение с типом товара Ozon, а не промежуточной категорией. Автоматическое переименование небезопасно."
01a0bfe7-b512-7aa7-8af1-2d6451fff9c7,Офисная мебель > Мебель для персонала > Призма / Prizma > Белый > О-образные опоры > Белый,Белый,О-образные опоры,Нет,Да,Нет,Теплый пол,Строительство и ремонт > Теплый пол > Теплый пол,type,,95401,Нечёткое совпадение,63.4,Низкая,Проверить вручную,"Название встречается в KIT несколько раз. Совпадение с типом товара Ozon, а не промежуточной категорией. Автоматическое переименование небезопасно."
01a0bfe7-e246-7b3a-a20b-28be5f35a88f,Офисная мебель > Мебель для персонала > Призма / Prizma > Белый > О-образные опоры > Черный,Черный,О-образные опоры,Нет,Да,Нет,Воск интерьерный,Строительство и ремонт > Строительная химия > Воск интерьерный,type,,970955994,Нечёткое совпадение,72.0,Низкая,Проверить вручную,"Название встречается в KIT несколько раз. Совпадение с типом товара Ozon, а не промежуточной категорией. Автоматическое переименование небезопасно."
01a0bfe7-fb58-7ccc-b918-be9e63f03341,Офисная мебель > Мебель для персонала > Призма / Prizma > Дуб Модена,Дуб Модена,Призма / Prizma,Нет,Нет,Нет,Дренаж,"Дом и сад > Грунт, удобрения и садовая химия > Дренаж",type,,97146,Нечёткое совпадение,63.4,Низкая,Проверить вручную,"Совпадение с типом товара Ozon, а не промежуточной категорией. Автоматическое переименование небезопасно."
01a0bfe8-1122-7a0e-8ea5-f1d603c3d76d,Офисная мебель > Мебель для персонала > Призма / Prizma > Дуб Модена > П-образные опоры,П-образные опоры,Дуб Модена,Нет,Да,Нет,Топор,Строительство и ремонт > Инструменты для ремонта и строительства > Топор,type,,92144,Нечёткое совпадение,63.4,Низкая,Проверить вручную,"Название встречается в KIT несколько раз. Совпадение с типом товара Ozon, а не промежуточной категорией. Автоматическое переименование небезопасно."
01a0bfe8-26e4-71a5-af05-c12d2c6ec33e,Офисная мебель > Мебель для персонала > Призма / Prizma > Дуб Модена > П-образные опоры > Белый,Белый,П-образные опоры,Нет,Да,Нет,Теплый пол,Строительство и ремонт > Теплый пол > Теплый пол,type,,95401,Нечёткое совпадение,63.4,Низкая,Проверить вручную,"Название встречается в KIT несколько раз. Совпадение с типом товара Ozon, а не промежуточной категорией. Автоматическое переименование небезопасно."
01a0bfe8-7bc8-7866-86ba-391e60a75bdc,Офисная мебель > Мебель для персонала > Призма / Prizma > Дуб Модена > П-образные опоры > Черный,Черный,П-образные опоры,Нет,Да,Нет,Воск интерьерный,Строительство и ремонт > Строительная химия > Воск интерьерный,type,,970955994,Нечёткое совпадение,72.0,Низкая,Проверить вручную,"Название встречается в KIT несколько раз. Совпадение с типом товара Ozon, а не промежуточной категорией. Автоматическое переименование небезопасно."
01a0bfe8-a901-7b95-b991-e9dc872f7f8b,Офисная мебель > Мебель для персонала > Призма / Prizma > Дуб Модена > О-образные опоры,О-образные опоры,Дуб Модена,Нет,Да,Нет,Топор,Строительство и ремонт > Инструменты для ремонта и строительства > Топор,type,,92144,Нечёткое совпадение,63.4,Низкая,Проверить вручную,"Название встречается в KIT несколько раз. Совпадение с типом товара Ozon, а не промежуточной категорией. Автоматическое переименование небезопасно."
01a0bfe8-bece-77e8-8a19-8e7bbecd1af9,Офисная мебель > Мебель для персонала > Призма / Prizma > Дуб Модена > О-образные опоры > Белый,Белый,О-образные опоры,Нет,Да,Нет,Теплый пол,Строительство и ремонт > Теплый пол > Теплый пол,type,,95401,Нечёткое совпадение,63.4,Низкая,Проверить вручную,"Название встречается в KIT несколько раз. Совпадение с типом товара Ozon, а не промежуточной категорией. Автоматическое переименование небезопасно."
01a0bfe8-c3ba-74f9-939c-92f495de2581,Офисная мебель > Мебель для персонала > Призма / Prizma > Дуб Модена > О-образные опоры > Черный,Черный,О-образные опоры,Нет,Да,Нет,Воск интерьерный,Строительство и ремонт > Строительная химия > Воск интерьерный,type,,970955994,Нечёткое совпадение,72.0,Низкая,Проверить вручную,"Название встречается в KIT несколько раз. Совпадение с типом товара Ozon, а не промежуточной категорией. Автоматическое переименование небезопасно."
01a0bfe8-c8a5-7063-8dd0-2066bc95f3c5,Офисная мебель > Мебель для персонала > Призма / Prizma > Дуб темный,Дуб темный,Призма / Prizma,Нет,Нет,Нет,Тент,"Спорт и отдых > Палатки, тенты, шатры и спальные мешки > Тент",type,,93523,Нечёткое совпадение,59.4,Низкая,Проверить вручную,"Совпадение с типом товара Ozon, а не промежуточной категорией. Автоматическое переименование небезопасно."
01a0bfe8-de73-7611-a017-d66ff1072dd4,Офисная мебель > Мебель для персонала > Призма / Prizma > Дуб темный > П-образные опоры,П-образные опоры,Дуб темный,Нет,Да,Нет,Топор,Строительство и ремонт > Инструменты для ремонта и строительства > Топор,type,,92144,Нечёткое совпадение,63.4,Низкая,Проверить вручную,"Название встречается в KIT несколько раз. Совпадение с типом товара Ozon, а не промежуточной категорией. Автоматическое переименование небезопасно."
01a0bfe8-e019-7494-96ba-e59e34949e48,Офисная мебель > Мебель для персонала > Призма / Prizma > Дуб темный > П-образные опоры > Белый,Белый,П-образные опоры,Нет,Да,Нет,Теплый пол,Строительство и ремонт > Теплый пол > Теплый пол,type,,95401,Нечёткое совпадение,63.4,Низкая,Проверить вручную,"Название встречается в KIT несколько раз. Совпадение с типом товара Ozon, а не промежуточной категорией. Автоматическое переименование небезопасно."
01a0bfe9-3503-7c6a-8f54-322bee5d0cec,Офисная мебель > Мебель для персонала > Призма / Prizma > Дуб темный > П-образные опоры > Черный,Черный,П-образные опоры,Нет,Да,Нет,Воск интерьерный,Строительство и ремонт > Строительная химия > Воск интерьерный,type,,970955994,Нечёткое совпадение,72.0,Низкая,Проверить вручную,"Название встречается в KIT несколько раз. Совпадение с типом товара Ozon, а не промежуточной категорией. Автоматическое переименование небезопасно."
01a0bfe9-4e1b-7f24-9113-0c449000b2ee,Офисная мебель > Мебель для персонала > Призма / Prizma > Дуб темный > О-образные опоры,О-образные опоры,Дуб темный,Нет,Да,Нет,Топор,Строительство и ремонт > Инструменты для ремонта и строительства > Топор,type,,92144,Нечёткое совпадение,63.4,Низкая,Проверить вручную,"Название встречается в KIT несколько раз. Совпадение с типом товара Ozon, а не промежуточной категорией. Автоматическое переименование небезопасно."
01a0bfe9-63e4-7ee4-99bb-f9245dbfc96f,Офисная мебель > Мебель для персонала > Призма / Prizma > Дуб темный > О-образные опоры > Белый,Белый,О-образные опоры,Нет,Да,Нет,Теплый пол,Строительство и ремонт > Теплый пол > Теплый пол,type,,95401,Нечёткое совпадение,63.4,Низкая,Проверить вручную,"Название встречается в KIT несколько раз. Совпадение с типом товара Ozon, а не промежуточной категорией. Автоматическое переименование небезопасно."
01a0bfe9-7cf8-7dd1-9bb7-cad266343950,Офисная мебель > Мебель для персонала > Призма / Prizma > Дуб темный > О-образные опоры > Черный,Черный,О-образные опоры,Нет,Да,Нет,Воск интерьерный,Строительство и ремонт > Строительная химия > Воск интерьерный,type,,970955994,Нечёткое совпадение,72.0,Низкая,Проверить вручную,"Название встречается в KIT несколько раз. Совпадение с типом товара Ozon, а не промежуточной категорией. Автоматическое переименование небезопасно."
01a0bfe9-960c-7a59-be13-86c9ad059a66,Офисная мебель > Мебель для персонала > Призма / Prizma > Серый бархат,Серый бархат,Призма / Prizma,Нет,Нет,Нет,Серп,Дом и сад > Садовый инвентарь > Серп,type,,92773,Нечёткое совпадение,67.9,Низкая,Проверить вручную,"Совпадение с типом товара Ozon, а не промежуточной категорией. Автоматическое переименование небезопасно."
01a0bfe9-abdd-7479-ae96-4263d36f5d38,Офисная мебель > Мебель для персонала > Призма / Prizma > Серый бархат > П-образные опоры,П-образные опоры,Серый бархат,Нет,Да,Нет,Топор,Строительство и ремонт > Инструменты для ремонта и строительства > Топор,type,,92144,Нечёткое совпадение,63.4,Низкая,Проверить вручную,"Название встречается в KIT несколько раз. Совпадение с типом товара Ozon, а не промежуточной категорией. Автоматическое переименование небезопасно."
01a0bfe9-c1ac-7be1-9b34-e627f5c19573,Офисная мебель > Мебель для персонала > Призма / Prizma > Серый бархат > П-образные опоры > Белый,Белый,П-образные опоры,Нет,Да,Нет,Теплый пол,Строительство и ремонт > Теплый пол > Теплый пол,type,,95401,Нечёткое совпадение,63.4,Низкая,Проверить вручную,"Название встречается в KIT несколько раз. Совпадение с типом товара Ozon, а не промежуточной категорией. Автоматическое переименование небезопасно."
01a0bfe9-eeea-7764-9346-ae09fb482437,Офисная мебель > Мебель для персонала > Призма / Prizma > Серый бархат > П-образные опоры > Черный,Черный,П-образные опоры,Нет,Да,Нет,Воск интерьерный,Строительство и ремонт > Строительная химия > Воск интерьерный,type,,970955994,Нечёткое совпадение,72.0,Низкая,Проверить вручную,"Название встречается в KIT несколько раз. Совпадение с типом товара Ozon, а не промежуточной категорией. Автоматическое переименование небезопасно."
01a0bfea-933d-7368-8e0c-4b834ca2ba40,Офисная мебель > Мебель для персонала > Призма / Prizma > Серый бархат > О-образные опоры,О-образные опоры,Серый бархат,Нет,Да,Нет,Топор,Строительство и ремонт > Инструменты для ремонта и строительства > Топор,type,,92144,Нечёткое совпадение,63.4,Низкая,Проверить вручную,"Название встречается в KIT несколько раз. Совпадение с типом товара Ozon, а не промежуточной категорией. Автоматическое переименование небезопасно."
01a0bfea-94de-70ae-88fd-e606fc62dd5e,Офисная мебель > Мебель для персонала > Призма / Prizma > Серый бархат > О-образные опоры > Белый,Белый,О-образные опоры,Нет,Да,Нет,Теплый пол,Строительство и ремонт > Теплый пол > Теплый пол,type,,95401,Нечёткое совпадение,63.4,Низкая,Проверить вручную,"Название встречается в KIT несколько раз. Совпадение с типом товара Ozon, а не промежуточной категорией. Автоматическое переименование небезопасно."
01a0bfea-c219-78d4-819e-96de5ca0f703,Офисная мебель > Мебель для персонала > Призма / Prizma > Серый бархат > О-образные опоры > Черный,Черный,О-образные опоры,Нет,Да,Нет,Воск интерьерный,Строительство и ремонт > Строительная химия > Воск интерьерный,type,,970955994,Нечёткое совпадение,72.0,Низкая,Проверить вручную,"Название встречается в KIT несколько раз. Совпадение с типом товара Ozon, а не промежуточной категорией. Автоматическое переименование небезопасно."
01a0bfea-db64-7ce1-b84a-f0c620271053,Офисная мебель > Кабинеты руководителя > Винг / Wing,Винг / Wing,Кабинеты руководителя,Нет,Нет,Нет,Винт,Строительство и ремонт > Крепеж и фурнитура > Винт,type,,94543,Нечёткое совпадение,67.9,Низкая,Проверить вручную,"Совпадение с типом товара Ozon, а не промежуточной категорией. Автоматическое переименование небезопасно."
01a0bfea-dd04-7f40-bad2-6f3d7492c48f,Офисная мебель > Кабинеты руководителя > Винг / Wing > Столы,Столы,Винг / Wing,Нет,Да,Нет,Столы,Мебель > Столы,category,17027918,,Точное совпадение,100.0,Высокая,Оставить,Название встречается в KIT несколько раз.
01a0bfea-dea8-7913-b182-fd60cd31f8a2,Офисная мебель > Кабинеты руководителя > Винг / Wing > Столы > Приставки,Приставки,Столы,Нет,Нет,Нет,ТВ-приставки,Электроника > ТВ-приставки,category,17028924,,Нечёткое совпадение,84.8,Низкая,Проверить вручную,Автоматическое переименование небезопасно.
01a0bfea-f603-754c-8112-69bca4bd989d,Бумага > Бланки бухгалтерские и медицинские,Бланки бухгалтерские и медицинские,Бумага,Нет,Нет,Нет,Охота и стрельба,Спорт и отдых > Охота и стрельба,category,17028690,,Нечёткое совпадение,75.2,Низкая,Проверить вручную,Автоматическое переименование небезопасно.
01a0bfea-fae6-78dd-8a8e-6c0daeaf6618,Бумага > Бланки бухгалтерские и медицинские > Бланки бухгалтерские,Бланки бухгалтерские,Бланки бухгалтерские и медицинские,Нет,Нет,Нет,Шатер,Мебель > Садовая мебель > Шатер,type,,95075,Нечёткое совпадение,63.4,Низкая,Проверить вручную,"Совпадение с типом товара Ozon, а не промежуточной категорией. Автоматическое переименование небезопасно."
01a0bfec-1d2a-7638-bfd0-bc158a3a8b11,Стол кофейный,Стол кофейный,,Нет,Нет,Нет,Стол производственный,Мебель > Мебель для бизнеса > Стол производственный,type,,970988643,Нечёткое совпадение,77.6,Низкая,Проверить вручную,"Совпадение с типом товара Ozon, а не промежуточной категорией. Автоматическое переименование небезопасно."
01a0bfec-6498-7ef1-b6ee-02388fd478be,Кресла и стулья > Кресла > Кресла для персонала,Кресла для персонала,Кресла,Нет,Нет,Нет,"Сумки, органайзеры для творчества","Хобби и творчество > Сумки, органайзеры для творчества",category,88577267,,Нечёткое совпадение,75.2,Низкая,Проверить вручную,Автоматическое переименование небезопасно.
01a0bfec-aa59-780b-922c-4224218a763b,Бумага > Книги бухгалтерские и журналы регистрации > Книги бухгалтерские,Книги бухгалтерские,Книги бухгалтерские и журналы регистрации,Нет,Нет,Нет,Книги,Книги,category,200001482,,Нечёткое совпадение,81.6,Низкая,Проверить вручную,Автоматическое переименование небезопасно.
01a0bfed-7b37-7178-9b12-b82443186606,Офисная мебель > Мебель для персонала > Аллегро / Allegro > Шкафы,Шкафы,Аллегро / Allegro,Нет,Да,Нет,Шкафы,Мебель > Шкафы,category,17027919,,Точное совпадение,100.0,Высокая,Оставить,Название встречается в KIT несколько раз.
01a0bfed-7cd6-715b-80f4-1901f476678c,Офисная мебель > Мебель для персонала > Аллегро / Allegro > Шкафы > Гардеробы,Гардеробы,Шкафы,Нет,Да,Нет,Гардеробная система,Мебель > Шкафы > Гардеробная система,type,,95472,Нечёткое совпадение,77.2,Низкая,Проверить вручную,"Название встречается в KIT несколько раз. Совпадение с типом товара Ozon, а не промежуточной категорией. Автоматическое переименование небезопасно."
01a0bff0-de70-7229-b087-c47001e00957,Офисная мебель > Мебель для персонала > Сигма / Sigma > Гардеробы,Гардеробы,Сигма / Sigma,Нет,Да,Нет,Гардеробная система,Мебель > Шкафы > Гардеробная система,type,,95472,Нечёткое совпадение,75.9,Низкая,Проверить вручную,"Название встречается в KIT несколько раз. Совпадение с типом товара Ozon, а не промежуточной категорией. Автоматическое переименование небезопасно."
01a0bff0-e012-7b2a-93a1-8ab0d39ea757,"Офисная мебель > Мебель для персонала > Сигма / Sigma > Гардеробы > Гардеробы с з,ст. HDF","Гардеробы с з,ст. HDF",Гардеробы,Нет,Нет,Нет,Контейнер для специй с разделителями,Дом и сад > Хранение продуктов > Контейнер для специй с разделителями,type,,970834493,Нечёткое совпадение,75.2,Низкая,Проверить вручную,"Совпадение с типом товара Ozon, а не промежуточной категорией. Автоматическое переименование небезопасно."
01a0bff5-b14e-77dd-85af-e47edb32f8db,"Офисная мебель > Мебель для персонала > Сигма / Sigma > Гардеробы > Гардеробы с з,ст. ЛДСП","Гардеробы с з,ст. ЛДСП",Гардеробы,Нет,Нет,Нет,ДСП,Строительство и ремонт > Древесно-плитные материалы > ДСП,type,,970853824,Нечёткое совпадение,79.2,Низкая,Проверить вручную,"Совпадение с типом товара Ozon, а не промежуточной категорией. Автоматическое переименование небезопасно."
01a0bff9-8484-7b23-af81-6815f4ab8492,Мебель для персонала > Метал Систем > Рабочие станции > Прямые рабочие станции F2F на О-образных опорах,Прямые рабочие станции F2F на О-образных опорах,Рабочие станции,Нет,Да,Нет,Фехтовальный протектор на маску,Спорт и отдых > Фехтование > Фехтовальный протектор на маску,type,,970667772,Нечёткое совпадение,75.2,Низкая,Проверить вручную,"Название встречается в KIT несколько раз. Совпадение с типом товара Ozon, а не промежуточной категорией. Автоматическое переименование небезопасно."
01a0bffa-2b39-7ded-90c0-030a97e907a5,Мебель для персонала > Метал Систем > Столы операторские > Столы прямые на О-образных опорах,Столы прямые на О-образных опорах,Столы операторские,Нет,Да,Нет,Столы,Мебель > Столы,category,17027918,,Нечёткое совпадение,81.9,Низкая,Проверить вручную,Название встречается в KIT несколько раз. Автоматическое переименование небезопасно.
01a0bffa-88fa-76f8-a434-5171ca1509f3,Мебель для персонала > Метал Систем > Столы операторские > Приставные элементы на О-образных опорах,Приставные элементы на О-образных опорах,Столы операторские,Нет,Да,Нет,Накладки на ладони,Спорт и отдых > Экипировка и защита > Накладки на ладони,type,,970680398,Нечёткое совпадение,75.2,Низкая,Проверить вручную,"Название встречается в KIT несколько раз. Совпадение с типом товара Ozon, а не промежуточной категорией. Автоматическое переименование небезопасно."
01a0bffa-d99a-7180-a3c7-c89cf4bb865a,Мебель для персонала > Метал Систем > Рабочие станции > Линейные рабочие станции на О-образных опорах,Линейные рабочие станции на О-образных опорах,Рабочие станции,Нет,Да,Нет,Спасательный набор на воде,Спорт и отдых > Лодки и лодочные моторы > Спасательный набор на воде,type,,970829678,Нечёткое совпадение,75.2,Низкая,Проверить вручную,"Название встречается в KIT несколько раз. Совпадение с типом товара Ozon, а не промежуточной категорией. Автоматическое переименование небезопасно."
01a0bffa-fef5-704e-84d3-eafe55b3262e,Мебель для персонала > Метал Систем > Рабочие станции > Эргономичные рабочие станции F2F на О-образных опорах,Эргономичные рабочие станции F2F на О-образных опорах,Рабочие станции,Нет,Да,Нет,Подушка на руль самоката,Спорт и отдых > Скейтборды и самокаты > Подушка на руль самоката,type,,971446324,Нечёткое совпадение,75.2,Низкая,Проверить вручную,"Название встречается в KIT несколько раз. Совпадение с типом товара Ozon, а не промежуточной категорией. Автоматическое переименование небезопасно."
01a0bffb-9179-758d-9066-870809e502b5,Мебель для персонала > Метал Систем > Столы операторские > Эргономичные столы на О-образных опорах,Эргономичные столы на О-образных опорах,Столы операторские,Нет,Да,Нет,Столы,Мебель > Столы,category,17027918,,Нечёткое совпадение,81.9,Низкая,Проверить вручную,Название встречается в KIT несколько раз. Автоматическое переименование небезопасно.
01a0c00e-7adc-7693-9a31-948a8e596044,Детям > Школьная бумажная продукция > Бланки медицинские,Бланки медицинские,Школьная бумажная продукция,Нет,Нет,Нет,Мед,Продукты питания > Консервация > Мед,type,,96474,Нечёткое совпадение,79.2,Низкая,Проверить вручную,"Совпадение с типом товара Ozon, а не промежуточной категорией. Автоматическое переименование небезопасно."
01a0c046-a928-7f37-8e17-aac92c376b1f,Детям > Школьно-письменные принадлежности,Школьно-письменные принадлежности,Детям,Нет,Да,Нет,Письменные принадлежности,Канцелярские товары > Письменные принадлежности,category,17029026,,Нечёткое совпадение,87.6,Низкая,Проверить вручную,Название встречается в KIT несколько раз. Автоматическое переименование небезопасно.
01a0c046-ae0b-7e46-af38-ddf7ee141a56,Детям > Школьно-письменные принадлежности > Ручки шариковые,Ручки шариковые,Школьно-письменные принадлежности,Нет,Да,Нет,Конвертер для перьевой ручки,Канцелярские товары > Письменные принадлежности > Конвертер для перьевой ручки,type,,97237,Нечёткое совпадение,78.8,Низкая,Проверить вручную,"Название встречается в KIT несколько раз. Совпадение с типом товара Ozon, а не промежуточной категорией. Автоматическое переименование небезопасно."
01a0c046-b2ef-7b0c-9f7c-f9e58396815b,Детям > Школьно-письменные принадлежности > Ручки шариковые > Ручки шариковые неавтоматические,Ручки шариковые неавтоматические,Ручки шариковые,Нет,Нет,Нет,Стержень для ручки,Канцелярские товары > Письменные принадлежности > Стержень для ручки,type,,94067,Нечёткое совпадение,78.8,Низкая,Проверить вручную,"Совпадение с типом товара Ozon, а не промежуточной категорией. Автоматическое переименование небезопасно."
01a0c048-09ac-7606-84f4-94289a152ee3,Офис > Письменные и чертежные принадлежности,Письменные и чертежные принадлежности,Офис,Нет,Да,Нет,Письменные принадлежности,Канцелярские товары > Письменные принадлежности,category,17029026,,Нечёткое совпадение,87.6,Низкая,Проверить вручную,Название встречается в KIT несколько раз. Автоматическое переименование небезопасно.
01a0c048-0e90-70ce-93fa-28c52fba6b54,Офис > Письменные и чертежные принадлежности > Ручки шариковые,Ручки шариковые,Письменные и чертежные принадлежности,Нет,Да,Нет,Конвертер для перьевой ручки,Канцелярские товары > Письменные принадлежности > Конвертер для перьевой ручки,type,,97237,Нечёткое совпадение,78.8,Низкая,Проверить вручную,"Название встречается в KIT несколько раз. Совпадение с типом товара Ozon, а не промежуточной категорией. Автоматическое переименование небезопасно."
01a0c048-1370-7c0a-a162-87ad2ba58cc4,Офис > Письменные и чертежные принадлежности > Ручки шариковые > Ручки шариковые на подставке,Ручки шариковые на подставке,Ручки шариковые,Нет,Нет,Нет,Чехол на автобокс,Автотовары > Автоковрики и авточехлы > Чехол на автобокс,type,,970885291,Нечёткое совпадение,75.2,Низкая,Проверить вручную,"Совпадение с типом товара Ozon, а не промежуточной категорией. Автоматическое переименование небезопасно."
01a0c048-7ba4-755a-9d3a-6b709c23d1c9,Детям > Школьно-письменные принадлежности > Ручки гелевые,Ручки гелевые,Школьно-письменные принадлежности,Нет,Да,Нет,Конвертер для перьевой ручки,Канцелярские товары > Письменные принадлежности > Конвертер для перьевой ручки,type,,97237,Нечёткое совпадение,78.8,Низкая,Проверить вручную,"Название встречается в KIT несколько раз. Совпадение с типом товара Ozon, а не промежуточной категорией. Автоматическое переименование небезопасно."
01a0c048-8085-72df-aa25-42ca4e3918cc,Детям > Школьно-письменные принадлежности > Ручки гелевые > Ручки гелевые неавтоматические,Ручки гелевые неавтоматические,Ручки гелевые,Нет,Нет,Нет,Стержень для ручки,Канцелярские товары > Письменные принадлежности > Стержень для ручки,type,,94067,Нечёткое совпадение,78.8,Низкая,Проверить вручную,"Совпадение с типом товара Ozon, а не промежуточной категорией. Автоматическое переименование небезопасно."
01a0c049-ac68-728e-9c9e-474f8a4843a4,Детям > Школьно-письменные принадлежности > Ручки шариковые > Ручки шариковые автоматические,Ручки шариковые автоматические,Ручки шариковые,Нет,Нет,Нет,Стержень для ручки,Канцелярские товары > Письменные принадлежности > Стержень для ручки,type,,94067,Нечёткое совпадение,78.8,Низкая,Проверить вручную,"Совпадение с типом товара Ozon, а не промежуточной категорией. Автоматическое переименование небезопасно."
01a0c04b-bfac-73fc-8045-d1dbd1ea7b73,Детям > Школьно-письменные принадлежности > Ручки гелевые > Ручки гелевые автоматические,Ручки гелевые автоматические,Ручки гелевые,Нет,Нет,Нет,Стержень для ручки,Канцелярские товары > Письменные принадлежности > Стержень для ручки,type,,94067,Нечёткое совпадение,78.8,Низкая,Проверить вручную,"Совпадение с типом товара Ozon, а не промежуточной категорией. Автоматическое переименование небезопасно."
01a0c04c-6f3b-7276-9deb-192e42f9b368,Подарки и праздник > Товары к 23 Февраля и 8 Марта > Ручки подарочные,Ручки подарочные,Товары к 23 Февраля и 8 Марта,Нет,Нет,Нет,Конвертер для перьевой ручки,Канцелярские товары > Письменные принадлежности > Конвертер для перьевой ручки,type,,97237,Нечёткое совпадение,77.1,Низкая,Проверить вручную,"Совпадение с типом товара Ozon, а не промежуточной категорией. Автоматическое переименование небезопасно."
01a0c04c-741f-77ab-a25f-8380d26b4570,Подарки и праздник > Товары к 23 Февраля и 8 Марта > Ручки подарочные > Ручки шариковые подарочные,Ручки шариковые подарочные,Ручки подарочные,Нет,Нет,Нет,Ручка,Канцелярские товары > Письменные принадлежности > Ручка,type,,94066,Нечёткое совпадение,71.3,Низкая,Проверить вручную,"Совпадение с типом товара Ozon, а не промежуточной категорией. Автоматическое переименование небезопасно."
01a0c050-e4a4-74a3-8e67-ab1d8fae3541,Мебель для персонала > Метал Систем > Столы переговорные > Столы переговорные на О-образных опорах,Столы переговорные на О-образных опорах,Столы переговорные,Нет,Да,Нет,Столы,Мебель > Столы,category,17027918,,Нечёткое совпадение,82.2,Низкая,Проверить вручную,Название встречается в KIT несколько раз. Автоматическое переименование небезопасно.
01a0c05c-5b2c-740c-bd69-b6cb7185d42e,Хобби и творчество > Письменные принадлежности для хобби и творчества,Письменные принадлежности для хобби и творчества,Хобби и творчество,Нет,Нет,Нет,Письменные принадлежности,Канцелярские товары > Письменные принадлежности,category,17029026,,Нечёткое совпадение,82.6,Низкая,Проверить вручную,Автоматическое переименование небезопасно.
01a0c05c-6010-734b-bc65-b283464ed592,Хобби и творчество > Письменные принадлежности для хобби и творчества > Ручки капиллярные и линеры,Ручки капиллярные и линеры,Письменные принадлежности для хобби и творчества,Нет,Нет,Нет,Аксессуары и принадлежности для рыбалки,Спорт и отдых > Аксессуары и принадлежности для рыбалки,category,17028702,,Нечёткое совпадение,76.2,Низкая,Проверить вручную,Автоматическое переименование небезопасно.
01a0c05d-1dc5-700b-9f38-bbf338267034,Офис > Письменные и чертежные принадлежности > Расходные материалы для письменных принадлежностей,Расходные материалы для письменных принадлежностей,Письменные и чертежные принадлежности,Нет,Да,Нет,Шпильки для волос,Галантерея и аксессуары > Аксессуары для волос > Шпильки для волос,type,,97580,Нечёткое совпадение,75.2,Низкая,Проверить вручную,"Название встречается в KIT несколько раз. Совпадение с типом товара Ozon, а не промежуточной категорией. Автоматическое переименование небезопасно."
01a0c05d-22a5-76a5-95b9-6defb4afdf12,Офис > Письменные и чертежные принадлежности > Расходные материалы для письменных принадлежностей > Картриджи чернильные и чернила для письма и черчения,Картриджи чернильные и чернила для письма и черчения,Расходные материалы для письменных принадлежностей,Нет,Нет,Нет,Чернила,"Канцелярские товары > Краска, клей > Чернила",type,,97678,Нечёткое совпадение,79.9,Низкая,Проверить вручную,"Совпадение с типом товара Ozon, а не промежуточной категорией. Автоматическое переименование небезопасно."
01a0c065-1335-74ce-9e35-cd19699cdb2d,Канцтовары,Канцтовары,,Нет,Нет,Нет,Кан,Спорт и отдых > Спортивные чехлы и сумки > Кан,type,,94391,Нечёткое совпадение,79.2,Низкая,Проверить вручную,"Совпадение с типом товара Ozon, а не промежуточной категорией. Автоматическое переименование небезопасно."
01a0c065-1812-7b21-bc05-4ffbe55d97af,Канцтовары > Письменные и чертежные принадлежности,Письменные и чертежные принадлежности,Канцтовары,Нет,Да,Нет,Письменные принадлежности,Канцелярские товары > Письменные принадлежности,category,17029026,,Нечёткое совпадение,87.6,Низкая,Проверить вручную,Название встречается в KIT несколько раз. Автоматическое переименование небезопасно.
01a0c065-1cf7-7d07-b347-223f3015af9f,Канцтовары > Письменные и чертежные принадлежности > Ручки гелевые,Ручки гелевые,Письменные и чертежные принадлежности,Нет,Да,Нет,Конвертер для перьевой ручки,Канцелярские товары > Письменные принадлежности > Конвертер для перьевой ручки,type,,97237,Нечёткое совпадение,78.8,Низкая,Проверить вручную,"Название встречается в KIT несколько раз. Совпадение с типом товара Ozon, а не промежуточной категорией. Автоматическое переименование небезопасно."
01a0c065-21d5-7270-9c40-f7865c599050,Канцтовары > Письменные и чертежные принадлежности > Ручки гелевые > Наборы гелевых ручек,Наборы гелевых ручек,Ручки гелевые,Нет,Нет,Нет,Набор ручек,Канцелярские товары > Письменные принадлежности > Набор ручек,type,,94064,Нечёткое совпадение,78.2,Низкая,Проверить вручную,"Совпадение с типом товара Ozon, а не промежуточной категорией. Автоматическое переименование небезопасно."
01a0c071-3a28-7745-b9a4-296fdedd855a,Мебель для персонала > Метал Систем > Готовые комплекты рабочих станций > Прямые рабочие станции F2F на О-образных опорах с опорными тумбами/шкафами,Прямые рабочие станции F2F на О-образных опорах с опорными тумбами/шкафами,Готовые комплекты рабочих станций,Нет,Нет,Нет,Защитный мат на пружины,Спорт и отдых > Каркасные батуты и аксессуары > Защитный мат на пружины,type,,971092790,Нечёткое совпадение,75.2,Низкая,Проверить вручную,"Совпадение с типом товара Ozon, а не промежуточной категорией. Автоматическое переименование небезопасно."
01a0c079-33f4-733d-a32e-41b0825800a3,Подарки и праздник > Товары к 23 Февраля и 8 Марта > Ручки подарочные > Ручки бизнес-класса,Ручки бизнес-класса,Ручки подарочные,Нет,Нет,Нет,Ручка,Канцелярские товары > Письменные принадлежности > Ручка,type,,94066,Нечёткое совпадение,71.3,Низкая,Проверить вручную,"Совпадение с типом товара Ozon, а не промежуточной категорией. Автоматическое переименование небезопасно."
01a0c080-a9a0-756d-b1a8-4b2f380dddb6,Детям > Школьно-письменные принадлежности > Ручки со стираемыми чернилами,Ручки со стираемыми чернилами,Школьно-письменные принадлежности,Нет,Нет,Нет,Чернила,"Канцелярские товары > Краска, клей > Чернила",type,,97678,Нечёткое совпадение,79.2,Низкая,Проверить вручную,"Совпадение с типом товара Ozon, а не промежуточной категорией. Автоматическое переименование небезопасно."
01a0c089-3483-79e5-bfd1-91d185d7c8ee,Школа > Школьно-письменные принадлежности,Школьно-письменные принадлежности,Школа,Нет,Да,Нет,Письменные принадлежности,Канцелярские товары > Письменные принадлежности,category,17029026,,Нечёткое совпадение,87.6,Низкая,Проверить вручную,Название встречается в KIT несколько раз. Автоматическое переименование небезопасно.
01a0c089-3967-7112-919d-9e215619582c,Школа > Школьно-письменные принадлежности > Ручки-роллеры,Ручки-роллеры,Школьно-письменные принадлежности,Нет,Нет,Нет,Ролл,Продукты питания Ozon Fresh > Готовые блюда Ozon Fresh > Ролл,type,,970713427,Нечёткое совпадение,79.2,Низкая,Проверить вручную,"Совпадение с типом товара Ozon, а не промежуточной категорией. Автоматическое переименование небезопасно."
01a0c08b-5ab7-7e84-8f31-7e80855de842,Офис > Письменные и чертежные принадлежности > Ручки шариковые > Ручки-стилусы,Ручки-стилусы,Ручки шариковые,Нет,Нет,Нет,Стилус,Электроника > Гаджеты и аксессуары > Стилус,type,,91574,Нечёткое совпадение,79.2,Низкая,Проверить вручную,"Совпадение с типом товара Ozon, а не промежуточной категорией. Автоматическое переименование небезопасно."
01a0c08c-8b3f-7279-ac76-9cb5c7b03ad6,Мебель для персонала > Метал Систем > Столы переговорные > Столы переговорные на П-образных опорах,Столы переговорные на П-образных опорах,Столы переговорные,Нет,Да,Нет,Столы,Мебель > Столы,category,17027918,,Нечёткое совпадение,82.2,Низкая,Проверить вручную,Название встречается в KIT несколько раз. Автоматическое переименование небезопасно.
01a0c08e-63d4-71c3-b9ec-a7b15a5aa4fc,Мебель для персонала > Метал Систем > Готовые комплекты рабочих станций > Прямые рабочие станции F2F на П-образных опорах с опорными тумбами/шкафами,Прямые рабочие станции F2F на П-образных опорах с опорными тумбами/шкафами,Готовые комплекты рабочих станций,Нет,Нет,Нет,Защитный мат на пружины,Спорт и отдых > Каркасные батуты и аксессуары > Защитный мат на пружины,type,,971092790,Нечёткое совпадение,75.2,Низкая,Проверить вручную,"Совпадение с типом товара Ozon, а не промежуточной категорией. Автоматическое переименование небезопасно."
01a0c094-ce4e-78de-b2f1-8ac120c5b751,Подарки и праздник > Товары к 23 Февраля и 8 Марта > Ручки подарочные > Ручки перьевые подарочные,Ручки перьевые подарочные,Ручки подарочные,Нет,Нет,Нет,Ручка,Канцелярские товары > Письменные принадлежности > Ручка,type,,94066,Нечёткое совпадение,71.3,Низкая,Проверить вручную,"Совпадение с типом товара Ozon, а не промежуточной категорией. Автоматическое переименование небезопасно."
01a0c0bd-7925-7c6e-b2c6-95df263a1ae2,Подарки и праздник > Товары к 23 Февраля и 8 Марта > Ручки подарочные > Ручки-роллеры подарочные,Ручки-роллеры подарочные,Ручки подарочные,Нет,Нет,Нет,Ролл,Продукты питания Ozon Fresh > Готовые блюда Ozon Fresh > Ролл,type,,970713427,Нечёткое совпадение,79.2,Низкая,Проверить вручную,"Совпадение с типом товара Ozon, а не промежуточной категорией. Автоматическое переименование небезопасно."
01a0c0d8-ef17-7b9e-b25d-9af236736d4c,Каталог 4 Сезона,Каталог 4 Сезона,,Нет,Нет,Нет,Каталог подбора автозапчастей,Канцелярские товары > Бумажная продукция > Каталог подбора автозапчастей,type,,971100779,Нечёткое совпадение,76.7,Низкая,Проверить вручную,"Совпадение с типом товара Ozon, а не промежуточной категорией. Автоматическое переименование небезопасно."
01a0c0dc-3103-779f-800b-57fa4fcbccbe,Детям > Школьно-письменные принадлежности > Ручки шариковые > Стержни для ручек шариковых,Стержни для ручек шариковых,Ручки шариковые,Нет,Нет,Нет,Сушилка для обуви,Галантерея и аксессуары > Аксессуары для одежды и обуви > Сушилка для обуви,type,,94619,Нечёткое совпадение,75.2,Низкая,Проверить вручную,"Совпадение с типом товара Ozon, а не промежуточной категорией. Автоматическое переименование небезопасно."
01a0c0de-7ec6-7768-b404-48904fbfd5de,Хобби и творчество > Письменные принадлежности для хобби и творчества > Маркеры меловые,Маркеры меловые,Письменные принадлежности для хобби и творчества,Нет,Нет,Нет,Маркер,Канцелярские товары > Письменные принадлежности > Маркер,type,,94058,Нечёткое совпадение,81.6,Низкая,Проверить вручную,"Совпадение с типом товара Ozon, а не промежуточной категорией. Автоматическое переименование небезопасно."
01a0c0f1-5077-7b9b-8252-21f4a201722b,Детям > Школьно-письменные принадлежности > Ручки шариковые > Ручки фигурные,Ручки фигурные,Ручки шариковые,Нет,Нет,Нет,Конвертер для перьевой ручки,Канцелярские товары > Письменные принадлежности > Конвертер для перьевой ручки,type,,97237,Нечёткое совпадение,78.5,Низкая,Проверить вручную,"Совпадение с типом товара Ozon, а не промежуточной категорией. Автоматическое переименование небезопасно."
01a0c101-b9f1-7611-837d-bdf8ed4c71b3,Для дома и гостиниц > Хоум Офис > Столы письменные с опорными тумбами > Столы письменные с опорными тумбами на А-образных опорах,Столы письменные с опорными тумбами на А-образных опорах,Столы письменные с опорными тумбами,Нет,Нет,Нет,Спортивные игровые столы,Спорт и отдых > Спортивные игровые столы,category,92121881,,Нечёткое совпадение,76.1,Низкая,Проверить вручную,Автоматическое переименование небезопасно.
01a0c101-d1fb-7acb-9f67-8b7472a08077,Кабинеты руководителей > Оникс Директ > Царги,Царги,Оникс Директ,Нет,Да,Нет,Ламинатор бумаги,Электроника > Полиграфическое оборудование > Ламинатор бумаги,type,,91558,Нечёткое совпадение,59.4,Низкая,Проверить вручную,"Название встречается в KIT несколько раз. Совпадение с типом товара Ozon, а не промежуточной категорией. Автоматическое переименование небезопасно."
01a0c102-2128-7a09-9ebe-4b4a506d4b72,Кабинеты руководителей > Оникс Директ > Столы переговорные,Столы переговорные,Оникс Директ,Нет,Да,Нет,Столы,Мебель > Столы,category,17027918,,Нечёткое совпадение,80.9,Низкая,Проверить вручную,Название встречается в KIT несколько раз. Автоматическое переименование небезопасно.
01a0c102-4ece-7f23-bf28-c79a55a9c112,Кабинеты руководителей > Оникс Директ > Столы руководителя,Столы руководителя,Оникс Директ,Нет,Да,Нет,Столы,Мебель > Столы,category,17027918,,Нечёткое совпадение,80.9,Низкая,Проверить вручную,Название встречается в KIT несколько раз. Автоматическое переименование небезопасно.
01a0c107-8cae-75c4-aeb4-f7130c58ea67,Подарки и праздник > Товары к 23 Февраля и 8 Марта > Ручки подарочные > Ручки гелевые подарочные,Ручки гелевые подарочные,Ручки подарочные,Нет,Нет,Нет,Ручка,Канцелярские товары > Письменные принадлежности > Ручка,type,,94066,Нечёткое совпадение,71.3,Низкая,Проверить вручную,"Совпадение с типом товара Ozon, а не промежуточной категорией. Автоматическое переименование небезопасно."
01a0c108-5954-72dd-b810-2055ea50ab1e,Офисная мебель > Мебель для персонала > Микс / Mix,Микс / Mix,Мебель для персонала,Нет,Нет,Нет,Пигмент для микс-системы,Автотовары > Автохимия и автокосметика > Пигмент для микс-системы,type,,970944771,Нечёткое совпадение,76.4,Низкая,Проверить вручную,"Совпадение с типом товара Ozon, а не промежуточной категорией. Автоматическое переименование небезопасно."
01a0c108-6f2e-7895-bfb6-896482bff8a8,Офисная мебель > Мебель для персонала > Микс / Mix > Шкафы зад.стенка HDF,Шкафы зад.стенка HDF,Микс / Mix,Нет,Нет,Нет,Шкафы,Мебель > Шкафы,category,17027919,,Нечёткое совпадение,81.9,Низкая,Проверить вручную,Автоматическое переименование небезопасно.
01a0c108-8509-7a4d-9232-bd4cca3d91df,Офисная мебель > Мебель для персонала > Микс / Mix > Шкафы зад.стенка HDF > Шкафы высокие зад.стенка HDF,Шкафы высокие зад.стенка HDF,Шкафы зад.стенка HDF,Нет,Нет,Нет,Шкафы,Мебель > Шкафы,category,17027919,,Нечёткое совпадение,81.6,Низкая,Проверить вручную,Автоматическое переименование небезопасно.
01a0c109-712c-70ed-b188-ea1dfad7bba1,Офисная мебель > Мебель для персонала > Микс / Mix > Шкафы зад.стенка ЛДСП,Шкафы зад.стенка ЛДСП,Микс / Mix,Нет,Нет,Нет,Шкафы,Мебель > Шкафы,category,17027919,,Нечёткое совпадение,81.9,Низкая,Проверить вручную,Автоматическое переименование небезопасно.
01a0c109-72d6-7e57-ac74-a05d2f816629,Офисная мебель > Мебель для персонала > Микс / Mix > Шкафы зад.стенка ЛДСП > Шкафы высокие зад.стенка ЛДСП,Шкафы высокие зад.стенка ЛДСП,Шкафы зад.стенка ЛДСП,Нет,Нет,Нет,Шкафы,Мебель > Шкафы,category,17027919,,Нечёткое совпадение,81.6,Низкая,Проверить вручную,Автоматическое переименование небезопасно.
01a0c10d-2ac5-74d7-83ac-021ce4d1250f,Офисная мебель > Кабинеты руководителя > Сирио / Sirio > Тумбы,Тумбы,Сирио / Sirio,Нет,Да,Нет,Комоды и тумбы,Мебель > Комоды и тумбы,category,80711064,,Нечёткое совпадение,82.2,Низкая,Проверить вручную,Название встречается в KIT несколько раз. Автоматическое переименование небезопасно.
01a0c10d-9f59-73f0-9b8e-719369de441e,Офисная мебель > Кабинеты руководителя > Кварц / Quartz > Шкафы,Шкафы,Кварц / Quartz,Нет,Да,Нет,Шкафы,Мебель > Шкафы,category,17027919,,Точное совпадение,100.0,Высокая,Оставить,Название встречается в KIT несколько раз.
01a0c10e-1496-766d-9c0a-a038993349c6,Офисная мебель > Приемные зоны,Приемные зоны,Офисная мебель,Нет,Нет,Нет,Зеркало мертвой зоны,Автотовары > Кузовные запчасти > Зеркало мертвой зоны,type,,970587670,Нечёткое совпадение,76.6,Низкая,Проверить вручную,"Совпадение с типом товара Ozon, а не промежуточной категорией. Автоматическое переименование небезопасно."
01a0c10e-163c-7eba-87e3-f956a149fec3,Офисная мебель > Приемные зоны > Квадро / Quadro,Квадро / Quadro,Приемные зоны,Нет,Нет,Нет,Квас,"Продукты питания Ozon Fresh > Соки, воды, напитки Ozon Fresh > Квас",type,,96960,Нечёткое совпадение,67.9,Низкая,Проверить вручную,"Совпадение с типом товара Ozon, а не промежуточной категорией. Автоматическое переименование небезопасно."
01a0c10e-17df-7414-984f-fafe79c08505,Офисная мебель > Приемные зоны > Квадро / Quadro > Декоративные накладки и полки,Декоративные накладки и полки,Квадро / Quadro,Нет,Нет,Нет,Экипировка и защита,Спорт и отдых > Экипировка и защита,category,17028711,,Нечёткое совпадение,75.2,Низкая,Проверить вручную,Автоматическое переименование небезопасно.
01a0c114-cfc8-74c8-9b76-54c03ac4a0d1,Офисная мебель > Приемные зоны > Квадро / Quadro > Подсветка,Подсветка,Квадро / Quadro,Нет,Нет,Нет,Подвеска,Галантерея и аксессуары > Бижутерные украшения > Подвеска,type,,87458901,Нечёткое совпадение,72.5,Низкая,Проверить вручную,"Совпадение с типом товара Ozon, а не промежуточной категорией. Автоматическое переименование небезопасно."
01a0c115-d176-7e52-8d7a-d7ba9fb316c4,Офисная мебель > Мебель для персонала > Сигма / Sigma > Столы на МК > Кабель-каналы и держатели экранов,Кабель-каналы и держатели экранов,Столы на МК,Нет,Нет,Нет,Кабель-канал,Строительство и ремонт > Электрика > Кабель-канал,type,,859372952,Нечёткое совпадение,80.0,Низкая,Проверить вручную,"Совпадение с типом товара Ozon, а не промежуточной категорией. Автоматическое переименование небезопасно."
01a0c121-c150-70b0-a611-a345fa35f5c7,Офисная мебель > Кабинеты руководителя > Вуд Стоун / Wood&Stone > Столы > Журнальные столы,Журнальные столы,Столы,Нет,Нет,Нет,Столы,Мебель > Столы,category,17027918,,Нечёткое совпадение,81.6,Низкая,Проверить вручную,Автоматическое переименование небезопасно.
01a0c127-d2d7-7275-af01-fff12842c1fb,Школа > Школьно-письменные принадлежности > Ручки перьевые,Ручки перьевые,Школьно-письменные принадлежности,Нет,Нет,Нет,Конвертер для перьевой ручки,Канцелярские товары > Письменные принадлежности > Конвертер для перьевой ручки,type,,97237,Нечёткое совпадение,78.8,Низкая,Проверить вручную,"Совпадение с типом товара Ozon, а не промежуточной категорией. Автоматическое переименование небезопасно."
01a0c12e-4e70-7538-8a06-cb94a9d04558,Офисная мебель > Кабинеты руководителя > Аллегро / Allegro cabinet > Кабель-каналы для столов,Кабель-каналы для столов,Аллегро / Allegro cabinet,Нет,Нет,Нет,Кабель-канал,Строительство и ремонт > Электрика > Кабель-канал,type,,859372952,Нечёткое совпадение,80.1,Низкая,Проверить вручную,"Совпадение с типом товара Ozon, а не промежуточной категорией. Автоматическое переименование небезопасно."
01a0c136-1a65-70ba-b5d8-30c92f032dbf,Кабинеты руководителей > Фёст > Столы руководителя,Столы руководителя,Фёст,Нет,Да,Нет,Столы,Мебель > Столы,category,17027918,,Нечёткое совпадение,81.2,Низкая,Проверить вручную,Название встречается в KIT несколько раз. Автоматическое переименование небезопасно.
01a0c136-bee5-7900-a905-d14fef2bc206,Подарки и праздник > Товары к 23 Февраля и 8 Марта > Ручки подарочные > Подарочные ручки в наборах,Подарочные ручки в наборах,Ручки подарочные,Нет,Нет,Нет,Двигатель в сборе,Автотовары > Запчасти для легковых автомобилей > Двигатель в сборе,type,,971324771,Нечёткое совпадение,75.2,Низкая,Проверить вручную,"Совпадение с типом товара Ozon, а не промежуточной категорией. Автоматическое переименование небезопасно."
01a0c138-43b3-760e-b1e5-9b0048e61629,Офисная мебель > Кабинеты руководителя > Вуд Стоун / Wood&Stone > Тумбы,Тумбы,Вуд Стоун / Wood&Stone,Нет,Да,Нет,Комоды и тумбы,Мебель > Комоды и тумбы,category,80711064,,Нечёткое совпадение,81.6,Низкая,Проверить вручную,Название встречается в KIT несколько раз. Автоматическое переименование небезопасно.
01a0c138-f450-734f-9beb-324f19f69e57,Офисная мебель > Мебель для персонала > Сигма / Sigma > Тумбы мобильные,Тумбы мобильные,Сигма / Sigma,Нет,Да,Нет,Мобиль,Детские товары > Мобили и дуги в кроватку > Мобиль,type,,96495,Нечёткое совпадение,79.2,Низкая,Проверить вручную,"Название встречается в KIT несколько раз. Совпадение с типом товара Ozon, а не промежуточной категорией. Автоматическое переименование небезопасно."
01a0c139-83a1-73a6-be53-0326a2f8c30b,Офисная мебель > Мебель для персонала > Сигма / Sigma > Тумбы приставные,Тумбы приставные,Сигма / Sigma,Нет,Нет,Нет,Рис,"Продукты питания > Макароны, крупы, мука > Рис",type,,99237,Нечёткое совпадение,79.2,Низкая,Проверить вручную,"Совпадение с типом товара Ozon, а не промежуточной категорией. Автоматическое переименование небезопасно."
01a0c13a-c496-70e2-81a0-154ae2ad4732,Офисная мебель > Мебель для персонала > Микс / Mix > Держатели экранов,Держатели экранов,Микс / Mix,Нет,Нет,Нет,"Кронштейны, держатели, подставки","Электроника > Кронштейны, держатели, подставки",category,17028922,,Нечёткое совпадение,76.4,Низкая,Проверить вручную,Автоматическое переименование небезопасно.
01a0c13b-f120-7801-8e5d-607a9eca41d0,Офисная мебель > Кабинеты руководителя > Оливер / Oliver,Оливер / Oliver,Кабинеты руководителя,Нет,Нет,Нет,Веер,Дом и сад > Сувениры и подарки > Веер,type,,148495146,Нечёткое совпадение,64.5,Низкая,Проверить вручную,"Совпадение с типом товара Ozon, а не промежуточной категорией. Автоматическое переименование небезопасно."
01a0c13c-0705-7595-b0c6-e8ba748b3b82,Офисная мебель > Кабинеты руководителя > Оливер / Oliver > Шкафы,Шкафы,Оливер / Oliver,Нет,Да,Нет,Шкафы,Мебель > Шкафы,category,17027919,,Точное совпадение,100.0,Высокая,Оставить,Название встречается в KIT несколько раз.
01a0c13c-a5b9-777b-89b6-b2547d7ea9b4,Офисная мебель > Кабинеты руководителя > Оливер / Oliver > OLIVER S.O.,OLIVER S.O.,Оливер / Oliver,Нет,Нет,Нет,,,,,,Нет совпадения,0.0,Низкая,Проверить вручную,Автоматическое переименование небезопасно.
01a0c13c-a75f-7238-9ca3-0119c503bc29,Офисная мебель > Кабинеты руководителя > Оливер / Oliver > OLIVER S.O. > Oliver GN TOTAL,Oliver GN TOTAL,OLIVER S.O.,Нет,Нет,Нет,ALA,Аптека > Спортивные добавки > ALA,type,,970889518,Нечёткое совпадение,63.4,Низкая,Проверить вручную,"Совпадение с типом товара Ozon, а не промежуточной категорией. Автоматическое переименование небезопасно."
01a0c13c-d4cd-7c78-84c2-5b5c4a4cd769,Офисная мебель > Мебель для персонала > Сигма / Sigma > Шкафы,Шкафы,Сигма / Sigma,Нет,Да,Нет,Шкафы,Мебель > Шкафы,category,17027919,,Точное совпадение,100.0,Высокая,Оставить,Название встречается в KIT несколько раз.
01a0c13d-9a52-7122-a738-beeccd8e19b7,Офисная мебель > Мебель для персонала > Сигма / Sigma > Шкафы > Локеры,Локеры,Шкафы,Нет,Да,Нет,Лоферы,Обувь > Повседневная обувь > Лоферы,type,,91249,Нечёткое совпадение,73.3,Низкая,Проверить вручную,"Название встречается в KIT несколько раз. Совпадение с типом товара Ozon, а не промежуточной категорией. Автоматическое переименование небезопасно."
01a0c141-9b10-7b11-83b9-3c93033b1440,Офисная мебель > Мебель для персонала > Микс / Mix > Шкафы зад.стенка HDF > Шкафы низкие зад.стенка HDF,Шкафы низкие зад.стенка HDF,Шкафы зад.стенка HDF,Нет,Нет,Нет,Шкафы,Мебель > Шкафы,category,17027919,,Нечёткое совпадение,81.6,Низкая,Проверить вручную,Автоматическое переименование небезопасно.
01a0c145-8797-7a80-939b-d28776712e2d,Мебель для персонала > Стайл > Тумбы,Тумбы,Стайл,Нет,Да,Нет,Комоды и тумбы,Мебель > Комоды и тумбы,category,80711064,,Нечёткое совпадение,84.0,Низкая,Проверить вручную,Название встречается в KIT несколько раз. Автоматическое переименование небезопасно.
01a0c146-a12f-74a0-97cf-cb0a7db1116d,Кабинеты руководителей > Фёст > Брифинг-приставки,Брифинг-приставки,Фёст,Нет,Да,Нет,Рис,"Продукты питания > Макароны, крупы, мука > Рис",type,,99237,Нечёткое совпадение,79.2,Низкая,Проверить вручную,"Название встречается в KIT несколько раз. Совпадение с типом товара Ozon, а не промежуточной категорией. Автоматическое переименование небезопасно."
01a0c148-9841-7053-a543-1c851ae4b122,Кресла > РВ Дизайн,РВ Дизайн,Кресла,Нет,Нет,Нет,"Сервиз чайный, кофейный","Дом и сад > Столовая посуда > Сервиз чайный, кофейный",type,,92515,Нечёткое совпадение,61.6,Низкая,Проверить вручную,"Совпадение с типом товара Ozon, а не промежуточной категорией. Автоматическое переименование небезопасно."
01a0c15c-a07b-77f1-acae-c12023e84c92,Для дома и гостиниц > Хоум Офис > Столы,Столы,Хоум Офис,Нет,Да,Нет,Столы,Мебель > Столы,category,17027918,,Точное совпадение,100.0,Высокая,Оставить,Название встречается в KIT несколько раз.
01a0c191-fac1-7867-a185-f8647f6891cd,Мебель для персонала > Метал Систем Куатро 4х4,Метал Систем Куатро 4х4,Мебель для персонала,Нет,Да,Нет,Аксессуар для промывки систем отопления,Строительство и ремонт > Отопление > Аксессуар для промывки систем отопления,type,,970890450,Нечёткое совпадение,76.2,Низкая,Проверить вручную,"Название встречается в KIT несколько раз. Совпадение с типом товара Ozon, а не промежуточной категорией. Автоматическое переименование небезопасно."
01a0c192-009d-747b-af54-c3fd362dda1a,Мебель для персонала > Метал Систем Куатро 4х4 > Рабочие станции,Рабочие станции,Метал Систем Куатро 4х4,Нет,Да,Нет,Зарядные устройства и док-станции,Электроника > Зарядные устройства и док-станции,category,17028627,,Нечёткое совпадение,76.2,Низкая,Проверить вручную,Название встречается в KIT несколько раз. Автоматическое переименование небезопасно.
01a0c192-0678-7744-952d-dd36a185b3f5,Мебель для персонала > Метал Систем Куатро 4х4 > Рабочие станции > Линейные рабочие станции на П-образных опорах,Линейные рабочие станции на П-образных опорах,Рабочие станции,Нет,Да,Нет,Спасательный набор на воде,Спорт и отдых > Лодки и лодочные моторы > Спасательный набор на воде,type,,970829678,Нечёткое совпадение,75.2,Низкая,Проверить вручную,"Название встречается в KIT несколько раз. Совпадение с типом товара Ozon, а не промежуточной категорией. Автоматическое переименование небезопасно."
01a0c192-2f80-7b49-8d65-d90d64af6a8d,Мебель для персонала > Метал Систем Куатро 4х4 > Рабочие станции > Эргономичные рабочие станции F2F на П-образных опорах,Эргономичные рабочие станции F2F на П-образных опорах,Рабочие станции,Нет,Да,Нет,Подушка на руль самоката,Спорт и отдых > Скейтборды и самокаты > Подушка на руль самоката,type,,971446324,Нечёткое совпадение,75.2,Низкая,Проверить вручную,"Название встречается в KIT несколько раз. Совпадение с типом товара Ozon, а не промежуточной категорией. Автоматическое переименование небезопасно."
01a0c192-a946-7a6c-b999-66040cf8d9af,Мебель для персонала > Метал Систем Куатро 4х4 > Рабочие станции > Прямые рабочие станции F2F на П-образных опорах,Прямые рабочие станции F2F на П-образных опорах,Рабочие станции,Нет,Да,Нет,Фехтовальный протектор на маску,Спорт и отдых > Фехтование > Фехтовальный протектор на маску,type,,970667772,Нечёткое совпадение,75.2,Низкая,Проверить вручную,"Название встречается в KIT несколько раз. Совпадение с типом товара Ozon, а не промежуточной категорией. Автоматическое переименование небезопасно."
01a0c193-7349-72d2-80e1-1d1517e53159,Мебель для персонала > Метал Систем Куатро 4х4 > Столы операторские,Столы операторские,Метал Систем Куатро 4х4,Нет,Да,Нет,Столы,Мебель > Столы,category,17027918,,Нечёткое совпадение,82.2,Низкая,Проверить вручную,Название встречается в KIT несколько раз. Автоматическое переименование небезопасно.
01a0c193-7925-726d-a377-61fbd5f35a37,Мебель для персонала > Метал Систем Куатро 4х4 > Столы операторские > Приставные элементы на П-образных опорах,Приставные элементы на П-образных опорах,Столы операторские,Нет,Да,Нет,Накладки на ладони,Спорт и отдых > Экипировка и защита > Накладки на ладони,type,,970680398,Нечёткое совпадение,75.2,Низкая,Проверить вручную,"Название встречается в KIT несколько раз. Совпадение с типом товара Ozon, а не промежуточной категорией. Автоматическое переименование небезопасно."
01a0c194-454b-7981-bed0-27bbe672a5fe,Мебель для персонала > Метал Систем Куатро 4х4 > Готовые комплекты рабочих станций,Готовые комплекты рабочих станций,Метал Систем Куатро 4х4,Нет,Да,Нет,Комплекты мебели,Мебель > Комплекты мебели,category,80770870,,Нечёткое совпадение,77.4,Низкая,Проверить вручную,Название встречается в KIT несколько раз. Автоматическое переименование небезопасно.
01a0c194-4b28-7540-816c-4be2619798f8,Мебель для персонала > Метал Систем Куатро 4х4 > Готовые комплекты рабочих станций > Линейные рабочие станции на П-образных опорах с опорными тумбами/шкафами,Линейные рабочие станции на П-образных опорах с опорными тумбами/шкафами,Готовые комплекты рабочих станций,Нет,Да,Нет,Защитный мат на пружины,Спорт и отдых > Каркасные батуты и аксессуары > Защитный мат на пружины,type,,971092790,Нечёткое совпадение,75.2,Низкая,Проверить вручную,"Название встречается в KIT несколько раз. Совпадение с типом товара Ozon, а не промежуточной категорией. Автоматическое переименование небезопасно."
01a0c194-85c2-7e08-9bdb-db606fa4ee6f,Мебель для персонала > Метал Систем Куатро 4х4 > Готовые комплекты рабочих станций > Рабочие станции F2F на П-образных опорах с опорными тумбами/шкафами,Рабочие станции F2F на П-образных опорах с опорными тумбами/шкафами,Готовые комплекты рабочих станций,Нет,Да,Нет,Защитный мат на пружины,Спорт и отдых > Каркасные батуты и аксессуары > Защитный мат на пружины,type,,971092790,Нечёткое совпадение,75.2,Низкая,Проверить вручную,"Название встречается в KIT несколько раз. Совпадение с типом товара Ozon, а не промежуточной категорией. Автоматическое переименование небезопасно."
01a0c194-eb0e-75be-be75-ad768eed9b1f,Мебель для персонала > Метал Систем Куатро 4х4 > Столы переговорные,Столы переговорные,Метал Систем Куатро 4х4,Нет,Да,Нет,Столы,Мебель > Столы,category,17027918,,Нечёткое совпадение,82.2,Низкая,Проверить вручную,Название встречается в KIT несколько раз. Автоматическое переименование небезопасно.
01a0c194-f0ea-7c56-b4ff-8a59b6180e7f,Мебель для персонала > Метал Систем Куатро 4х4 > Столы переговорные > Столы переговорные на П-образных опорах,Столы переговорные на П-образных опорах,Столы переговорные,Нет,Да,Нет,Столы,Мебель > Столы,category,17027918,,Нечёткое совпадение,81.6,Низкая,Проверить вручную,Название встречается в KIT несколько раз. Автоматическое переименование небезопасно.
01a0c195-1b57-7cca-9f8c-4805e6985841,Мебель для переговорных зон > Метал Систем Куатро 4х4,Метал Систем Куатро 4х4,Мебель для переговорных зон,Нет,Да,Нет,Аксессуар для промывки систем отопления,Строительство и ремонт > Отопление > Аксессуар для промывки систем отопления,type,,970890450,Нечёткое совпадение,76.2,Низкая,Проверить вручную,"Название встречается в KIT несколько раз. Совпадение с типом товара Ozon, а не промежуточной категорией. Автоматическое переименование небезопасно."
01a0c19d-08e2-733d-88cb-04d4fc9431a1,Офисная мебель > Мебель для персонала > Микс / Mix > Шкафы зад.стенка ЛДСП > Шкафы низкие зад.стенка ЛДСП,Шкафы низкие зад.стенка ЛДСП,Шкафы зад.стенка ЛДСП,Нет,Нет,Нет,Шкафы,Мебель > Шкафы,category,17027919,,Нечёткое совпадение,81.6,Низкая,Проверить вручную,Автоматическое переименование небезопасно.
01a0c19e-2a4f-7e43-93e4-2980d712feab,Офисная мебель > Мебель для персонала > Микс / Mix > Шкафы зад.стенка ЛДСП > Шкафы средние зад.стенка ЛДСП,Шкафы средние зад.стенка ЛДСП,Шкафы зад.стенка ЛДСП,Нет,Нет,Нет,Шкафы,Мебель > Шкафы,category,17027919,,Нечёткое совпадение,81.6,Низкая,Проверить вручную,Автоматическое переименование небезопасно.
01a0c19f-0416-76bc-ad33-bf711de5289b,Офисная мебель > Мебель для персонала > Микс / Mix > Шкафы зад.стенка HDF > Шкафы средние зад.стенка HDF,Шкафы средние зад.стенка HDF,Шкафы зад.стенка HDF,Нет,Нет,Нет,Шкафы,Мебель > Шкафы,category,17027919,,Нечёткое совпадение,81.6,Низкая,Проверить вручную,Автоматическое переименование небезопасно.
01a0c1a0-4ea2-7203-ba9e-a6cf42d66066,Офисная мебель > Мебель для персонала > Сигма / Sigma > Столы на МК > Доп комплектация,Доп комплектация,Столы на МК,Нет,Нет,Нет,Доп. оборудование для блок-контейнера,"Строительство и ремонт > Готовые дома, бани и гаражи > Доп. оборудование для блок-контейнера",type,,971010263,Нечёткое совпадение,75.9,Низкая,Проверить вручную,"Совпадение с типом товара Ozon, а не промежуточной категорией. Автоматическое переименование небезопасно."
01a0c1a2-1fe5-7237-9296-db5b186d4e35,Подстолья,Подстолья,,Нет,Да,Нет,Подстолье,Мебель > Столы > Подстолье,type,,95012,Нечёткое совпадение,78.2,Низкая,Проверить вручную,"Название встречается в KIT несколько раз. Совпадение с типом товара Ozon, а не промежуточной категорией. Автоматическое переименование небезопасно."
01a0c1a3-72d0-7672-bee9-47b1cb0d4ced,Офисная мебель > Кабинеты руководителя > Атлас / Atlas,Атлас / Atlas,Кабинеты руководителя,Нет,Нет,Нет,Фата,Одежда > Одежда > Фата,type,,970658743,Нечёткое совпадение,59.4,Низкая,Проверить вручную,"Совпадение с типом товара Ozon, а не промежуточной категорией. Автоматическое переименование небезопасно."
01a0c1a3-88c2-79d7-9a12-c0630b4ecb11,Офисная мебель > Кабинеты руководителя > Атлас / Atlas > Столы,Столы,Атлас / Atlas,Нет,Да,Нет,Столы,Мебель > Столы,category,17027918,,Точное совпадение,100.0,Высокая,Оставить,Название встречается в KIT несколько раз.
01a0c1a3-9eb1-70b1-8c23-6fc7aab695e7,Офисная мебель > Кабинеты руководителя > Атлас / Atlas > Столы > Столы руководителя,Столы руководителя,Столы,Нет,Да,Нет,Столы,Мебель > Столы,category,17027918,,Нечёткое совпадение,82.6,Низкая,Проверить вручную,Название встречается в KIT несколько раз. Автоматическое переименование небезопасно.
01a0c1a4-2800-705a-8562-59ff76ce7ff2,Стул,Стул,,Нет,Да,Нет,Стул,"Мебель > Стулья, скамьи, табуреты, пуфики > Стул",type,,95048,Точное совпадение,100.0,Высокая,Оставить,"Название встречается в KIT несколько раз. Совпадение с типом товара Ozon, а не промежуточной категорией."
01a0c1a5-9e3f-7659-8d87-f6d395ebeb5b,Офисная мебель > Мебель для персонала > Аллегро / Allegro > Локеры,Локеры,Аллегро / Allegro,Нет,Да,Нет,Лоферы,Обувь > Повседневная обувь > Лоферы,type,,91249,Нечёткое совпадение,73.3,Низкая,Проверить вручную,"Название встречается в KIT несколько раз. Совпадение с типом товара Ozon, а не промежуточной категорией. Автоматическое переименование небезопасно."
01a0c1c1-83ed-71b8-b22e-af93202b2767,Офис > Письменные и чертежные принадлежности > Ручки капиллярные и линеры художественные,Ручки капиллярные и линеры художественные,Письменные и чертежные принадлежности,Нет,Нет,Нет,Аксессуар для 3D-ручки,Хобби и творчество > Детское творчество и развитие > Аксессуар для 3D-ручки,type,,971102243,Нечёткое совпадение,76.1,Низкая,Проверить вручную,"Совпадение с типом товара Ozon, а не промежуточной категорией. Автоматическое переименование небезопасно."
01a0c21e-e524-736b-a035-931be34a8ed4,Мебель для персонала > Метал Систем Куатро 5х5,Метал Систем Куатро 5х5,Мебель для персонала,Нет,Да,Нет,Аксессуар для промывки систем отопления,Строительство и ремонт > Отопление > Аксессуар для промывки систем отопления,type,,970890450,Нечёткое совпадение,76.2,Низкая,Проверить вручную,"Название встречается в KIT несколько раз. Совпадение с типом товара Ozon, а не промежуточной категорией. Автоматическое переименование небезопасно."
01a0c21e-eb00-70f0-afb2-6ae273eb6b30,Мебель для персонала > Метал Систем Куатро 5х5 > Столы операторские,Столы операторские,Метал Систем Куатро 5х5,Нет,Да,Нет,Столы,Мебель > Столы,category,17027918,,Нечёткое совпадение,82.2,Низкая,Проверить вручную,Название встречается в KIT несколько раз. Автоматическое переименование небезопасно.
01a0c21e-f0db-7bbe-b638-2b54621c8c60,Мебель для персонала > Метал Систем Куатро 5х5 > Столы операторские > Приставные элементы на П-образных опорах,Приставные элементы на П-образных опорах,Столы операторские,Нет,Да,Нет,Накладки на ладони,Спорт и отдых > Экипировка и защита > Накладки на ладони,type,,970680398,Нечёткое совпадение,75.2,Низкая,Проверить вручную,"Название встречается в KIT несколько раз. Совпадение с типом товара Ozon, а не промежуточной категорией. Автоматическое переименование небезопасно."
01a0c21f-1b1d-7d04-bcd3-49d0ef8f1dfb,Мебель для персонала > Метал Систем Куатро 5х5 > Столы переговорные,Столы переговорные,Метал Систем Куатро 5х5,Нет,Да,Нет,Столы,Мебель > Столы,category,17027918,,Нечёткое совпадение,82.2,Низкая,Проверить вручную,Название встречается в KIT несколько раз. Автоматическое переименование небезопасно.
01a0c21f-20fa-7d0e-a7e0-50efd38c4966,Мебель для персонала > Метал Систем Куатро 5х5 > Столы переговорные > Столы переговорные на П-образных опорах,Столы переговорные на П-образных опорах,Столы переговорные,Нет,Да,Нет,Столы,Мебель > Столы,category,17027918,,Нечёткое совпадение,81.6,Низкая,Проверить вручную,Название встречается в KIT несколько раз. Автоматическое переименование небезопасно.
01a0c21f-386b-7954-8714-a62ec3fa3a65,Мебель для персонала > Метал Систем Куатро 5х5 > Рабочие станции,Рабочие станции,Метал Систем Куатро 5х5,Нет,Да,Нет,Зарядные устройства и док-станции,Электроника > Зарядные устройства и док-станции,category,17028627,,Нечёткое совпадение,76.2,Низкая,Проверить вручную,Название встречается в KIT несколько раз. Автоматическое переименование небезопасно.
01a0c21f-3e48-7f03-afed-4ca50293812a,Мебель для персонала > Метал Систем Куатро 5х5 > Рабочие станции > Прямые рабочие станции F2F на П-образных опорах,Прямые рабочие станции F2F на П-образных опорах,Рабочие станции,Нет,Да,Нет,Фехтовальный протектор на маску,Спорт и отдых > Фехтование > Фехтовальный протектор на маску,type,,970667772,Нечёткое совпадение,75.2,Низкая,Проверить вручную,"Название встречается в KIT несколько раз. Совпадение с типом товара Ozon, а не промежуточной категорией. Автоматическое переименование небезопасно."
01a0c21f-8a75-70a3-8c1d-f7d4d56d63a7,Мебель для персонала > Метал Систем Куатро 5х5 > Готовые комплекты рабочих станций,Готовые комплекты рабочих станций,Метал Систем Куатро 5х5,Нет,Да,Нет,Комплекты мебели,Мебель > Комплекты мебели,category,80770870,,Нечёткое совпадение,77.4,Низкая,Проверить вручную,Название встречается в KIT несколько раз. Автоматическое переименование небезопасно.
01a0c21f-9053-77fd-9e7c-a9e3272aace6,Мебель для персонала > Метал Систем Куатро 5х5 > Готовые комплекты рабочих станций > Линейные рабочие станции на П-образных опорах с опорными тумбами/шкафами,Линейные рабочие станции на П-образных опорах с опорными тумбами/шкафами,Готовые комплекты рабочих станций,Нет,Да,Нет,Защитный мат на пружины,Спорт и отдых > Каркасные батуты и аксессуары > Защитный мат на пружины,type,,971092790,Нечёткое совпадение,75.2,Низкая,Проверить вручную,"Название встречается в KIT несколько раз. Совпадение с типом товара Ozon, а не промежуточной категорией. Автоматическое переименование небезопасно."
01a0c221-ea1f-76dc-b751-a52b4207ed44,Мебель для персонала > Метал Систем Куатро 5х5 > Столы операторские > Столы на П-образных опорах,Столы на П-образных опорах,Столы операторские,Нет,Нет,Нет,Столы,Мебель > Столы,category,17027918,,Нечёткое совпадение,81.6,Низкая,Проверить вручную,Автоматическое переименование небезопасно.
01a0c222-3887-77aa-8bd0-2ef4c0a72ab3,Мебель для персонала > Метал Систем Куатро 5х5 > Рабочие станции > Линейные рабочие станции на П-образных опорах,Линейные рабочие станции на П-образных опорах,Рабочие станции,Нет,Да,Нет,Спасательный набор на воде,Спорт и отдых > Лодки и лодочные моторы > Спасательный набор на воде,type,,970829678,Нечёткое совпадение,75.2,Низкая,Проверить вручную,"Название встречается в KIT несколько раз. Совпадение с типом товара Ozon, а не промежуточной категорией. Автоматическое переименование небезопасно."
01a0c222-635e-7349-b96b-01734a253c84,Мебель для персонала > Метал Систем Куатро 5х5 > Столы операторские > Эргономичные столы на П-образных опорах,Эргономичные столы на П-образных опорах,Столы операторские,Нет,Да,Нет,Столы,Мебель > Столы,category,17027918,,Нечёткое совпадение,81.4,Низкая,Проверить вручную,Название встречается в KIT несколько раз. Автоматическое переименование небезопасно.
01a0c269-ba82-753d-bf6f-e28c1a9e68ac,Столы на металлокаркасах,Столы на металлокаркасах,,Нет,Нет,Нет,Столы,Мебель > Столы,category,17027918,,Нечёткое совпадение,83.2,Низкая,Проверить вручную,Автоматическое переименование небезопасно.
01a0c26b-9808-7ef0-bf23-53a337a6e65c,Офисная мебель > Переговорные зоны,Переговорные зоны,Офисная мебель,Нет,Нет,Нет,Перо,Канцелярские товары > Письменные принадлежности > Перо,type,,97877,Нечёткое совпадение,67.9,Низкая,Проверить вручную,"Совпадение с типом товара Ozon, а не промежуточной категорией. Автоматическое переименование небезопасно."
01a0c26b-adf5-71f7-a1b7-f9c09c59d757,Офисная мебель > Переговорные зоны > Спайдер / Spider,Спайдер / Spider,Переговорные зоны,Нет,Нет,Нет,ДСП,Строительство и ремонт > Древесно-плитные материалы > ДСП,type,,970853824,Нечёткое совпадение,63.4,Низкая,Проверить вручную,"Совпадение с типом товара Ozon, а не промежуточной категорией. Автоматическое переименование небезопасно."
01a0c26b-af98-7b5d-a315-c305e5ce6cd4,Офисная мебель > Переговорные зоны > Спайдер / Spider > Модули столов,Модули столов,Спайдер / Spider,Нет,Нет,Нет,Электронные компоненты и модули,Электроника > Электронные компоненты и модули,category,42872319,,Нечёткое совпадение,76.3,Низкая,Проверить вручную,Автоматическое переименование небезопасно.
01a0c26b-b140-730d-b0b2-75a68d00f871,Офисная мебель > Переговорные зоны > Спайдер / Spider > Модули столов > Модули столов шириной 1200,Модули столов шириной 1200,Модули столов,Нет,Нет,Нет,Столы,Мебель > Столы,category,17027918,,Нечёткое совпадение,64.5,Низкая,Проверить вручную,Автоматическое переименование небезопасно.
01a0c26d-6409-7e26-b4db-c2459db620be,Офисная мебель > Переговорные зоны > Спайдер / Spider > Модули столов > Модули столов шириной 1400,Модули столов шириной 1400,Модули столов,Нет,Нет,Нет,Столы,Мебель > Столы,category,17027918,,Нечёткое совпадение,64.5,Низкая,Проверить вручную,Автоматическое переименование небезопасно.
01a0c26f-3e4b-7333-aa3e-835ebd8a0493,Офисная мебель > Приемные зоны > Квадро / Quadro > Модули WH,Модули WH,Квадро / Quadro,Нет,Нет,Нет,Электронные компоненты и модули,Электроника > Электронные компоненты и модули,category,42872319,,Нечёткое совпадение,76.3,Низкая,Проверить вручную,Автоматическое переименование небезопасно.
01a0c271-204d-78df-a1ad-87005c59af5c,Офисная мебель > Приемные зоны > Квадро / Quadro > Модули AN,Модули AN,Квадро / Quadro,Нет,Нет,Нет,Электронные компоненты и модули,Электроника > Электронные компоненты и модули,category,42872319,,Нечёткое совпадение,76.3,Низкая,Проверить вручную,Автоматическое переименование небезопасно.
01a0c272-7817-75fe-ad14-8b960c42ce3a,Офисная мебель > Приемные зоны > Квадро / Quadro > Модули AR,Модули AR,Квадро / Quadro,Нет,Нет,Нет,Электронные компоненты и модули,Электроника > Электронные компоненты и модули,category,42872319,,Нечёткое совпадение,76.3,Низкая,Проверить вручную,Автоматическое переименование небезопасно.
01a0c278-0983-7737-b505-7c4fcb5f38be,Офисная мебель > Переговорные зоны > Спайдер / Spider > Модули столов > Модули О-столов шириной 2400,Модули О-столов шириной 2400,Модули столов,Нет,Нет,Нет,Столы,Мебель > Столы,category,17027918,,Нечёткое совпадение,64.5,Низкая,Проверить вручную,Автоматическое переименование небезопасно.
01a0c278-c425-7a97-9c70-434a91083d61,Детям > Принадлежности для рисования > Карандаши и фломастеры,Карандаши и фломастеры,Принадлежности для рисования,Нет,Да,Нет,Карандаш,Канцелярские товары > Письменные принадлежности > Карандаш,type,,94054,Нечёткое совпадение,80.5,Низкая,Проверить вручную,"Название встречается в KIT несколько раз. Совпадение с типом товара Ozon, а не промежуточной категорией. Автоматическое переименование небезопасно."
01a0c278-c910-73f0-9b5d-52580ba805e8,Детям > Принадлежности для рисования > Карандаши и фломастеры > Фломастеры классические,Фломастеры классические,Карандаши и фломастеры,Нет,Нет,Нет,Лом,Строительство и ремонт > Инструменты для ремонта и строительства > Лом,type,,92093,Нечёткое совпадение,79.2,Низкая,Проверить вручную,"Совпадение с типом товара Ozon, а не промежуточной категорией. Автоматическое переименование небезопасно."
01a0c27a-8182-72ad-af4c-6cbc34430f4e,Офис > Письменные и чертежные принадлежности > Маркеры и текстовыделители,Маркеры и текстовыделители,Письменные и чертежные принадлежности,Нет,Да,Нет,Маркер,Канцелярские товары > Письменные принадлежности > Маркер,type,,94058,Нечёткое совпадение,81.9,Низкая,Проверить вручную,"Название встречается в KIT несколько раз. Совпадение с типом товара Ozon, а не промежуточной категорией. Автоматическое переименование небезопасно."
01a0c27a-8664-734a-b051-3f54c6e2c900,Офис > Письменные и чертежные принадлежности > Маркеры и текстовыделители > Маркеры перманентные,Маркеры перманентные,Маркеры и текстовыделители,Нет,Нет,Нет,Маркер,Канцелярские товары > Письменные принадлежности > Маркер,type,,94058,Нечёткое совпадение,81.6,Низкая,Проверить вручную,"Совпадение с типом товара Ozon, а не промежуточной категорией. Автоматическое переименование небезопасно."
01a0c27f-6363-7d64-b9f1-646df03ccfc8,Офисная мебель > Переговорные зоны > Спайдер / Spider > Модули столов > Модули O-столов шириной 2800,Модули O-столов шириной 2800,Модули столов,Нет,Нет,Нет,Столы,Мебель > Столы,category,17027918,,Нечёткое совпадение,64.5,Низкая,Проверить вручную,Автоматическое переименование небезопасно.
01a0c282-4bea-7773-a5ab-d3c59d4ffd00,Офис > Письменные и чертежные принадлежности > Маркеры и текстовыделители > Маркеры для CD и DVD,Маркеры для CD и DVD,Маркеры и текстовыделители,Нет,Нет,Нет,Маркер,Канцелярские товары > Письменные принадлежности > Маркер,type,,94058,Нечёткое совпадение,81.4,Низкая,Проверить вручную,"Совпадение с типом товара Ozon, а не промежуточной категорией. Автоматическое переименование небезопасно."
01a0c282-e224-7e21-96ac-e4ff2a4d9f01,Детям > Доски для письма,Доски для письма,Детям,Нет,Нет,Нет,Органайзер для документов,Галантерея и аксессуары > Аксессуары > Органайзер для документов,type,,970870896,Нечёткое совпадение,75.2,Низкая,Проверить вручную,"Совпадение с типом товара Ozon, а не промежуточной категорией. Автоматическое переименование небезопасно."
01a0c282-e70b-7c1e-ae41-f15585159efb,Детям > Доски для письма > Маркеры для досок,Маркеры для досок,Доски для письма,Нет,Нет,Нет,Сок,"Продукты питания Ozon Fresh > Соки, воды, напитки Ozon Fresh > Сок",type,,97101,Нечёткое совпадение,79.2,Низкая,Проверить вручную,"Совпадение с типом товара Ozon, а не промежуточной категорией. Автоматическое переименование небезопасно."
01a0c283-7c84-7d4a-bdb9-026bb9872191,Хобби и творчество > Декорирование,Декорирование,Хобби и творчество,Нет,Нет,Нет,Набор для декорирования,"Хобби и творчество > Набор для рукоделия, творчества > Набор для декорирования",type,,92912,Нечёткое совпадение,76.5,Низкая,Проверить вручную,"Совпадение с типом товара Ozon, а не промежуточной категорией. Автоматическое переименование небезопасно."
01a0c283-8166-7dc6-9052-b12d20f2454c,Хобби и творчество > Декорирование > Маркеры для хобби,Маркеры для хобби,Декорирование,Нет,Нет,Нет,Маркер,Канцелярские товары > Письменные принадлежности > Маркер,type,,94058,Нечёткое совпадение,79.2,Низкая,Проверить вручную,"Совпадение с типом товара Ozon, а не промежуточной категорией. Автоматическое переименование небезопасно."
01a0c285-e814-7685-9d54-4e995e113fac,Офис > Письменные и чертежные принадлежности > Маркеры и текстовыделители > Текстовыделители,Текстовыделители,Маркеры и текстовыделители,Нет,Нет,Нет,Елки,Дом и сад > Елки,category,17027935,,Нечёткое совпадение,67.9,Низкая,Проверить вручную,Автоматическое переименование небезопасно.
01a0c28a-3299-71f8-be6f-f98eaa0c419f,Хобби и творчество > Наборы для творчества,Наборы для творчества,Хобби и творчество,Нет,Нет,Нет,"Сумки, органайзеры для творчества","Хобби и творчество > Сумки, органайзеры для творчества",category,88577267,,Нечёткое совпадение,81.2,Низкая,Проверить вручную,Автоматическое переименование небезопасно.
01a0c28a-377a-749a-ad5f-559e453e5a99,Хобби и творчество > Наборы для творчества > Наборы для выжигания,Наборы для выжигания,Наборы для творчества,Нет,Нет,Нет,Набор для выжигания,"Хобби и творчество > Набор для рукоделия, творчества > Набор для выжигания",type,,92901,Нечёткое совпадение,92.6,Средняя,Проверить перед переименованием,"Совпадение с типом товара Ozon, а не промежуточной категорией."
01a0c293-4d73-72c6-8f7b-ff423ac1ee5a,Канцтовары > Письменные и чертежные принадлежности > Маркеры и текстовыделители,Маркеры и текстовыделители,Письменные и чертежные принадлежности,Нет,Да,Нет,Маркер,Канцелярские товары > Письменные принадлежности > Маркер,type,,94058,Нечёткое совпадение,81.9,Низкая,Проверить вручную,"Название встречается в KIT несколько раз. Совпадение с типом товара Ozon, а не промежуточной категорией. Автоматическое переименование небезопасно."
01a0c293-4ee5-7674-9162-f5d4bab4978a,Канцтовары > Письменные и чертежные принадлежности > Маркеры и текстовыделители > Маркеры для ткани,Маркеры для ткани,Маркеры и текстовыделители,Нет,Нет,Нет,Маркер,Канцелярские товары > Письменные принадлежности > Маркер,type,,94058,Нечёткое совпадение,81.6,Низкая,Проверить вручную,"Совпадение с типом товара Ozon, а не промежуточной категорией. Автоматическое переименование небезопасно."
01a0c295-bcfd-7a28-89f2-0273ec071681,Дом и сад > Строительство,Строительство,Дом и сад,Нет,Нет,Нет,Строительство и ремонт,Строительство и ремонт,category,17027482,,Нечёткое совпадение,82.2,Низкая,Проверить вручную,Автоматическое переименование небезопасно.
01a0c295-c1dd-77d8-bd47-e9dca7bc728a,Дом и сад > Строительство > Маркеры и карандаши специальные,Маркеры и карандаши специальные,Строительство,Нет,Нет,Нет,Маркер,Канцелярские товары > Письменные принадлежности > Маркер,type,,94058,Нечёткое совпадение,79.2,Низкая,Проверить вручную,"Совпадение с типом товара Ozon, а не промежуточной категорией. Автоматическое переименование небезопасно."
01a0c295-c6c1-7d11-a391-72d8d81c695f,Дом и сад > Строительство > Маркеры и карандаши специальные > Маркеры-краски лаковые,Маркеры-краски лаковые,Маркеры и карандаши специальные,Нет,Нет,Нет,Маркер,Канцелярские товары > Письменные принадлежности > Маркер,type,,94058,Нечёткое совпадение,79.2,Низкая,Проверить вручную,"Совпадение с типом товара Ozon, а не промежуточной категорией. Автоматическое переименование небезопасно."
01a0c296-f784-7ba6-b4c9-799a1483cf67,Офис > Письменные и чертежные принадлежности > Маркеры и текстовыделители > Маркеры для пленок,Маркеры для пленок,Маркеры и текстовыделители,Нет,Нет,Нет,Маркер,Канцелярские товары > Письменные принадлежности > Маркер,type,,94058,Нечёткое совпадение,81.6,Низкая,Проверить вручную,"Совпадение с типом товара Ozon, а не промежуточной категорией. Автоматическое переименование небезопасно."
01a0c298-1598-7173-a0d1-8a3e06174c43,Офис > Письменные и чертежные принадлежности > Маркеры и текстовыделители > Маркеры для шин и резины,Маркеры для шин и резины,Маркеры и текстовыделители,Нет,Нет,Нет,Маркер,Канцелярские товары > Письменные принадлежности > Маркер,type,,94058,Нечёткое совпадение,81.4,Низкая,Проверить вручную,"Совпадение с типом товара Ozon, а не промежуточной категорией. Автоматическое переименование небезопасно."
01a0c298-cd76-795e-bef7-40e8bb00581c,Офис > Письменные и чертежные принадлежности > Маркеры и текстовыделители > Маркеры ультрафиолетовые,Маркеры ультрафиолетовые,Маркеры и текстовыделители,Нет,Нет,Нет,Маркер,Канцелярские товары > Письменные принадлежности > Маркер,type,,94058,Нечёткое совпадение,81.6,Низкая,Проверить вручную,"Совпадение с типом товара Ozon, а не промежуточной категорией. Автоматическое переименование небезопасно."
01a0c29b-726f-70c4-a19f-d36801003b50,Дом и сад > Строительство > Маркеры и карандаши специальные > Маркеры промышленные и прочие специальные,Маркеры промышленные и прочие специальные,Маркеры и карандаши специальные,Нет,Нет,Нет,Маркер,Канцелярские товары > Письменные принадлежности > Маркер,type,,94058,Нечёткое совпадение,79.2,Низкая,Проверить вручную,"Совпадение с типом товара Ozon, а не промежуточной категорией. Автоматическое переименование небезопасно."
01a0c29f-0323-787d-8410-fdf68de24673,Школа > Школьно-письменные принадлежности > Маркеры и текстмаркеры,Маркеры и текстмаркеры,Школьно-письменные принадлежности,Нет,Нет,Нет,Маркер,Канцелярские товары > Письменные принадлежности > Маркер,type,,94058,Нечёткое совпадение,81.9,Низкая,Проверить вручную,"Совпадение с типом товара Ozon, а не промежуточной категорией. Автоматическое переименование небезопасно."
01a0c29f-0808-7426-aede-0f64432317f1,Школа > Школьно-письменные принадлежности > Маркеры и текстмаркеры > Маркеры для флипчартов,Маркеры для флипчартов,Маркеры и текстмаркеры,Нет,Нет,Нет,Маркер,Канцелярские товары > Письменные принадлежности > Маркер,type,,94058,Нечёткое совпадение,81.6,Низкая,Проверить вручную,"Совпадение с типом товара Ozon, а не промежуточной категорией. Автоматическое переименование небезопасно."
01a0c2a5-46a1-7343-994b-ea0f6faea733,Кресла и стулья > Кресла > Проектные кресла,Проектные кресла,Кресла,Нет,Нет,Нет,Компьютерные и офисные кресла,Мебель > Компьютерные и офисные кресла,category,79164512,,Нечёткое совпадение,77.2,Низкая,Проверить вручную,Автоматическое переименование небезопасно.
01a0c2a6-ae64-7a29-9a14-96b7b07442cd,Офисная мебель > Мебель для персонала > Сигма / Sigma > Надстройки к шкафам-купе,Надстройки к шкафам-купе,Сигма / Sigma,Нет,Нет,Нет,Шкаф-купе,Мебель > Шкафы > Шкаф-купе,type,,970679785,Нечёткое совпадение,77.6,Низкая,Проверить вручную,"Совпадение с типом товара Ozon, а не промежуточной категорией. Автоматическое переименование небезопасно."
01a0c2aa-74d6-7543-9b18-d6019176ffe3,Офисная мебель > Мебель для персонала > Сигма / Sigma > Надстройки к тумбам-органайзерам,Надстройки к тумбам-органайзерам,Сигма / Sigma,Нет,Нет,Нет,Тумба,Мебель > Комоды и тумбы > Тумба,type,,971162059,Нечёткое совпадение,80.3,Низкая,Проверить вручную,"Совпадение с типом товара Ozon, а не промежуточной категорией. Автоматическое переименование небезопасно."
01a0c2bf-2dcf-7071-9c43-63865579911c,Мебель для персонала > Метал Систем Куатро 5х5 > Рабочие станции > Эргономичные рабочие станции F2F на П-образных опорах,Эргономичные рабочие станции F2F на П-образных опорах,Рабочие станции,Нет,Да,Нет,Подушка на руль самоката,Спорт и отдых > Скейтборды и самокаты > Подушка на руль самоката,type,,971446324,Нечёткое совпадение,75.2,Низкая,Проверить вручную,"Название встречается в KIT несколько раз. Совпадение с типом товара Ozon, а не промежуточной категорией. Автоматическое переименование небезопасно."
01a0c2c4-a0a5-7861-9860-a592c1757cc6,Для дома и гостиниц > Лайт > Системы хранения,Системы хранения,Лайт,Нет,Да,Нет,Аксессуар для хранения коллекций,Антиквариат и коллекционирование > Коллекционирование > Аксессуар для хранения коллекций,type,,93830,Нечёткое совпадение,76.6,Низкая,Проверить вручную,"Название встречается в KIT несколько раз. Совпадение с типом товара Ozon, а не промежуточной категорией. Автоматическое переименование небезопасно."
01a0c2c4-a681-769e-a9f2-0426970cf471,Для дома и гостиниц > Лайт > Системы хранения > Вешалки,Вешалки,Системы хранения,Нет,Нет,Нет,Вешалки для одежды,Дом и сад > Вешалки для одежды,category,17027908,,Нечёткое совпадение,80.5,Низкая,Проверить вручную,Автоматическое переименование небезопасно.
01a0c2c4-bdf2-7194-b58b-3c9d3904c580,Для дома и гостиниц > Лайт > Системы хранения > Шкафы,Шкафы,Системы хранения,Нет,Да,Нет,Шкафы,Мебель > Шкафы,category,17027919,,Точное совпадение,100.0,Высокая,Оставить,Название встречается в KIT несколько раз.
01a0c2c5-0a21-73d3-9f80-3531b5182bb2,Для дома и гостиниц > Лайт > Системы хранения > Прихожая-купе,Прихожая-купе,Системы хранения,Нет,Нет,Нет,Фурнитура для шкафа-купе,Мебель > Мебельная фурнитура и комплектующие > Фурнитура для шкафа-купе,type,,971421251,Нечёткое совпадение,76.2,Низкая,Проверить вручную,"Совпадение с типом товара Ozon, а не промежуточной категорией. Автоматическое переименование небезопасно."
01a0c2db-4533-7bea-a67c-31f0700c89a9,Офис > Офисная техника,Офисная техника,Офис,Нет,Нет,Нет,Офисная техника,Электроника > Офисная техника,category,88780434,,Точное совпадение,100.0,Высокая,Оставить,
01a0c2db-4a16-7b78-a26b-0216b75394d7,Офис > Офисная техника > Банковское оборудование,Банковское оборудование,Офисная техника,Нет,Нет,Нет,Холодильное оборудование для общепита,Бытовая техника > Техника для общепита > Холодильное оборудование для общепита,type,,93825,Нечёткое совпадение,78.2,Низкая,Проверить вручную,"Совпадение с типом товара Ozon, а не промежуточной категорией. Автоматическое переименование небезопасно."
01a0c2db-4ef8-72ee-b18d-06df452763e8,Офис > Офисная техника > Банковское оборудование > Маркеры-детекторы для проверки подлинности банкнот,Маркеры-детекторы для проверки подлинности банкнот,Банковское оборудование,Нет,Нет,Нет,Шпильки для волос,Галантерея и аксессуары > Аксессуары для волос > Шпильки для волос,type,,97580,Нечёткое совпадение,75.2,Низкая,Проверить вручную,"Совпадение с типом товара Ozon, а не промежуточной категорией. Автоматическое переименование небезопасно."
01a0c2eb-f48c-7afb-87b7-16c42ca57aab,Офис > Письменные и чертежные принадлежности > Маркеры и текстовыделители > Маркеры и воск для реставрации мебели,Маркеры и воск для реставрации мебели,Маркеры и текстовыделители,Нет,Нет,Нет,Маркер,Канцелярские товары > Письменные принадлежности > Маркер,type,,94058,Нечёткое совпадение,81.2,Низкая,Проверить вручную,"Совпадение с типом товара Ozon, а не промежуточной категорией. Автоматическое переименование небезопасно."
01a0c307-af9d-7397-ab47-3291b54f0005,Мебель для персонала > Лофт,Лофт,Мебель для персонала,Нет,Нет,Нет,Лоток кабельный,Строительство и ремонт > Электрика > Лоток кабельный,type,,971419635,Нечёткое совпадение,67.9,Низкая,Проверить вручную,"Совпадение с типом товара Ozon, а не промежуточной категорией. Автоматическое переименование небезопасно."
01a0c307-b571-7157-98ff-b1c9728657b8,Мебель для персонала > Лофт > Системы хранения,Системы хранения,Лофт,Нет,Да,Нет,Аксессуар для хранения коллекций,Антиквариат и коллекционирование > Коллекционирование > Аксессуар для хранения коллекций,type,,93830,Нечёткое совпадение,76.6,Низкая,Проверить вручную,"Название встречается в KIT несколько раз. Совпадение с типом товара Ozon, а не промежуточной категорией. Автоматическое переименование небезопасно."
01a0c307-bb4e-7bac-9c35-cfb5a9fcb9dc,Мебель для персонала > Лофт > Системы хранения > Стеллажи на колесных опорах,Стеллажи на колесных опорах,Системы хранения,Нет,Нет,Нет,Стеллаж,Мебель > Полки и стеллажи > Стеллаж,type,,95098,Нечёткое совпадение,81.6,Низкая,Проверить вручную,"Совпадение с типом товара Ozon, а не промежуточной категорией. Автоматическое переименование небезопасно."
01a0c309-9f85-713c-a026-6c83987244fa,Мебель для персонала > Лофт > Системы хранения > Стеллажи на регулируемых опорах,Стеллажи на регулируемых опорах,Системы хранения,Нет,Нет,Нет,Стеллаж,Мебель > Полки и стеллажи > Стеллаж,type,,95098,Нечёткое совпадение,81.6,Низкая,Проверить вручную,"Совпадение с типом товара Ozon, а не промежуточной категорией. Автоматическое переименование небезопасно."
01a0c30a-0cc2-75a4-8910-4c69b5ad84ad,Мебель для персонала > Метал Систем Куатро 5х5 > Готовые комплекты рабочих станций > Рабочие станции F2F на О-образных опорах с опорными тумбами/шкафами,Рабочие станции F2F на О-образных опорах с опорными тумбами/шкафами,Готовые комплекты рабочих станций,Нет,Да,Нет,Защитный мат на пружины,Спорт и отдых > Каркасные батуты и аксессуары > Защитный мат на пружины,type,,971092790,Нечёткое совпадение,75.2,Низкая,Проверить вручную,"Название встречается в KIT несколько раз. Совпадение с типом товара Ozon, а не промежуточной категорией. Автоматическое переименование небезопасно."
01a0c30a-c0b4-7aca-9a62-7f12a9928b76,Мебель для персонала > Метал Систем Куатро 5х5 > Готовые комплекты рабочих станций > Линейные рабочие станции на О-образных опорах с опорными тумбами/шкафами,Линейные рабочие станции на О-образных опорах с опорными тумбами/шкафами,Готовые комплекты рабочих станций,Нет,Да,Нет,Защитный мат на пружины,Спорт и отдых > Каркасные батуты и аксессуары > Защитный мат на пружины,type,,971092790,Нечёткое совпадение,75.2,Низкая,Проверить вручную,"Название встречается в KIT несколько раз. Совпадение с типом товара Ozon, а не промежуточной категорией. Автоматическое переименование небезопасно."
01a0c30b-f84c-7652-a093-5a4110bf2351,Для дома и гостиниц > Лайт > Системы хранения > Шкафы-купе,Шкафы-купе,Системы хранения,Нет,Да,Нет,Шкаф-купе,Мебель > Шкафы > Шкаф-купе,type,,970679785,Нечёткое совпадение,86.0,Низкая,Проверить вручную,"Название встречается в KIT несколько раз. Совпадение с типом товара Ozon, а не промежуточной категорией. Автоматическое переименование небезопасно."
01a0c30d-774c-798e-9a1e-5e1b8fa3585a,Мебель для персонала > Метал Систем > Шкафы-купе,Шкафы-купе,Метал Систем,Нет,Да,Нет,Шкаф-купе,Мебель > Шкафы > Шкаф-купе,type,,970679785,Нечёткое совпадение,88.5,Средняя,Проверить перед переименованием,"Название встречается в KIT несколько раз. Совпадение с типом товара Ozon, а не промежуточной категорией."
01a0c30e-eaf5-7882-9e70-9fb0dc53a0fc,Мебель для персонала > Стайл > Системы хранения > Шкафы-купе,Шкафы-купе,Системы хранения,Нет,Да,Нет,Шкаф-купе,Мебель > Шкафы > Шкаф-купе,type,,970679785,Нечёткое совпадение,87.9,Низкая,Проверить вручную,"Название встречается в KIT несколько раз. Совпадение с типом товара Ozon, а не промежуточной категорией. Автоматическое переименование небезопасно."
01a0c341-318c-7a76-b052-b4b8b120e344,Хобби и творчество > Письменные принадлежности для хобби и творчества > Скетчмаркеры художественные,Скетчмаркеры художественные,Письменные принадлежности для хобби и творчества,Нет,Нет,Нет,Маркер,Канцелярские товары > Письменные принадлежности > Маркер,type,,94058,Нечёткое совпадение,81.6,Низкая,Проверить вручную,"Совпадение с типом товара Ozon, а не промежуточной категорией. Автоматическое переименование небезопасно."
01a0c3df-350b-749d-9caa-028eec11a730,Детям > Принадлежности для рисования > Краски и кисти для детского творчества,Краски и кисти для детского творчества,Принадлежности для рисования,Нет,Нет,Нет,Шпильки для волос,Галантерея и аксессуары > Аксессуары для волос > Шпильки для волос,type,,97580,Нечёткое совпадение,75.2,Низкая,Проверить вручную,"Совпадение с типом товара Ozon, а не промежуточной категорией. Автоматическое переименование небезопасно."
01a0c3df-3b30-72b3-9c55-4f309fdc7211,Детям > Принадлежности для рисования > Краски и кисти для детского творчества > Грим для лица и переводные тату,Грим для лица и переводные тату,Краски и кисти для детского творчества,Нет,Нет,Нет,Грим,Дом и сад > Товары для праздников > Грим,type,,99518,Нечёткое совпадение,80.0,Низкая,Проверить вручную,"Совпадение с типом товара Ozon, а не промежуточной категорией. Автоматическое переименование небезопасно."
01a0c3ff-6db8-795c-ae2f-c9450c4d5e6e,Kenner,Kenner,,Нет,Нет,Нет,Адаптер PowerLine,Электроника > Сетевое оборудование > Адаптер PowerLine,type,,95579,Нечёткое совпадение,39.6,Низкая,Проверить вручную,"Совпадение с типом товара Ozon, а не промежуточной категорией. Автоматическое переименование небезопасно."
01a0c3ff-7012-7224-aacb-4be2a7e868ae,Kenner > Столы в сборе,Столы в сборе,Kenner,Нет,Нет,Нет,Столы,Мебель > Столы,category,17027918,,Нечёткое совпадение,82.2,Низкая,Проверить вручную,Автоматическое переименование небезопасно.
01a0c3ff-7ab4-789c-8326-44196f89553a,Kenner > Стулья комплект,Стулья комплект,Kenner,Нет,Нет,Нет,Стул,"Мебель > Стулья, скамьи, табуреты, пуфики > Стул",type,,95048,Нечёткое совпадение,80.7,Низкая,Проверить вручную,"Совпадение с типом товара Ozon, а не промежуточной категорией. Автоматическое переименование небезопасно."
01a0c40a-4cbf-7602-b2fc-9eeabbdb53c3,Детям > Школьно-письменные принадлежности > Ручки гелевые > Стержни для ручек гелевых,Стержни для ручек гелевых,Ручки гелевые,Нет,Нет,Нет,Доска для лепки,Хобби и творчество > Гончарное дело > Доска для лепки,type,,99415,Нечёткое совпадение,75.2,Низкая,Проверить вручную,"Совпадение с типом товара Ozon, а не промежуточной категорией. Автоматическое переименование небезопасно."
01a0c40d-2d62-7de2-9fe7-391320a7b029,Офисная мебель > Мебель для персонала > Сигма / Sigma > Мини-кухни,Мини-кухни,Сигма / Sigma,Нет,Нет,Нет,Мебель для кухни,Мебель > Мебель для кухни,category,80771432,,Нечёткое совпадение,78.7,Низкая,Проверить вручную,Автоматическое переименование небезопасно.
01a0c416-4cb1-7103-9cfa-fa4977bac6af,Офисная мебель > Мебель для персонала > Микс / Mix > Экраны,Экраны,Микс / Mix,Нет,Да,Нет,Экран для радиатора,"Строительство и ремонт > Радиаторы, конвекторы > Экран для радиатора",type,,970806801,Нечёткое совпадение,72.0,Низкая,Проверить вручную,"Название встречается в KIT несколько раз. Совпадение с типом товара Ozon, а не промежуточной категорией. Автоматическое переименование небезопасно."
01a0c416-4e58-7259-baeb-74ee1e0a1c71,Офисная мебель > Мебель для персонала > Микс / Mix > Экраны > Передние панели,Передние панели,Экраны,Нет,Нет,Нет,Аксессуар для фасадной панели,Строительство и ремонт > Стеновые панели > Аксессуар для фасадной панели,type,,971150589,Нечёткое совпадение,76.2,Низкая,Проверить вручную,"Совпадение с типом товара Ozon, а не промежуточной категорией. Автоматическое переименование небезопасно."
01a0c41a-a299-7138-86f8-e450c98062a8,Офисная мебель > Мобильные перегородки,Мобильные перегородки,Офисная мебель,Нет,Нет,Нет,Мобиль,Детские товары > Мобили и дуги в кроватку > Мобиль,type,,96495,Нечёткое совпадение,79.2,Низкая,Проверить вручную,"Совпадение с типом товара Ozon, а не промежуточной категорией. Автоматическое переименование небезопасно."
01a0c41a-b84f-7d35-bae3-8c878bf7fc13,Офисная мебель > Мобильные перегородки > Мэджик / Magic,Мэджик / Magic,Мобильные перегородки,Нет,Нет,Нет,Дождик,Дом и сад > Товары для праздников > Дождик,type,,95420,Нечёткое совпадение,60.2,Низкая,Проверить вручную,"Совпадение с типом товара Ozon, а не промежуточной категорией. Автоматическое переименование небезопасно."
01a0c41a-b9f8-7075-8458-efb2d5acfa65,Офисная мебель > Мобильные перегородки > Мэджик / Magic > Опоры цвет Белый,Опоры цвет Белый,Мэджик / Magic,Нет,Нет,Нет,Топор,Строительство и ремонт > Инструменты для ремонта и строительства > Топор,type,,92144,Нечёткое совпадение,70.4,Низкая,Проверить вручную,"Совпадение с типом товара Ozon, а не промежуточной категорией. Автоматическое переименование небезопасно."
01a0c41c-15f2-797a-838b-47872d5e83fc,Офисная мебель > Мобильные перегородки > Мэджик / Magic > Опоры цвет Серый,Опоры цвет Серый,Мэджик / Magic,Нет,Нет,Нет,Топор,Строительство и ремонт > Инструменты для ремонта и строительства > Топор,type,,92144,Нечёткое совпадение,70.4,Низкая,Проверить вручную,"Совпадение с типом товара Ozon, а не промежуточной категорией. Автоматическое переименование небезопасно."
01a0c41f-6a93-7d63-a0a8-3ea204b74a4f,Школа > Школьно-письменные принадлежности > Расходные материалы для письменных принадлежностей,Расходные материалы для письменных принадлежностей,Школьно-письменные принадлежности,Нет,Да,Нет,Шпильки для волос,Галантерея и аксессуары > Аксессуары для волос > Шпильки для волос,type,,97580,Нечёткое совпадение,75.2,Низкая,Проверить вручную,"Название встречается в KIT несколько раз. Совпадение с типом товара Ozon, а не промежуточной категорией. Автоматическое переименование небезопасно."
01a0c41f-6f74-7156-a970-ebdb66df0d2c,Школа > Школьно-письменные принадлежности > Расходные материалы для письменных принадлежностей > Стержни для ручек-роллеров,Стержни для ручек-роллеров,Расходные материалы для письменных принадлежностей,Нет,Нет,Нет,Ролл,Продукты питания Ozon Fresh > Готовые блюда Ozon Fresh > Ролл,type,,970713427,Нечёткое совпадение,79.2,Низкая,Проверить вручную,"Совпадение с типом товара Ozon, а не промежуточной категорией. Автоматическое переименование небезопасно."
01a0c42c-15bd-72c5-a363-32d2c820710f,Офисная мебель > Кабинеты руководителя > Аллегро / Allegro cabinet > Царги столов,Царги столов,Аллегро / Allegro cabinet,Нет,Нет,Нет,Столы,Мебель > Столы,category,17027918,,Нечёткое совпадение,68.1,Низкая,Проверить вручную,Автоматическое переименование небезопасно.
01a0c42e-1074-79f5-9c66-79e42e65ecd7,Офисная мебель > Мебель для персонала > Аллегро / Allegro > Столы на МК,Столы на МК,Аллегро / Allegro,Нет,Да,Нет,Столы,Мебель > Столы,category,17027918,,Нечёткое совпадение,82.6,Низкая,Проверить вручную,Название встречается в KIT несколько раз. Автоматическое переименование небезопасно.
01a0c42e-2612-74be-94da-e2f14c7c5bac,Офисная мебель > Мебель для персонала > Аллегро / Allegro > Столы на МК > Экраны,Экраны,Столы на МК,Нет,Да,Нет,Экран для радиатора,"Строительство и ремонт > Радиаторы, конвекторы > Экран для радиатора",type,,970806801,Нечёткое совпадение,72.0,Низкая,Проверить вручную,"Название встречается в KIT несколько раз. Совпадение с типом товара Ozon, а не промежуточной категорией. Автоматическое переименование небезопасно."
01a0c42e-27b7-7a62-a89b-6e5e9556ea31,Офисная мебель > Мебель для персонала > Аллегро / Allegro > Столы на МК > Экраны > Экран стола (передняя панель),Экран стола (передняя панель),Экраны,Нет,Нет,Нет,Пиксельный экран,Электроника > Проекторы > Пиксельный экран,type,,970971430,Нечёткое совпадение,76.0,Низкая,Проверить вручную,"Совпадение с типом товара Ozon, а не промежуточной категорией. Автоматическое переименование небезопасно."
01a0c432-a076-7898-b36c-1af8e6d401c0,Офисная мебель > Мебель для персонала > Аллегро / Allegro > Столы на МК > Подвесы под системный блок,Подвесы под системный блок,Столы на МК,Нет,Нет,Нет,Системный блок,Электроника > Компьютеры > Системный блок,type,,91476,Нечёткое совпадение,81.2,Низкая,Проверить вручную,"Совпадение с типом товара Ozon, а не промежуточной категорией. Автоматическое переименование небезопасно."
01a0c434-0714-72b5-97f0-44b9171648d0,Офисная мебель > Мебель для персонала > Сигма / Sigma > Тумбы подвесные,Тумбы подвесные,Сигма / Sigma,Нет,Да,Нет,Тумба,Мебель > Комоды и тумбы > Тумба,type,,971162059,Нечёткое совпадение,73.1,Низкая,Проверить вручную,"Название встречается в KIT несколько раз. Совпадение с типом товара Ozon, а не промежуточной категорией. Автоматическое переименование небезопасно."
01a0c434-ebb2-7169-aac0-8baf9c8dea91,Офис > Письменные и чертежные принадлежности > Карандаши,Карандаши,Письменные и чертежные принадлежности,Нет,Нет,Нет,Карандаш,Канцелярские товары > Письменные принадлежности > Карандаш,type,,94054,Нечёткое совпадение,85.8,Низкая,Проверить вручную,"Совпадение с типом товара Ozon, а не промежуточной категорией. Автоматическое переименование небезопасно."
01a0c434-f094-77ba-b7d6-4559ff9c83fc,Офис > Письменные и чертежные принадлежности > Карандаши > Карандаши чернографитные,Карандаши чернографитные,Карандаши,Нет,Нет,Нет,Карандаш,Канцелярские товары > Письменные принадлежности > Карандаш,type,,94054,Нечёткое совпадение,81.9,Низкая,Проверить вручную,"Совпадение с типом товара Ozon, а не промежуточной категорией. Автоматическое переименование небезопасно."
01a0c436-979a-7151-92a0-6b7273774d21,Офис > Письменные и чертежные принадлежности > Расходные материалы для письменных принадлежностей > Грифели для механических карандашей,Грифели для механических карандашей,Расходные материалы для письменных принадлежностей,Нет,Нет,Нет,Карандаш,Канцелярские товары > Письменные принадлежности > Карандаш,type,,94054,Нечёткое совпадение,80.9,Низкая,Проверить вручную,"Совпадение с типом товара Ozon, а не промежуточной категорией. Автоматическое переименование небезопасно."
01a0c437-bf5c-72b6-8e9e-19fe4db0402a,Офис > Письменные и чертежные принадлежности > Карандаши > Карандаши механические,Карандаши механические,Карандаши,Нет,Нет,Нет,Карандаш,Канцелярские товары > Письменные принадлежности > Карандаш,type,,94054,Нечёткое совпадение,81.9,Низкая,Проверить вручную,"Совпадение с типом товара Ozon, а не промежуточной категорией. Автоматическое переименование небезопасно."
01a0c439-0a80-73ca-bfd4-8408be624da0,Офис > Письменные и чертежные принадлежности > Карандаши > Карандаши цветные,Карандаши цветные,Карандаши,Нет,Нет,Нет,Карандаш,Канцелярские товары > Письменные принадлежности > Карандаш,type,,94054,Нечёткое совпадение,81.9,Низкая,Проверить вручную,"Совпадение с типом товара Ozon, а не промежуточной категорией. Автоматическое переименование небезопасно."
01a0c43d-022c-797a-ac84-181eaa90b451,Хобби и творчество > Товары для художников > Материалы для графики,Материалы для графики,Товары для художников,Нет,Нет,Нет,Расходные материалы для аэрографа,Хобби и творчество > Оборудование для творчества > Расходные материалы для аэрографа,type,,971880987,Нечёткое совпадение,78.8,Низкая,Проверить вручную,"Совпадение с типом товара Ozon, а не промежуточной категорией. Автоматическое переименование небезопасно."
01a0c43d-0713-7294-aa24-56ea7719661f,Хобби и творчество > Товары для художников > Материалы для графики > Карандаши цветные профессиональные акварельные,Карандаши цветные профессиональные акварельные,Материалы для графики,Нет,Нет,Нет,Карандаш,Канцелярские товары > Письменные принадлежности > Карандаш,type,,94054,Нечёткое совпадение,80.1,Низкая,Проверить вручную,"Совпадение с типом товара Ozon, а не промежуточной категорией. Автоматическое переименование небезопасно."
01a0c452-a21b-7bec-9f63-c1105b4b4f83,Офисная мебель > Складные столы,Складные столы,Офисная мебель,Нет,Нет,Нет,Столы,Мебель > Столы,category,17027918,,Нечёткое совпадение,85.2,Низкая,Проверить вручную,Автоматическое переименование небезопасно.
01a0c452-b7d8-7281-8b2d-31b98e14e9ef,Офисная мебель > Складные столы > Фолдэск/Foldesk,Фолдэск/Foldesk,Складные столы,Нет,Нет,Нет,Сок,"Продукты питания Ozon Fresh > Соки, воды, напитки Ozon Fresh > Сок",type,,97101,Нечёткое совпадение,60.2,Низкая,Проверить вручную,"Совпадение с типом товара Ozon, а не промежуточной категорией. Автоматическое переименование небезопасно."
01a0c452-b97c-7221-b927-5a4fe23c279a,Офисная мебель > Складные столы > Фолдэск/Foldesk > Подстолья,Подстолья,Фолдэск/Foldesk,Нет,Да,Нет,Подстолье,Мебель > Столы > Подстолье,type,,95012,Нечёткое совпадение,81.2,Низкая,Проверить вручную,"Название встречается в KIT несколько раз. Совпадение с типом товара Ozon, а не промежуточной категорией. Автоматическое переименование небезопасно."
01a0c454-28cf-7d30-9d39-f4ba172b6a5c,Хобби и творчество > Товары для художников > Материалы для графики > Пастель художественная сухая,Пастель художественная сухая,Материалы для графики,Нет,Нет,Нет,Пастель,"Канцелярские товары > Краска, клей > Пастель",type,,94089,Нечёткое совпадение,81.2,Низкая,Проверить вручную,"Совпадение с типом товара Ozon, а не промежуточной категорией. Автоматическое переименование небезопасно."
01a0c454-9e1c-764e-af42-469abbd0dc39,Подстолья > Алто / Alto,Алто / Alto,Подстолья,Нет,Нет,Нет,Альт,Музыкальные инструменты > Струнные инструменты > Альт,type,,972936740,Нечёткое совпадение,67.9,Низкая,Проверить вручную,"Совпадение с типом товара Ozon, а не промежуточной категорией. Автоматическое переименование небезопасно."
01a0c454-9fc3-71d5-a630-3b6ad71d8a39,Подстолья > Алто / Alto > 1 рабочее место,1 рабочее место,Алто / Alto,Нет,Нет,Нет,Сито,Дом и сад > Аксессуары для приготовления пищи > Сито,type,,92407,Нечёткое совпадение,67.9,Низкая,Проверить вручную,"Совпадение с типом товара Ozon, а не промежуточной категорией. Автоматическое переименование небезопасно."
01a0c454-f754-7b2a-aae6-50d363107933,Подстолья > Алто / Alto > 2 рабочих места,2 рабочих места,Алто / Alto,Нет,Нет,Нет,Хранение и организация рабочего места,Строительство и ремонт > Хранение и организация рабочего места,category,88791474,,Нечёткое совпадение,76.4,Низкая,Проверить вручную,Автоматическое переименование небезопасно.
01a0c457-a897-742e-a0d3-d00e8d0eedd2,"Хобби и творчество > Товары для художников > Материалы для графики > Мел, графит, сепия, сангина, соус, уголь художественные","Мел, графит, сепия, сангина, соус, уголь художественные",Материалы для графики,Нет,Нет,Нет,Соус художественный,Канцелярские товары > Письменные принадлежности > Соус художественный,type,,971391752,Нечёткое совпадение,76.7,Низкая,Проверить вручную,"Совпадение с типом товара Ozon, а не промежуточной категорией. Автоматическое переименование небезопасно."
01a0c459-a1e4-7030-9c6a-6181a382654f,Хобби и творчество > Товары для художников > Материалы для графики > Профессиональные наборы для художников,Профессиональные наборы для художников,Материалы для графики,Нет,Нет,Нет,Заколка для волос,Галантерея и аксессуары > Аксессуары для волос > Заколка для волос,type,,97576,Нечёткое совпадение,75.2,Низкая,Проверить вручную,"Совпадение с типом товара Ozon, а не промежуточной категорией. Автоматическое переименование небезопасно."
01a0c45a-6bd2-783f-a6f8-b314f8ede483,Школа > Принадлежности для рисования,Принадлежности для рисования,Школа,Нет,Да,Нет,Сушилка для обуви,Галантерея и аксессуары > Аксессуары для одежды и обуви > Сушилка для обуви,type,,94619,Нечёткое совпадение,75.2,Низкая,Проверить вручную,"Название встречается в KIT несколько раз. Совпадение с типом товара Ozon, а не промежуточной категорией. Автоматическое переименование небезопасно."
01a0c45a-70b6-7754-85e4-7a3aa5016d18,Школа > Принадлежности для рисования > Карандаши и фломастеры,Карандаши и фломастеры,Принадлежности для рисования,Нет,Да,Нет,Карандаш,Канцелярские товары > Письменные принадлежности > Карандаш,type,,94054,Нечёткое совпадение,80.5,Низкая,Проверить вручную,"Название встречается в KIT несколько раз. Совпадение с типом товара Ozon, а не промежуточной категорией. Автоматическое переименование небезопасно."
01a0c45a-7590-7a5a-ab94-d7051457af5d,Школа > Принадлежности для рисования > Карандаши и фломастеры > Карандаши специальные,Карандаши специальные,Карандаши и фломастеры,Нет,Нет,Нет,Карандаш,Канцелярские товары > Письменные принадлежности > Карандаш,type,,94054,Нечёткое совпадение,80.4,Низкая,Проверить вручную,"Совпадение с типом товара Ozon, а не промежуточной категорией. Автоматическое переименование небезопасно."
01a0c45d-2a48-7a45-b837-50df4dff72a5,Офисная мебель > Мебель для персонала > Сигма / Sigma > Столы ЛДСП,Столы ЛДСП,Сигма / Sigma,Нет,Нет,Нет,Столы,Мебель > Столы,category,17027918,,Нечёткое совпадение,82.6,Низкая,Проверить вручную,Автоматическое переименование небезопасно.
01a0c45d-2be9-7a01-9eb3-d8e5d376b85b,Офисная мебель > Мебель для персонала > Сигма / Sigma > Столы ЛДСП > Приставки к столам,Приставки к столам,Столы ЛДСП,Нет,Нет,Нет,Рис,"Продукты питания > Макароны, крупы, мука > Рис",type,,99237,Нечёткое совпадение,79.2,Низкая,Проверить вручную,"Совпадение с типом товара Ozon, а не промежуточной категорией. Автоматическое переименование небезопасно."
01a0c45d-419c-73b0-82b7-e04b586eb982,Офисная мебель > Мебель для персонала > Сигма / Sigma > Столы ЛДСП > Приставки к столам > Приставки для 2х столов без экранов,Приставки для 2х столов без экранов,Приставки к столам,Нет,Нет,Нет,Заколка для волос,Галантерея и аксессуары > Аксессуары для волос > Заколка для волос,type,,97576,Нечёткое совпадение,75.2,Низкая,Проверить вручную,"Совпадение с типом товара Ozon, а не промежуточной категорией. Автоматическое переименование небезопасно."
01a0c45e-554c-7c64-b3ef-07f8d432d863,Офисная мебель > Мебель для персонала > Сигма / Sigma > Столы ЛДСП > Приставки к столам > Приставки для 2х столов с экранами,Приставки для 2х столов с экранами,Приставки к столам,Нет,Нет,Нет,Сеточка для волос,Галантерея и аксессуары > Аксессуары для волос > Сеточка для волос,type,,970982035,Нечёткое совпадение,75.2,Низкая,Проверить вручную,"Совпадение с типом товара Ozon, а не промежуточной категорией. Автоматическое переименование небезопасно."
01a0c463-3e3a-71ee-8a14-9407772edfb1,Детям > Принадлежности для черчения > Наборы запасных грифелей для циркулей,Наборы запасных грифелей для циркулей,Принадлежности для черчения,Нет,Нет,Нет,Заколка для волос,Галантерея и аксессуары > Аксессуары для волос > Заколка для волос,type,,97576,Нечёткое совпадение,75.2,Низкая,Проверить вручную,"Совпадение с типом товара Ozon, а не промежуточной категорией. Автоматическое переименование небезопасно."
01a0c463-c325-7d26-ad3e-e9da4969ca1e,Хобби и творчество > Товары для художников > Материалы для графики > Карандаши цветные профессиональные классические,Карандаши цветные профессиональные классические,Материалы для графики,Нет,Нет,Нет,Карандаш,Канцелярские товары > Письменные принадлежности > Карандаш,type,,94054,Нечёткое совпадение,80.1,Низкая,Проверить вручную,"Совпадение с типом товара Ozon, а не промежуточной категорией. Автоматическое переименование небезопасно."
01a0c465-936a-7be8-8f04-ec9e9ca2974d,Хобби и творчество > Товары для художников > Материалы для графики > Пастель художественная масляная,Пастель художественная масляная,Материалы для графики,Нет,Нет,Нет,Пастель,"Канцелярские товары > Краска, клей > Пастель",type,,94089,Нечёткое совпадение,81.2,Низкая,Проверить вручную,"Совпадение с типом товара Ozon, а не промежуточной категорией. Автоматическое переименование небезопасно."
01a0c479-83c2-77e0-bd87-3c6954b757fd,Офис > Письменные и чертежные принадлежности > Карандаши > Карандаши цветные акварельные,Карандаши цветные акварельные,Карандаши,Нет,Нет,Нет,Карандаш,Канцелярские товары > Письменные принадлежности > Карандаш,type,,94054,Нечёткое совпадение,81.6,Низкая,Проверить вручную,"Совпадение с типом товара Ozon, а не промежуточной категорией. Автоматическое переименование небезопасно."
01a0c48a-bdfb-770f-aa9d-483e7c076b1e,Мебель для дома,Мебель для дома,,Нет,Нет,Нет,Мебель,Мебель,category,17027915,,Нечёткое совпадение,85.2,Низкая,Проверить вручную,Автоматическое переименование небезопасно.
01a0c48a-c01d-7cc0-a993-7d4c2055c4d1,Мебель для дома > Тумбы,Тумбы,Мебель для дома,Нет,Да,Нет,Комоды и тумбы,Мебель > Комоды и тумбы,category,80711064,,Нечёткое совпадение,85.2,Низкая,Проверить вручную,Название встречается в KIT несколько раз. Автоматическое переименование небезопасно.
01a0c48a-c245-7e2a-ac97-9154de73d7aa,Мебель для дома > Тумбы > Тумбы под телевизор,Тумбы под телевизор,Тумбы,Нет,Нет,Нет,Телевизор,Электроника > Телевизоры > Телевизор,type,,94988,Нечёткое совпадение,81.2,Низкая,Проверить вручную,"Совпадение с типом товара Ozon, а не промежуточной категорией. Автоматическое переименование небезопасно."
01a0c48a-f6b2-708d-96e8-b07f0682ba9d,Мебель для дома > Комоды,Комоды,Мебель для дома,Нет,Да,Нет,Комоды и тумбы,Мебель > Комоды и тумбы,category,80711064,,Нечёткое совпадение,85.2,Низкая,Проверить вручную,Название встречается в KIT несколько раз. Автоматическое переименование небезопасно.
01a0c48b-0123-73e3-9349-cff4f4abdb27,Мебель для дома > Комоды > Комоды для вещей,Комоды для вещей,Комоды,Нет,Нет,Нет,Комод,Мебель > Комоды и тумбы > Комод,type,,95086,Нечёткое совпадение,83.2,Низкая,Проверить вручную,"Совпадение с типом товара Ozon, а не промежуточной категорией. Автоматическое переименование небезопасно."
01a0c48b-2e41-7266-a635-ef4844de6e16,Мебель для дома > Комоды > Узкие комоды,Узкие комоды,Комоды,Нет,Нет,Нет,Комод,Мебель > Комоды и тумбы > Комод,type,,95086,Нечёткое совпадение,83.2,Низкая,Проверить вручную,"Совпадение с типом товара Ozon, а не промежуточной категорией. Автоматическое переименование небезопасно."
01a0c48b-4f71-74c2-a77c-28ee66f70ac0,Мебель для дома > Столы,Столы,Мебель для дома,Нет,Да,Нет,Столы,Мебель > Столы,category,17027918,,Точное совпадение,100.0,Высокая,Оставить,Название встречается в KIT несколько раз.
01a0c48b-5198-7456-9325-9e3c381dd734,Мебель для дома > Столы > Столы письменные,Столы письменные,Столы,Нет,Да,Нет,Столы,Мебель > Столы,category,17027918,,Нечёткое совпадение,85.2,Низкая,Проверить вручную,Название встречается в KIT несколько раз. Автоматическое переименование небезопасно.
01a0c48d-266b-7497-833b-3f730bab268e,Мебель для дома > Шкафы,Шкафы,Мебель для дома,Нет,Да,Нет,Шкафы,Мебель > Шкафы,category,17027919,,Точное совпадение,100.0,Высокая,Оставить,Название встречается в KIT несколько раз.
01a0c48d-2891-748e-a999-68a2e588ca72,Мебель для дома > Шкафы > Шкафы распашные,Шкафы распашные,Шкафы,Нет,Нет,Нет,Шкафы,Мебель > Шкафы,category,17027919,,Нечёткое совпадение,85.2,Низкая,Проверить вручную,Автоматическое переименование небезопасно.
01a0c48d-330c-7142-bddb-e174cf451196,Мебель для дома > Шкафы > Шкафы распашные > Шкафы двухстворчатые,Шкафы двухстворчатые,Шкафы распашные,Нет,Нет,Нет,Шкафы,Мебель > Шкафы,category,17027919,,Нечёткое совпадение,84.0,Низкая,Проверить вручную,Автоматическое переименование небезопасно.
01a0c48d-69d9-752b-8164-60059fd2956b,Мебель для дома > Шкафы > Шкафы распашные > Шкафы трёхстворчатые,Шкафы трёхстворчатые,Шкафы распашные,Нет,Нет,Нет,Шкафы,Мебель > Шкафы,category,17027919,,Нечёткое совпадение,84.0,Низкая,Проверить вручную,Автоматическое переименование небезопасно.
01a0c48d-a321-7547-8f93-54befb9beb65,Мебель для дома > Шкафы > Шкафы распашные > Шкафы четырехстворчатые,Шкафы четырехстворчатые,Шкафы распашные,Нет,Нет,Нет,Шкафы,Мебель > Шкафы,category,17027919,,Нечёткое совпадение,84.0,Низкая,Проверить вручную,Автоматическое переименование небезопасно.
01a0c48e-4f54-754a-9fba-0c329d8869ea,Мебель для дома > Тумбы > Тумбы подвесные,Тумбы подвесные,Тумбы,Нет,Да,Нет,Тумба,Мебель > Комоды и тумбы > Тумба,type,,971162059,Нечёткое совпадение,74.4,Низкая,Проверить вручную,"Название встречается в KIT несколько раз. Совпадение с типом товара Ozon, а не промежуточной категорией. Автоматическое переименование небезопасно."
01a0c48e-babc-7797-8740-e4461e450aa4,Мебель для дома > Шкафы > Шкафы с ящиками,Шкафы с ящиками,Шкафы,Нет,Нет,Нет,Шкафы,Мебель > Шкафы,category,17027919,,Нечёткое совпадение,85.2,Низкая,Проверить вручную,Автоматическое переименование небезопасно.
01a0c48f-3475-7d5f-9048-10fd52b2fa38,Мебель для дома > Тумбы > Тумбы прикроватные,Тумбы прикроватные,Тумбы,Нет,Нет,Нет,Тумба,Мебель > Комоды и тумбы > Тумба,type,,971162059,Нечёткое совпадение,74.4,Низкая,Проверить вручную,"Совпадение с типом товара Ozon, а не промежуточной категорией. Автоматическое переименование небезопасно."
01a0c48f-5f41-7304-a791-b77fbca4cd55,Мебель для дома > Зеркала,Зеркала,Мебель для дома,Нет,Да,Нет,Зеркала,Дом и сад > Зеркала,category,17028712,,Точное совпадение,100.0,Высокая,Оставить,Название встречается в KIT несколько раз.
01a0c48f-6167-75d1-b672-562ffd52019d,Мебель для дома > Зеркала > Гримёрные зеркала,Гримёрные зеркала,Зеркала,Нет,Нет,Нет,Зеркала,Дом и сад > Зеркала,category,17028712,,Нечёткое совпадение,81.2,Низкая,Проверить вручную,Автоматическое переименование небезопасно.
01a0c490-381f-7c06-a699-9737fd6adfb1,Мебель для дома > Комоды > Комоды белые,Комоды белые,Комоды,Нет,Нет,Нет,Комод,Мебель > Комоды и тумбы > Комод,type,,95086,Нечёткое совпадение,83.2,Низкая,Проверить вручную,"Совпадение с типом товара Ozon, а не промежуточной категорией. Автоматическое переименование небезопасно."
01a0c496-d3c1-7648-a6ff-551b67306306,Мебель для дома > Тумбы > Тумбы напольные,Тумбы напольные,Тумбы,Нет,Нет,Нет,Подложка под напольные покрытия,Строительство и ремонт > Напольные покрытия > Подложка под напольные покрытия,type,,115950809,Нечёткое совпадение,76.7,Низкая,Проверить вручную,"Совпадение с типом товара Ozon, а не промежуточной категорией. Автоматическое переименование небезопасно."
01a0c498-5624-7862-809b-2e846749c9ac,Мебель для дома > Столы > Гримёрные столы,Гримёрные столы,Столы,Нет,Нет,Нет,Столы,Мебель > Столы,category,17027918,,Нечёткое совпадение,85.2,Низкая,Проверить вручную,Автоматическое переименование небезопасно.
01a0c49a-6145-744b-8422-de99f8cb2aee,Мебель для дома > Тумбы > Подвесные консоли,Подвесные консоли,Тумбы,Нет,Нет,Нет,Консоль,Мебель > Столы > Консоль,type,,95006,Нечёткое совпадение,71.2,Низкая,Проверить вручную,"Совпадение с типом товара Ozon, а не промежуточной категорией. Автоматическое переименование небезопасно."
01a0c49d-24b0-73ef-99f4-4b4a19fd0a15,Мебель для дома > Столы > Туалетные столики,Туалетные столики,Столы,Нет,Нет,Нет,Туалетный столик,Мебель > Столы > Туалетный столик,type,,95101,Нечёткое совпадение,83.4,Низкая,Проверить вручную,"Совпадение с типом товара Ozon, а не промежуточной категорией. Автоматическое переименование небезопасно."
01a0c49e-25d3-7d64-8511-0a46b93db782,Мебель для дома > Тумбы > Тумбы под раковину,Тумбы под раковину,Тумбы,Нет,Нет,Нет,Подставка под системный блок,Мебель > Столы > Подставка под системный блок,type,,971035074,Нечёткое совпадение,76.7,Низкая,Проверить вручную,"Совпадение с типом товара Ozon, а не промежуточной категорией. Автоматическое переименование небезопасно."
01a0c4a1-29ef-7551-b1c0-3c576ca625d5,Мебель для дома > Шкафы > Антресоли для шкафа,Антресоли для шкафа,Шкафы,Нет,Нет,Нет,Инструмент для гончарного дела,Хобби и творчество > Гончарное дело > Инструмент для гончарного дела,type,,971155939,Нечёткое совпадение,75.2,Низкая,Проверить вручную,"Совпадение с типом товара Ozon, а не промежуточной категорией. Автоматическое переименование небезопасно."
01a0c4b8-53c5-74e1-b23b-ac73e20ce895,Офис > Письменные и чертежные принадлежности > Наборы письменных принадлежностей,Наборы письменных принадлежностей,Письменные и чертежные принадлежности,Нет,Нет,Нет,Коллекционные наборы,Антиквариат и коллекционирование > Коллекционирование > Коллекционные наборы,type,,95870,Нечёткое совпадение,76.4,Низкая,Проверить вручную,"Совпадение с типом товара Ozon, а не промежуточной категорией. Автоматическое переименование небезопасно."
01a0c508-9cb8-7466-8124-542d38762fb9,Детям > Принадлежности для рисования > Карандаши и фломастеры > Карандаши вечные,Карандаши вечные,Карандаши и фломастеры,Нет,Нет,Нет,Карандаш,Канцелярские товары > Письменные принадлежности > Карандаш,type,,94054,Нечёткое совпадение,80.4,Низкая,Проверить вручную,"Совпадение с типом товара Ozon, а не промежуточной категорией. Автоматическое переименование небезопасно."
01a0c513-18a3-735a-8733-cb18c544cba1,Хобби и творчество > Товары для художников > Материалы для графики > Карандаши цветные профессиональные пастельные,Карандаши цветные профессиональные пастельные,Материалы для графики,Нет,Нет,Нет,Пастель,"Канцелярские товары > Краска, клей > Пастель",type,,94089,Нечёткое совпадение,80.1,Низкая,Проверить вручную,"Совпадение с типом товара Ozon, а не промежуточной категорией. Автоматическое переименование небезопасно."
01a0c519-78a0-718b-8192-a292f21ccd3a,Детям > Принадлежности для рисования > Карандаши и фломастеры > Карандаши цветные механические,Карандаши цветные механические,Карандаши и фломастеры,Нет,Нет,Нет,Карандаш,Канцелярские товары > Письменные принадлежности > Карандаш,type,,94054,Нечёткое совпадение,80.3,Низкая,Проверить вручную,"Совпадение с типом товара Ozon, а не промежуточной категорией. Автоматическое переименование небезопасно."
01a0c519-a48f-7d5f-82c8-f4a609409696,Хобби и творчество > Товары для художников > Краски художественные,Краски художественные,Товары для художников,Нет,Нет,Нет,Краски Холи,Дом и сад > Товары для праздников > Краски Холи,type,,369952583,Нечёткое совпадение,77.6,Низкая,Проверить вручную,"Совпадение с типом товара Ozon, а не промежуточной категорией. Автоматическое переименование небезопасно."
01a0c519-a973-73bd-9463-d9cda8e6c008,Хобби и творчество > Товары для художников > Краски художественные > Акварель художественная в наборах,Акварель художественная в наборах,Краски художественные,Нет,Нет,Нет,Пакеты в автомобиль,Автотовары > Автоаксессуары > Пакеты в автомобиль,type,,92187,Нечёткое совпадение,75.2,Низкая,Проверить вручную,"Совпадение с типом товара Ozon, а не промежуточной категорией. Автоматическое переименование небезопасно."
01a0c51b-61ac-72d2-bc6c-38c2f5fd5fd0,Хобби и творчество > Товары для художников > Краски художественные > Гуашь художественная в наборах,Гуашь художественная в наборах,Краски художественные,Нет,Нет,Нет,Гуашь,"Канцелярские товары > Краска, клей > Гуашь",type,,94072,Нечёткое совпадение,81.2,Низкая,Проверить вручную,"Совпадение с типом товара Ozon, а не промежуточной категорией. Автоматическое переименование небезопасно."
01a0c51d-05a9-78e0-a0de-857db5ba9f1c,Детям > Принадлежности для рисования > Краски и кисти для детского творчества > Гуашь школьная,Гуашь школьная,Краски и кисти для детского творчества,Нет,Нет,Нет,Гуашь,"Канцелярские товары > Краска, клей > Гуашь",type,,94072,Нечёткое совпадение,80.1,Низкая,Проверить вручную,"Совпадение с типом товара Ozon, а не промежуточной категорией. Автоматическое переименование небезопасно."
01a0c51e-5984-70ae-8530-6650bea9194b,Детям > Принадлежности для рисования > Аксессуары для рисования > Палитры для рисования,Палитры для рисования,Аксессуары для рисования,Нет,Нет,Нет,Рис,"Продукты питания > Макароны, крупы, мука > Рис",type,,99237,Нечёткое совпадение,79.2,Низкая,Проверить вручную,"Совпадение с типом товара Ozon, а не промежуточной категорией. Автоматическое переименование небезопасно."
01a0c51e-c9d5-7e97-9299-a3ebc4ca24be,Хобби и творчество > Товары для художников > Краски художественные > Краски масляные художественные в наборах,Краски масляные художественные в наборах,Краски художественные,Нет,Нет,Нет,Кофе молотый в растворимом,"Продукты питания > Соки, воды, напитки > Кофе молотый в растворимом",type,,99381,Нечёткое совпадение,75.2,Низкая,Проверить вручную,"Совпадение с типом товара Ozon, а не промежуточной категорией. Автоматическое переименование небезопасно."
01a0c520-e8ea-777a-a3bb-dcb021982439,Хобби и творчество > Товары для художников > Краски художественные > Краски масляные художественные поштучно,Краски масляные художественные поштучно,Краски художественные,Нет,Нет,Нет,Растворитель для краски,"Канцелярские товары > Краска, клей > Растворитель для краски",type,,97686,Нечёткое совпадение,77.2,Низкая,Проверить вручную,"Совпадение с типом товара Ozon, а не промежуточной категорией. Автоматическое переименование небезопасно."
01a0c522-e04c-7acd-b46d-6d4aaba8d578,Хобби и творчество > Товары для художников > Краски художественные > Краски акриловые художественные в наборах,Краски акриловые художественные в наборах,Краски художественные,Нет,Нет,Нет,Кофе молотый в растворимом,"Продукты питания > Соки, воды, напитки > Кофе молотый в растворимом",type,,99381,Нечёткое совпадение,75.2,Низкая,Проверить вручную,"Совпадение с типом товара Ozon, а не промежуточной категорией. Автоматическое переименование небезопасно."
01a0c523-6935-7dee-bb21-890639a8234e,Школа > Принадлежности для рисования > Декоративные и хобби краски,Декоративные и хобби краски,Принадлежности для рисования,Нет,Нет,Нет,Хобби и творчество,Хобби и творчество,category,17027485,,Нечёткое совпадение,77.0,Низкая,Проверить вручную,Автоматическое переименование небезопасно.
01a0c523-6e81-77d5-96ac-1e3dcf5b9a2f,Школа > Принадлежности для рисования > Декоративные и хобби краски > Краски акриловые для рисования и хобби,Краски акриловые для рисования и хобби,Декоративные и хобби краски,Нет,Нет,Нет,Шпильки для волос,Галантерея и аксессуары > Аксессуары для волос > Шпильки для волос,type,,97580,Нечёткое совпадение,75.2,Низкая,Проверить вручную,"Совпадение с типом товара Ozon, а не промежуточной категорией. Автоматическое переименование небезопасно."
01a0c524-1dff-7f3c-a589-864a6e051a0d,Хобби и творчество > Декорирование > Краски по стеклу и керамике,Краски по стеклу и керамике,Декорирование,Нет,Нет,Нет,Хобби и творчество,Хобби и творчество,category,17027485,,Нечёткое совпадение,79.2,Низкая,Проверить вручную,Автоматическое переименование небезопасно.
01a0c524-d5f7-7579-a1ae-f9d490b16633,Школа > Принадлежности для рисования > Декоративные и хобби краски > Краски по ткани в наборах,Краски по ткани в наборах,Декоративные и хобби краски,Нет,Нет,Нет,Шкворень в сборе,Автотовары > Запчасти для легковых автомобилей > Шкворень в сборе,type,,971045580,Нечёткое совпадение,75.2,Низкая,Проверить вручную,"Совпадение с типом товара Ozon, а не промежуточной категорией. Автоматическое переименование небезопасно."
01a0c525-f615-728a-9b33-557322b1b470,Хобби и творчество > Товары для художников > Краски художественные > Краски акриловые художественные поштучно,Краски акриловые художественные поштучно,Краски художественные,Нет,Нет,Нет,Растворитель для краски,"Канцелярские товары > Краска, клей > Растворитель для краски",type,,97686,Нечёткое совпадение,77.2,Низкая,Проверить вручную,"Совпадение с типом товара Ozon, а не промежуточной категорией. Автоматическое переименование небезопасно."
01a0c527-1fd7-7b9d-bad3-3284d88c18ed,Хобби и творчество > Товары для художников > Краски художественные > Темперные краски художественные,Темперные краски художественные,Краски художественные,Нет,Нет,Нет,Краски акварельные,"Канцелярские товары > Краска, клей > Краски акварельные",type,,94070,Нечёткое совпадение,77.4,Низкая,Проверить вручную,"Совпадение с типом товара Ozon, а не промежуточной категорией. Автоматическое переименование небезопасно."
01a0c528-18e6-76ae-889d-0ee79e1e3306,Хобби и творчество > Товары для художников > Краски художественные > Гуашь художественная поштучно,Гуашь художественная поштучно,Краски художественные,Нет,Нет,Нет,Гуашь,"Канцелярские товары > Краска, клей > Гуашь",type,,94072,Нечёткое совпадение,81.2,Низкая,Проверить вручную,"Совпадение с типом товара Ozon, а не промежуточной категорией. Автоматическое переименование небезопасно."
01a0c528-8b7f-74bb-8316-0961c363efd6,Мебель для персонала > Лофт > Столы операторские,Столы операторские,Лофт,Нет,Да,Нет,Столы,Мебель > Столы,category,17027918,,Нечёткое совпадение,84.0,Низкая,Проверить вручную,Название встречается в KIT несколько раз. Автоматическое переименование небезопасно.
01a0c528-9127-7f2d-9225-007c45cc05ab,Мебель для персонала > Лофт > Столы операторские > Столы на X-опорах,Столы на X-опорах,Столы операторские,Нет,Нет,Нет,Столы,Мебель > Столы,category,17027918,,Нечёткое совпадение,83.2,Низкая,Проверить вручную,Автоматическое переименование небезопасно.
01a0c529-2ccf-7cf2-a7fa-69a4035f3f38,Мебель для персонала > Лофт > Столы операторские > Столы на Z-опорах,Столы на Z-опорах,Столы операторские,Нет,Нет,Нет,Столы,Мебель > Столы,category,17027918,,Нечёткое совпадение,83.2,Низкая,Проверить вручную,Автоматическое переименование небезопасно.
01a0c529-bbed-7d2c-96ff-d6e26bf4caca,Мебель для персонала > Лофт > Тумбы,Тумбы,Лофт,Нет,Да,Нет,Комоды и тумбы,Мебель > Комоды и тумбы,category,80711064,,Нечёткое совпадение,84.0,Низкая,Проверить вручную,Название встречается в KIT несколько раз. Автоматическое переименование небезопасно.
01a0c529-c1cf-7420-a298-ec4dc815ec31,Мебель для персонала > Лофт > Тумбы > Тумбы на колесных опорах,Тумбы на колесных опорах,Тумбы,Нет,Нет,Нет,Грелка на чайник,Дом и сад > Полотенца и скатерти > Грелка на чайник,type,,97626,Нечёткое совпадение,75.2,Низкая,Проверить вручную,"Совпадение с типом товара Ozon, а не промежуточной категорией. Автоматическое переименование небезопасно."
01a0c529-eae5-7581-aa79-718da4ed7a9e,Мебель для персонала > Лофт > Тумбы > Тумбы на регулируемых опорах,Тумбы на регулируемых опорах,Тумбы,Нет,Нет,Нет,Чехол на автобокс,Автотовары > Автоковрики и авточехлы > Чехол на автобокс,type,,970885291,Нечёткое совпадение,75.2,Низкая,Проверить вручную,"Совпадение с типом товара Ozon, а не промежуточной категорией. Автоматическое переименование небезопасно."
01a0c52a-8995-77f3-ac83-36127ee6c473,Хобби и творчество > Товары для художников > Вспомогательные материалы и инструменты,Вспомогательные материалы и инструменты,Товары для художников,Нет,Да,Нет,Инструменты для творчества,Хобби и творчество > Инструменты для творчества,category,200001425,,Нечёткое совпадение,79.7,Низкая,Проверить вручную,Название встречается в KIT несколько раз. Автоматическое переименование небезопасно.
01a0c52a-8e78-7bb4-9794-69a814abb168,"Хобби и творчество > Товары для художников > Вспомогательные материалы и инструменты > Лаки, разбавители, грунты и прочие","Лаки, разбавители, грунты и прочие",Вспомогательные материалы и инструменты,Нет,Нет,Нет,Грунт,"Дом и сад > Грунт, удобрения и садовая химия > Грунт",type,,95781,Нечёткое совпадение,79.2,Низкая,Проверить вручную,"Совпадение с типом товара Ozon, а не промежуточной категорией. Автоматическое переименование небезопасно."
01a0c52d-0779-73ca-ad1e-5016ff16aea3,Хобби и творчество > Товары для художников > Вспомогательные материалы и инструменты > Мастихины,Мастихины,Вспомогательные материалы и инструменты,Нет,Нет,Нет,Мастихин художественный,Канцелярские товары > Канцелярия > Мастихин художественный,type,,97417,Нечёткое совпадение,75.5,Низкая,Проверить вручную,"Совпадение с типом товара Ozon, а не промежуточной категорией. Автоматическое переименование небезопасно."
01a0c52d-b0a4-734e-8950-1b219a5fe45d,"Хобби и творчество > Товары для художников > Холсты, мольберты, этюдники, грунтованный картон > Мольберты",Мольберты,"Холсты, мольберты, этюдники, грунтованный картон",Нет,Нет,Нет,Мольберты и этюдники,Хобби и творчество > Мольберты и этюдники,category,19034774,,Нечёткое совпадение,84.5,Низкая,Проверить вручную,Автоматическое переименование небезопасно.
01a0c52d-d47d-7213-8317-3aacf53b4d30,Мебель для персонала > Метал Систем Куатро 4х4 > Столы операторские > Столы на О-образных опорах,Столы на О-образных опорах,Столы операторские,Нет,Да,Нет,Столы,Мебель > Столы,category,17027918,,Нечёткое совпадение,81.6,Низкая,Проверить вручную,Название встречается в KIT несколько раз. Автоматическое переименование небезопасно.
01a0c52d-fd9a-75a6-900a-415e2cc85107,Мебель для персонала > Метал Систем Куатро 4х4 > Столы переговорные > Столы переговорные на О-образных опорах,Столы переговорные на О-образных опорах,Столы переговорные,Нет,Да,Нет,Столы,Мебель > Столы,category,17027918,,Нечёткое совпадение,81.6,Низкая,Проверить вручную,Название встречается в KIT несколько раз. Автоматическое переименование небезопасно.
01a0c52e-150e-79d9-9cbc-2931798f18a3,Мебель для персонала > Метал Систем Куатро 4х4 > Рабочие станции > Прямые рабочие станции F2F на О-образных опорах,Прямые рабочие станции F2F на О-образных опорах,Рабочие станции,Нет,Да,Нет,Фехтовальный протектор на маску,Спорт и отдых > Фехтование > Фехтовальный протектор на маску,type,,970667772,Нечёткое совпадение,75.2,Низкая,Проверить вручную,"Название встречается в KIT несколько раз. Совпадение с типом товара Ozon, а не промежуточной категорией. Автоматическое переименование небезопасно."
01a0c52e-2c7c-74b2-87b7-4fa7855cf6e8,Мебель для персонала > Метал Систем Куатро 4х4 > Готовые комплекты рабочих станций > Линейные рабочие станции на О-образных опорах с опорными тумбами/шкафами,Линейные рабочие станции на О-образных опорах с опорными тумбами/шкафами,Готовые комплекты рабочих станций,Нет,Да,Нет,Защитный мат на пружины,Спорт и отдых > Каркасные батуты и аксессуары > Защитный мат на пружины,type,,971092790,Нечёткое совпадение,75.2,Низкая,Проверить вручную,"Название встречается в KIT несколько раз. Совпадение с типом товара Ozon, а не промежуточной категорией. Автоматическое переименование небезопасно."
01a0c52f-7282-7cf9-afd8-a318d5c450cd,"Хобби и творчество > Товары для художников > Холсты, мольберты, этюдники, грунтованный картон > Холсты на картоне",Холсты на картоне,"Холсты, мольберты, этюдники, грунтованный картон",Нет,Нет,Нет,Холст,Хобби и творчество > Холсты и подрамники > Холст,type,,97302,Нечёткое совпадение,82.2,Низкая,Проверить вручную,"Совпадение с типом товара Ozon, а не промежуточной категорией. Автоматическое переименование небезопасно."
01a0c533-4a60-7130-8c41-4e96a85b37d4,"Хобби и творчество > Товары для художников > Холсты, мольберты, этюдники, грунтованный картон > Холсты на подрамнике",Холсты на подрамнике,"Холсты, мольберты, этюдники, грунтованный картон",Нет,Нет,Нет,Холст,Хобби и творчество > Холсты и подрамники > Холст,type,,97302,Нечёткое совпадение,82.2,Низкая,Проверить вручную,"Совпадение с типом товара Ozon, а не промежуточной категорией. Автоматическое переименование небезопасно."
01a0c53c-1c33-7449-8e5a-c9310837b6d6,Художникам,Художникам,,Нет,Нет,Нет,Худи,Одежда > Одежда > Худи,type,,93253,Нечёткое совпадение,67.9,Низкая,Проверить вручную,"Совпадение с типом товара Ozon, а не промежуточной категорией. Автоматическое переименование небезопасно."
01a0c53c-21c8-78fa-8460-a62f0b36919f,"Художникам > Холсты, мольберты, этюдники, грунтованный картон","Холсты, мольберты, этюдники, грунтованный картон",Художникам,Нет,Да,Нет,Этюдник,Хобби и творчество > Мольберты и этюдники > Этюдник,type,,97416,Нечёткое совпадение,81.9,Низкая,Проверить вручную,"Название встречается в KIT несколько раз. Совпадение с типом товара Ozon, а не промежуточной категорией. Автоматическое переименование небезопасно."
01a0c53c-2277-7ae4-a778-c5750fe497a3,"Художникам > Холсты, мольберты, этюдники, грунтованный картон > Этюдники",Этюдники,"Холсты, мольберты, этюдники, грунтованный картон",Нет,Нет,Нет,Этюдник,Хобби и творчество > Мольберты и этюдники > Этюдник,type,,97416,Нечёткое совпадение,84.8,Низкая,Проверить вручную,"Совпадение с типом товара Ozon, а не промежуточной категорией. Автоматическое переименование небезопасно."
01a0c54b-200a-7482-8de1-8492abce2ea8,DEEPHOUSE,DEEPHOUSE,,Нет,Нет,Нет,,,,,,Нет совпадения,0.0,Низкая,Проверить вручную,Автоматическое переименование небезопасно.
01a0c54b-2b34-7b2b-a7f6-356a3e546326,DEEPHOUSE > Стулья,Стулья,DEEPHOUSE,Нет,Да,Нет,"Стулья, скамьи, табуреты, пуфики","Мебель > Стулья, скамьи, табуреты, пуфики",category,17027916,,Нечёткое совпадение,81.2,Низкая,Проверить вручную,Название встречается в KIT несколько раз. Автоматическое переименование небезопасно.
01a0c54b-2dbf-7370-bfa9-aa99d9578f52,DEEPHOUSE > Барные,Барные,DEEPHOUSE,Нет,Нет,Нет,Лестницы стационарные,Строительство и ремонт > Лестницы стационарные,category,87241318,,Нечёткое совпадение,72.0,Низкая,Проверить вручную,Автоматическое переименование небезопасно.
01a0c54b-3048-707b-a502-c817ce3cd517,DEEPHOUSE > Полубарные,Полубарные,DEEPHOUSE,Нет,Нет,Нет,Поло,Одежда > Одежда > Поло,type,,93194,Нечёткое совпадение,67.9,Низкая,Проверить вручную,"Совпадение с типом товара Ozon, а не промежуточной категорией. Автоматическое переименование небезопасно."
01a0c54b-32d4-7d4e-8a13-a6adcd1ee0db,DEEPHOUSE > Столы,Столы,DEEPHOUSE,Нет,Да,Нет,Столы,Мебель > Столы,category,17027918,,Точное совпадение,100.0,Высокая,Оставить,Название встречается в KIT несколько раз.
01a0c54b-355c-77ef-9c40-c4ef968da109,DEEPHOUSE > Корпусная мебель,Корпусная мебель,DEEPHOUSE,Нет,Нет,Нет,Мебель,Мебель,category,17027915,,Нечёткое совпадение,83.2,Низкая,Проверить вручную,Автоматическое переименование небезопасно.
01a0c54b-4083-79b3-8052-a2c70ee0e539,DEEPHOUSE > Подушки,Подушки,DEEPHOUSE,Нет,Нет,Нет,"Подушки, одеяла","Дом и сад > Подушки, одеяла",category,17028729,,Нечёткое совпадение,81.6,Низкая,Проверить вручную,Автоматическое переименование небезопасно.
01a0c54b-430e-72e0-8571-8146db9835ce,DEEPHOUSE > Летняя мебель,Летняя мебель,DEEPHOUSE,Нет,Нет,Нет,Мебель,Мебель,category,17027915,,Нечёткое совпадение,83.2,Низкая,Проверить вручную,Автоматическое переименование небезопасно.
01a0c552-de4d-77d6-b44e-6e5f0577258f,"Хобби и творчество > Товары для художников > Холсты, мольберты, этюдники, грунтованный картон > Холсты в рулонах",Холсты в рулонах,"Холсты, мольберты, этюдники, грунтованный картон",Нет,Нет,Нет,Холст,Хобби и творчество > Холсты и подрамники > Холст,type,,97302,Нечёткое совпадение,82.2,Низкая,Проверить вручную,"Совпадение с типом товара Ozon, а не промежуточной категорией. Автоматическое переименование небезопасно."
01a0c555-5360-7ba3-bb3c-a33a62075ce3,Мебель для персонала > Метал Систем Куатро 4х4 > Столы операторские > Приставные элементы на О-образных опорах,Приставные элементы на О-образных опорах,Столы операторские,Нет,Да,Нет,Накладки на ладони,Спорт и отдых > Экипировка и защита > Накладки на ладони,type,,970680398,Нечёткое совпадение,75.2,Низкая,Проверить вручную,"Название встречается в KIT несколько раз. Совпадение с типом товара Ozon, а не промежуточной категорией. Автоматическое переименование небезопасно."
01a0c555-b497-7078-8d94-13eee5c19142,Мебель для персонала > Метал Систем Куатро 4х4 > Столы операторские > Эргономичные столы на О-образных опорах,Эргономичные столы на О-образных опорах,Столы операторские,Нет,Да,Нет,Столы,Мебель > Столы,category,17027918,,Нечёткое совпадение,81.4,Низкая,Проверить вручную,Название встречается в KIT несколько раз. Автоматическое переименование небезопасно.
01a0c555-db96-7133-a37f-d85817db0108,Мебель для персонала > Метал Систем Куатро 4х4 > Рабочие станции > Линейные рабочие станции на О-образных опорах,Линейные рабочие станции на О-образных опорах,Рабочие станции,Нет,Да,Нет,Спасательный набор на воде,Спорт и отдых > Лодки и лодочные моторы > Спасательный набор на воде,type,,970829678,Нечёткое совпадение,75.2,Низкая,Проверить вручную,"Название встречается в KIT несколько раз. Совпадение с типом товара Ozon, а не промежуточной категорией. Автоматическое переименование небезопасно."
01a0c55d-8b91-7abf-84b8-cc39fa5f7f69,Мягкая мебель > Флекс,Флекс,Мягкая мебель,Нет,Нет,Нет,Климатический комплекс,Бытовая техника > Климатическая техника > Климатический комплекс,type,,971160141,Нечёткое совпадение,70.4,Низкая,Проверить вручную,"Совпадение с типом товара Ozon, а не промежуточной категорией. Автоматическое переименование небезопасно."
01a0c55f-6f13-7a05-89ef-036b05a94154,Мягкая мебель > Некст,Некст,Мягкая мебель,Нет,Нет,Нет,Нектар,"Продукты питания > Соки, воды, напитки > Нектар",type,,96784,Нечёткое совпадение,64.0,Низкая,Проверить вручную,"Совпадение с типом товара Ozon, а не промежуточной категорией. Автоматическое переименование небезопасно."
01a0c583-6047-731c-aa8e-83db37ae3037,Хобби и творчество > Товары для художников > Вспомогательные материалы и инструменты > Манекены художественные,Манекены художественные,Вспомогательные материалы и инструменты,Нет,Нет,Нет,Манекены,Хобби и творчество > Манекены,category,17028666,,Нечёткое совпадение,83.2,Низкая,Проверить вручную,Автоматическое переименование небезопасно.
01a0c586-a878-7894-abc3-008c6a112f81,Мебель для персонала > Икс пулл,Икс пулл,Мебель для персонала,Нет,Нет,Нет,Пульт управления для мототехники,Автотовары > Мотозапчасти > Пульт управления для мототехники,type,,970858646,Нечёткое совпадение,56.4,Низкая,Проверить вручную,"Совпадение с типом товара Ozon, а не промежуточной категорией. Автоматическое переименование небезопасно."
01a0c586-ae84-71db-9dde-06054e8335fc,Мебель для персонала > Икс пулл > Царги,Царги,Икс пулл,Нет,Да,Нет,Ламинатор бумаги,Электроника > Полиграфическое оборудование > Ламинатор бумаги,type,,91558,Нечёткое совпадение,59.4,Низкая,Проверить вручную,"Название встречается в KIT несколько раз. Совпадение с типом товара Ozon, а не промежуточной категорией. Автоматическое переименование небезопасно."
01a0c586-f745-7bec-b74d-0733b9105721,Стойки ресепшн > Оникс > Готовые комплекты стоек ресепшн,Готовые комплекты стоек ресепшн,Оникс,Нет,Нет,Нет,Комплекты мебели,Мебель > Комплекты мебели,category,80770870,,Нечёткое совпадение,76.7,Низкая,Проверить вручную,Автоматическое переименование небезопасно.
01a0c586-fd22-7c0b-9966-b818acac2286,Стойки ресепшн > Оникс > Готовые комплекты стоек ресепшн > Стойки прямые,Стойки прямые,Готовые комплекты стоек ресепшн,Нет,Да,Нет,Запчасти для барной стойки,Мебель > Мебельная фурнитура и комплектующие > Запчасти для барной стойки,type,,971075626,Нечёткое совпадение,76.2,Низкая,Проверить вручную,"Название встречается в KIT несколько раз. Совпадение с типом товара Ozon, а не промежуточной категорией. Автоматическое переименование небезопасно."
01a0c588-ae01-786f-a1c7-0e1180be3523,Стойки ресепшн > Оникс > Готовые комплекты стоек ресепшн > Стойки прямые с тумбами,Стойки прямые с тумбами,Готовые комплекты стоек ресепшн,Нет,Нет,Нет,Тумба,Мебель > Комоды и тумбы > Тумба,type,,971162059,Нечёткое совпадение,79.2,Низкая,Проверить вручную,"Совпадение с типом товара Ozon, а не промежуточной категорией. Автоматическое переименование небезопасно."
01a0c588-cfed-7c37-99a8-17bb1c11a92e,Детям > Принадлежности для рисования > Аксессуары для рисования > Стаканы-непроливайки для рисования,Стаканы-непроливайки для рисования,Аксессуары для рисования,Нет,Нет,Нет,Стакан,Дом и сад > Питьевая посуда и аксессуары > Стакан,type,,92484,Нечёткое совпадение,80.3,Низкая,Проверить вручную,"Совпадение с типом товара Ozon, а не промежуточной категорией. Автоматическое переименование небезопасно."
01a0c58d-6e12-72f6-897e-5aec4faad0dd,Мебель для персонала > Бэлл,Бэлл,Мебель для персонала,Нет,Нет,Нет,Эллиптический тренажер,Спорт и отдых > Тренажеры > Эллиптический тренажер,type,,94275,Нечёткое совпадение,67.9,Низкая,Проверить вручную,"Совпадение с типом товара Ozon, а не промежуточной категорией. Автоматическое переименование небезопасно."
01a0c58e-3351-7908-9d39-6e48caf925a0,Хобби и творчество > Материалы для творчества > Блестки для декора,Блестки для декора,Материалы для творчества,Нет,Нет,Нет,"Инструменты для рукоделия антиквариат, винтаж","Антиквариат и коллекционирование > Антиквариат и винтаж > Инструменты для рукоделия антиквариат, винтаж",type,,971004415,Нечёткое совпадение,75.2,Низкая,Проверить вручную,"Совпадение с типом товара Ozon, а не промежуточной категорией. Автоматическое переименование небезопасно."
01a0c590-2eee-7c7f-a128-777dfe8dc8c3,Судебная мебель,Судебная мебель,,Нет,Нет,Нет,Мебель,Мебель,category,17027915,,Нечёткое совпадение,85.2,Низкая,Проверить вручную,Автоматическое переименование небезопасно.
01a0c590-34ca-79df-8707-453efa1b9478,Судебная мебель > Кодекс,Кодекс,Судебная мебель,Нет,Нет,Нет,Кекс,Продукты питания Ozon Fresh > Хлебобулочные изделия Ozon Fresh > Кекс,type,,97712,Нечёткое совпадение,70.4,Низкая,Проверить вручную,"Совпадение с типом товара Ozon, а не промежуточной категорией. Автоматическое переименование небезопасно."
01a0c590-3aa9-77ab-8f66-6df8015eb60e,Судебная мебель > Кодекс > Барьеры для залов суда,Барьеры для залов суда,Кодекс,Нет,Нет,Нет,"Инструмент для лэмпворка, фьюзинга","Хобби и творчество > Инструменты для творчества > Инструмент для лэмпворка, фьюзинга",type,,971041756,Нечёткое совпадение,75.2,Низкая,Проверить вручную,"Совпадение с типом товара Ozon, а не промежуточной категорией. Автоматическое переименование небезопасно."
01a0c590-7925-741e-905c-ebcdd542002e,Детям > Принадлежности для рисования > Краски и кисти для детского творчества > Акварель школьная,Акварель школьная,Краски и кисти для детского творчества,Нет,Нет,Нет,Дрель,Строительство и ремонт > Электродрели > Дрель,type,,94769,Нечёткое совпадение,63.4,Низкая,Проверить вручную,"Совпадение с типом товара Ozon, а не промежуточной категорией. Автоматическое переименование небезопасно."
01a0c591-968a-7a7b-85ab-4c2bfda9735f,Мебель для персонала > Икс пулл > Столы операторские,Столы операторские,Икс пулл,Нет,Да,Нет,Столы,Мебель > Столы,category,17027918,,Нечёткое совпадение,83.2,Низкая,Проверить вручную,Название встречается в KIT несколько раз. Автоматическое переименование небезопасно.
01a0c5a5-aef6-7d4e-a5e4-81772802e236,Levmar,Levmar,,Нет,Нет,Нет,VR-аксессуар,Электроника > VR-устройства и аксессуары > VR-аксессуар,type,,971104255,Нечёткое совпадение,39.6,Низкая,Проверить вручную,"Совпадение с типом товара Ozon, а не промежуточной категорией. Автоматическое переименование небезопасно."
01a0c5e9-4ae0-70fe-9a98-750ee71ad56e,Кабинеты руководителей > Метал Систем Директ,Метал Систем Директ,Кабинеты руководителей,Нет,Да,Нет,Тестер для систем видеонаблюдения,Электроника > Видеонаблюдение > Тестер для систем видеонаблюдения,type,,971039967,Нечёткое совпадение,76.6,Низкая,Проверить вручную,"Название встречается в KIT несколько раз. Совпадение с типом товара Ozon, а не промежуточной категорией. Автоматическое переименование небезопасно."
01a0c5e9-50ba-74c7-b89f-c8d6de0fdc81,Кабинеты руководителей > Метал Систем Директ > Столы руководителя,Столы руководителя,Метал Систем Директ,Нет,Да,Нет,Столы,Мебель > Столы,category,17027918,,Нечёткое совпадение,80.7,Низкая,Проверить вручную,Название встречается в KIT несколько раз. Автоматическое переименование небезопасно.
01a0c5ea-a510-7d4a-a1e5-8b1ca88312a9,Мягкая мебель > Борн,Борн,Мягкая мебель,Нет,Нет,Нет,Приборный корпус,Электроника > Электронные компоненты и модули > Приборный корпус,type,,971042601,Нечёткое совпадение,79.2,Низкая,Проверить вручную,"Совпадение с типом товара Ozon, а не промежуточной категорией. Автоматическое переименование небезопасно."
01a0c5eb-576e-7799-b9a0-aade9b00f1e8,Судебная мебель > Кодекс > Аксессуары,Аксессуары,Кодекс,Нет,Да,Нет,Аксессуары,Галантерея и аксессуары > Аксессуары,category,17027904,,Точное совпадение,100.0,Высокая,Оставить,Название встречается в KIT несколько раз.
01a0c5eb-76b1-7e9d-b7da-b56868c7d550,Судебная мебель > Кодекс > Столы секретарей,Столы секретарей,Кодекс,Нет,Нет,Нет,Столы,Мебель > Столы,category,17027918,,Нечёткое совпадение,84.0,Низкая,Проверить вручную,Автоматическое переименование небезопасно.
01a0c5eb-c87a-79b6-a1fd-66e875918b9d,Судебная мебель > Кодекс > Столы сторон,Столы сторон,Кодекс,Нет,Нет,Нет,Столы,Мебель > Столы,category,17027918,,Нечёткое совпадение,84.0,Низкая,Проверить вручную,Автоматическое переименование небезопасно.
01a0c5ec-5665-7efc-996a-a423e8d79f7a,Судебная мебель > Кодекс > Трибуны,Трибуны,Кодекс,Нет,Нет,Нет,Трибуна для выступлений,Мебель > Столы > Трибуна для выступлений,type,,971102673,Нечёткое совпадение,74.8,Низкая,Проверить вручную,"Совпадение с типом товара Ozon, а не промежуточной категорией. Автоматическое переименование небезопасно."
01a0c5ec-7561-75be-a886-01172476f221,Судебная мебель > Кодекс > Тумбы,Тумбы,Кодекс,Нет,Да,Нет,Комоды и тумбы,Мебель > Комоды и тумбы,category,80711064,,Нечёткое совпадение,84.0,Низкая,Проверить вручную,Название встречается в KIT несколько раз. Автоматическое переименование небезопасно.
01a0c5ed-520e-7c7b-a147-4d4b9a3b74e7,Судебная мебель > Кодекс > Столы для судей,Столы для судей,Кодекс,Нет,Нет,Нет,Столы,Мебель > Столы,category,17027918,,Нечёткое совпадение,84.0,Низкая,Проверить вручную,Автоматическое переименование небезопасно.
01a0c5ee-736a-7b6c-bdab-a7a93ad9ae1c,Мебель для персонала > Лофт > Тумбы > Тумбы навесные/приставные,Тумбы навесные/приставные,Тумбы,Нет,Нет,Нет,Навес,"Спорт и отдых > Палатки, тенты, шатры и спальные мешки > Навес",type,,93518,Нечёткое совпадение,79.2,Низкая,Проверить вручную,"Совпадение с типом товара Ozon, а не промежуточной категорией. Автоматическое переименование небезопасно."
01a0c5f6-52fe-78bb-83fe-9e685802bdfc,Мебель для переговорных зон > Метал Систем Директ,Метал Систем Директ,Мебель для переговорных зон,Нет,Да,Нет,Тестер для систем видеонаблюдения,Электроника > Видеонаблюдение > Тестер для систем видеонаблюдения,type,,971039967,Нечёткое совпадение,76.4,Низкая,Проверить вручную,"Название встречается в KIT несколько раз. Совпадение с типом товара Ozon, а не промежуточной категорией. Автоматическое переименование небезопасно."
01a0c5f6-6a51-7c70-981d-5a5dda94d96b,Кабинеты руководителей > Метал Систем Директ > Столы переговорные,Столы переговорные,Метал Систем Директ,Нет,Да,Нет,Столы,Мебель > Столы,category,17027918,,Нечёткое совпадение,80.7,Низкая,Проверить вручную,Название встречается в KIT несколько раз. Автоматическое переименование небезопасно.
01a0c5f7-013a-7b3e-ae7f-063195ac9068,Кабинеты руководителей > Метал Систем Директ > Брифинг-приставки,Брифинг-приставки,Метал Систем Директ,Нет,Да,Нет,Рис,"Продукты питания > Макароны, крупы, мука > Рис",type,,99237,Нечёткое совпадение,79.2,Низкая,Проверить вручную,"Название встречается в KIT несколько раз. Совпадение с типом товара Ozon, а не промежуточной категорией. Автоматическое переименование небезопасно."
01a0c5f7-2ed5-7143-91d7-4553d2be1a17,Кабинеты руководителей > Метал Систем Директ > Царги,Царги,Метал Систем Директ,Нет,Да,Нет,Ламинатор бумаги,Электроника > Полиграфическое оборудование > Ламинатор бумаги,type,,91558,Нечёткое совпадение,59.4,Низкая,Проверить вручную,"Название встречается в KIT несколько раз. Совпадение с типом товара Ozon, а не промежуточной категорией. Автоматическое переименование небезопасно."
01a0c601-3df2-7dae-ba34-5cfd67bdf280,Мебель для персонала > Оникс > Системы хранения > Шкафы-купе,Шкафы-купе,Системы хранения,Нет,Да,Нет,Шкаф-купе,Мебель > Шкафы > Шкаф-купе,type,,970679785,Нечёткое совпадение,87.9,Низкая,Проверить вручную,"Название встречается в KIT несколько раз. Совпадение с типом товара Ozon, а не промежуточной категорией. Автоматическое переименование небезопасно."
01a0c603-7466-793d-8e99-28ca50f3ac8e,Хобби и творчество > Товары для художников > Вспомогательные материалы и инструменты > Палитры художественные,Палитры художественные,Вспомогательные материалы и инструменты,Нет,Нет,Нет,Палитра,Канцелярские товары > Канцелярия > Палитра,type,,93306,Нечёткое совпадение,74.1,Низкая,Проверить вручную,"Совпадение с типом товара Ozon, а не промежуточной категорией. Автоматическое переименование небезопасно."
01a0c607-d045-73c4-8ad9-63fb582e21e7,Мебель для персонала > Эстетика,Эстетика,Мебель для персонала,Нет,Да,Нет,Икра,Продукты питания Ozon Fresh > Консервация Ozon Fresh > Икра,type,,97069,Нечёткое совпадение,67.9,Низкая,Проверить вручную,"Название встречается в KIT несколько раз. Совпадение с типом товара Ozon, а не промежуточной категорией. Автоматическое переименование небезопасно."
01a0c607-d622-74c1-906e-673ae5267f6b,Мебель для персонала > Эстетика > Тумбы,Тумбы,Эстетика,Нет,Да,Нет,Комоды и тумбы,Мебель > Комоды и тумбы,category,80711064,,Нечёткое совпадение,84.0,Низкая,Проверить вручную,Название встречается в KIT несколько раз. Автоматическое переименование небезопасно.
01a0c607-dc06-73e1-8c23-7a2372b2fb4f,Мебель для персонала > Эстетика > Тумбы > Наборные элементы к опорным тумбам на плоскоовальной опоре,Наборные элементы к опорным тумбам на плоскоовальной опоре,Тумбы,Нет,Нет,Нет,Ручка на колесо самоката,Спорт и отдых > Скейтборды и самокаты > Ручка на колесо самоката,type,,971438556,Нечёткое совпадение,75.2,Низкая,Проверить вручную,"Совпадение с типом товара Ozon, а не промежуточной категорией. Автоматическое переименование небезопасно."
01a0c608-0510-7a34-904f-3d5764feac09,Мебель для персонала > Эстетика > Столы операторские,Столы операторские,Эстетика,Нет,Да,Нет,Столы,Мебель > Столы,category,17027918,,Нечёткое совпадение,84.0,Низкая,Проверить вручную,Название встречается в KIT несколько раз. Автоматическое переименование небезопасно.
01a0c608-0ae1-79e6-93d7-708c6504ce57,Мебель для персонала > Эстетика > Столы операторские > Столы на круглой опоре,Столы на круглой опоре,Столы операторские,Нет,Нет,Нет,Столы,Мебель > Столы,category,17027918,,Нечёткое совпадение,82.6,Низкая,Проверить вручную,Автоматическое переименование небезопасно.
01a0c613-5ef6-79b5-90f2-b90225d510e7,"Художникам > Холсты, мольберты, этюдники, грунтованный картон > Стулья для художника",Стулья для художника,"Холсты, мольберты, этюдники, грунтованный картон",Нет,Нет,Нет,Стул,"Мебель > Стулья, скамьи, табуреты, пуфики > Стул",type,,95048,Нечёткое совпадение,80.1,Низкая,Проверить вручную,"Совпадение с типом товара Ozon, а не промежуточной категорией. Автоматическое переименование небезопасно."
01a0c613-8b95-76b3-8aba-2fd5911742bf,Мебель для персонала > Эстетика > Тумбы > Наборные элементы к опорным тумбам на круглой опоре,Наборные элементы к опорным тумбам на круглой опоре,Тумбы,Нет,Нет,Нет,Подушка на руль самоката,Спорт и отдых > Скейтборды и самокаты > Подушка на руль самоката,type,,971446324,Нечёткое совпадение,75.2,Низкая,Проверить вручную,"Совпадение с типом товара Ozon, а не промежуточной категорией. Автоматическое переименование небезопасно."
01a0c613-cc01-7cda-bc94-0e6df0147381,Мебель для персонала > Эстетика > Рабочие станции,Рабочие станции,Эстетика,Нет,Да,Нет,Зарядные устройства и док-станции,Электроника > Зарядные устройства и док-станции,category,17028627,,Нечёткое совпадение,76.6,Низкая,Проверить вручную,Название встречается в KIT несколько раз. Автоматическое переименование небезопасно.
01a0c613-d1d9-7bcd-b63c-8fde1534d93a,Мебель для персонала > Эстетика > Рабочие станции > Линейные рабочие станции на круглой опоре,Линейные рабочие станции на круглой опоре,Рабочие станции,Нет,Нет,Нет,Накладки на ладони,Спорт и отдых > Экипировка и защита > Накладки на ладони,type,,970680398,Нечёткое совпадение,75.2,Низкая,Проверить вручную,"Совпадение с типом товара Ozon, а не промежуточной категорией. Автоматическое переименование небезопасно."
01a0c614-b13c-738f-9c9a-50a9674bbc17,Мебель для персонала > Эстетика > Рабочие станции > Рабочие станции F2F на круглой опоре,Рабочие станции F2F на круглой опоре,Рабочие станции,Нет,Нет,Нет,Крышка на пикап,Автотовары > Тюнинг и внешний декор > Крышка на пикап,type,,971045988,Нечёткое совпадение,75.2,Низкая,Проверить вручную,"Совпадение с типом товара Ozon, а не промежуточной категорией. Автоматическое переименование небезопасно."
01a0c61d-fa2d-7d11-9aa7-259f283f5f25,Детям > Принадлежности для рисования > Краски и кисти для детского творчества > Краски пальчиковые,Краски пальчиковые,Краски и кисти для детского творчества,Нет,Нет,Нет,Краски Холи,Дом и сад > Товары для праздников > Краски Холи,type,,369952583,Нечёткое совпадение,76.2,Низкая,Проверить вручную,"Совпадение с типом товара Ozon, а не промежуточной категорией. Автоматическое переименование небезопасно."
01a0c62b-49b4-7cc7-a498-3df57aff2209,Мебель для персонала > Эстетика > Столы переговорные,Столы переговорные,Эстетика,Нет,Да,Нет,Столы,Мебель > Столы,category,17027918,,Нечёткое совпадение,84.0,Низкая,Проверить вручную,Название встречается в KIT несколько раз. Автоматическое переименование небезопасно.
01a0c62b-4f92-7b8e-a497-d48b6a01ee97,Мебель для персонала > Эстетика > Столы переговорные > Переговорные столы на плоскоовальной опоре,Переговорные столы на плоскоовальной опоре,Столы переговорные,Нет,Нет,Нет,Спортивные игровые столы,Спорт и отдых > Спортивные игровые столы,category,92121881,,Нечёткое совпадение,76.3,Низкая,Проверить вручную,Автоматическое переименование небезопасно.
01a0c62b-693e-7175-93c5-d6eb57027dde,Мебель для переговорных зон > Эстетика,Эстетика,Мебель для переговорных зон,Нет,Да,Нет,Икра,Продукты питания Ozon Fresh > Консервация Ozon Fresh > Икра,type,,97069,Нечёткое совпадение,67.9,Низкая,Проверить вручную,"Название встречается в KIT несколько раз. Совпадение с типом товара Ozon, а не промежуточной категорией. Автоматическое переименование небезопасно."
01a0c62c-8dcb-70a8-b3b5-ac68f93e50b3,Мебель для персонала > Эстетика > Столы переговорные > Переговорные столы на круглой опоре,Переговорные столы на круглой опоре,Столы переговорные,Нет,Нет,Нет,Столы,Мебель > Столы,category,17027918,,Нечёткое совпадение,82.6,Низкая,Проверить вручную,Автоматическое переименование небезопасно.
01a0c634-0aa2-7eb5-87d3-17203127d97f,Мебель для персонала > Лофт > Системы хранения > Стеллажи прямые,Стеллажи прямые,Системы хранения,Нет,Нет,Нет,Стеллаж,Мебель > Полки и стеллажи > Стеллаж,type,,95098,Нечёткое совпадение,81.9,Низкая,Проверить вручную,"Совпадение с типом товара Ozon, а не промежуточной категорией. Автоматическое переименование небезопасно."
01a0c636-afd3-7097-a3c6-59c2e9016b27,Мебель для персонала > Эстетика > Системы хранения,Системы хранения,Эстетика,Нет,Да,Нет,Аксессуар для хранения коллекций,Антиквариат и коллекционирование > Коллекционирование > Аксессуар для хранения коллекций,type,,93830,Нечёткое совпадение,76.6,Низкая,Проверить вручную,"Название встречается в KIT несколько раз. Совпадение с типом товара Ozon, а не промежуточной категорией. Автоматическое переименование небезопасно."
01a0c636-ba5d-7752-88c3-9a6a87f19ccb,Мебель для персонала > Эстетика > Системы хранения > Шкафы-купе опорные/приставные,Шкафы-купе опорные/приставные,Системы хранения,Нет,Нет,Нет,Шкафы,Мебель > Шкафы,category,17027919,,Нечёткое совпадение,81.9,Низкая,Проверить вручную,Автоматическое переименование небезопасно.
01a0c636-ce89-71b1-9a8c-f852e9d0f015,Мебель для персонала > Эстетика > Тумбы > Тумбы сервисные,Тумбы сервисные,Тумбы,Нет,Нет,Нет,Тумба,Мебель > Комоды и тумбы > Тумба,type,,971162059,Нечёткое совпадение,73.8,Низкая,Проверить вручную,"Совпадение с типом товара Ozon, а не промежуточной категорией. Автоматическое переименование небезопасно."
01a0c636-e601-7aab-b8fe-625d99c645bc,Мебель для персонала > Эстетика > Тумбы > Тумбы мобильные,Тумбы мобильные,Тумбы,Нет,Да,Нет,Мобиль,Детские товары > Мобили и дуги в кроватку > Мобиль,type,,96495,Нечёткое совпадение,79.2,Низкая,Проверить вручную,"Название встречается в KIT несколько раз. Совпадение с типом товара Ozon, а не промежуточной категорией. Автоматическое переименование небезопасно."
01a0c636-fd6b-74fb-bf21-ea263658b9ad,Мягкая мебель > Прайм,Прайм,Мягкая мебель,Нет,Нет,Нет,Праймер битумный,Строительство и ремонт > Строительные смеси > Праймер битумный,type,,970808275,Нечёткое совпадение,79.2,Низкая,Проверить вручную,"Совпадение с типом товара Ozon, а не промежуточной категорией. Автоматическое переименование небезопасно."
01a0c64d-3da7-73c5-b7b5-be9ef233ea3c,Мебель для персонала > Лофт > Системы хранения > Стеллажи угловые внутренние,Стеллажи угловые внутренние,Системы хранения,Нет,Нет,Нет,Стеллаж,Мебель > Полки и стеллажи > Стеллаж,type,,95098,Нечёткое совпадение,81.6,Низкая,Проверить вручную,"Совпадение с типом товара Ozon, а не промежуточной категорией. Автоматическое переименование небезопасно."
01a0c650-cefa-7157-93ee-ef1f4fc26860,Мебель для персонала > Лофт > Системы хранения > Стеллажи угловые внешние,Стеллажи угловые внешние,Системы хранения,Нет,Нет,Нет,Стеллаж,Мебель > Полки и стеллажи > Стеллаж,type,,95098,Нечёткое совпадение,81.6,Низкая,Проверить вручную,"Совпадение с типом товара Ozon, а не промежуточной категорией. Автоматическое переименование небезопасно."
01a0c652-08e1-769d-9a2b-1a1570587ce2,Мебель для персонала > Эстетика > Тумбы > Готовые комплекты опорных тумб,Готовые комплекты опорных тумб,Тумбы,Нет,Нет,Нет,Комплекты мебели,Мебель > Комплекты мебели,category,80770870,,Нечёткое совпадение,77.9,Низкая,Проверить вручную,Автоматическое переименование небезопасно.
01a0c65a-ac64-7911-9765-85471cd11ea5,Хобби и творчество > Товары для художников > Наборы для художников,Наборы для художников,Товары для художников,Нет,Нет,Нет,"Сумки, органайзеры для творчества","Хобби и творчество > Сумки, органайзеры для творчества",category,88577267,,Нечёткое совпадение,78.2,Низкая,Проверить вручную,Автоматическое переименование небезопасно.
01a0c678-5db6-78a0-80e2-7052592760d8,Мебель для персонала > Эстетика > Системы хранения > Шкафы высокие,Шкафы высокие,Системы хранения,Нет,Да,Нет,Шкафы,Мебель > Шкафы,category,17027919,,Нечёткое совпадение,82.6,Низкая,Проверить вручную,Название встречается в KIT несколько раз. Автоматическое переименование небезопасно.
01a0c67a-c505-7d33-ab66-fd9c8e5e4389,Мебель для персонала > Эстетика > Системы хранения > Шкафы средние,Шкафы средние,Системы хранения,Нет,Да,Нет,Шкафы,Мебель > Шкафы,category,17027919,,Нечёткое совпадение,82.6,Низкая,Проверить вручную,Название встречается в KIT несколько раз. Автоматическое переименование небезопасно.
01a0c67a-c507-7ab8-b33d-b82c58c10faf,Школа > Принадлежности для рисования > Декоративные и хобби краски > Краски по ткани поштучно,Краски по ткани поштучно,Декоративные и хобби краски,Нет,Нет,Нет,Кан,Спорт и отдых > Спортивные чехлы и сумки > Кан,type,,94391,Нечёткое совпадение,79.2,Низкая,Проверить вручную,"Совпадение с типом товара Ozon, а не промежуточной категорией. Автоматическое переименование небезопасно."
01a0c67b-1134-7324-977f-262e6363013d,Мебель для персонала > Эстетика > Системы хранения > Шкафы низкие,Шкафы низкие,Системы хранения,Нет,Да,Нет,Шкафы,Мебель > Шкафы,category,17027919,,Нечёткое совпадение,82.6,Низкая,Проверить вручную,Название встречается в KIT несколько раз. Автоматическое переименование небезопасно.
01a0c67e-be8d-7e41-94e3-9710b4d792ec,Мебель для переговорных зон > Метал Систем Куатро 5х5,Метал Систем Куатро 5х5,Мебель для переговорных зон,Нет,Да,Нет,Аксессуар для промывки систем отопления,Строительство и ремонт > Отопление > Аксессуар для промывки систем отопления,type,,970890450,Нечёткое совпадение,76.2,Низкая,Проверить вручную,"Название встречается в KIT несколько раз. Совпадение с типом товара Ozon, а не промежуточной категорией. Автоматическое переименование небезопасно."
01a0c67f-4e9e-7a6d-a34f-24a057f35b7a,Школа > Принадлежности для рисования > Декоративные и хобби краски > Поталь и клей для нее,Поталь и клей для нее,Декоративные и хобби краски,Нет,Нет,Нет,Таль,Строительство и ремонт > Грузоподъемное оборудование > Таль,type,,95895,Нечёткое совпадение,79.2,Низкая,Проверить вручную,"Совпадение с типом товара Ozon, а не промежуточной категорией. Автоматическое переименование небезопасно."
01a0c680-cafa-7863-8332-85fa647c2f25,Мебель для персонала > Метал Систем Куатро 5х5 > Готовые комплекты рабочих станций > Рабочие станции F2F на П-образных опорах с опорными тумбами/шкафами,Рабочие станции F2F на П-образных опорах с опорными тумбами/шкафами,Готовые комплекты рабочих станций,Нет,Да,Нет,Защитный мат на пружины,Спорт и отдых > Каркасные батуты и аксессуары > Защитный мат на пружины,type,,971092790,Нечёткое совпадение,75.2,Низкая,Проверить вручную,"Название встречается в KIT несколько раз. Совпадение с типом товара Ozon, а не промежуточной категорией. Автоматическое переименование небезопасно."
01a0c692-d3e2-72dc-bc5a-b870700fd304,Хобби и творчество > Товары для художников > Вспомогательные материалы и инструменты > Вспомогательные инструменты для художников,Вспомогательные инструменты для художников,Вспомогательные материалы и инструменты,Нет,Нет,Нет,Шпильки для волос,Галантерея и аксессуары > Аксессуары для волос > Шпильки для волос,type,,97580,Нечёткое совпадение,75.2,Низкая,Проверить вручную,"Совпадение с типом товара Ozon, а не промежуточной категорией. Автоматическое переименование небезопасно."
01a0c6a8-b19e-75b4-a3e0-77c3c529c33d,Мебель для персонала > Метал Систем Куатро 5х5 > Столы операторские > Столы на О-образных опорах,Столы на О-образных опорах,Столы операторские,Нет,Да,Нет,Столы,Мебель > Столы,category,17027918,,Нечёткое совпадение,81.6,Низкая,Проверить вручную,Название встречается в KIT несколько раз. Автоматическое переименование небезопасно.
01a0c6aa-39b9-7696-879b-3fcfd2db2558,Мебель для персонала > Метал Систем Куатро 5х5 > Столы операторские > Эргономичные столы на О-образных опорах,Эргономичные столы на О-образных опорах,Столы операторские,Нет,Да,Нет,Столы,Мебель > Столы,category,17027918,,Нечёткое совпадение,81.4,Низкая,Проверить вручную,Название встречается в KIT несколько раз. Автоматическое переименование небезопасно.
01a0c6aa-cd90-71b8-b968-ca870af59d2a,Мебель для персонала > Метал Систем Куатро 5х5 > Рабочие станции > Линейные рабочие станции на О-образных опорах,Линейные рабочие станции на О-образных опорах,Рабочие станции,Нет,Да,Нет,Спасательный набор на воде,Спорт и отдых > Лодки и лодочные моторы > Спасательный набор на воде,type,,970829678,Нечёткое совпадение,75.2,Низкая,Проверить вручную,"Название встречается в KIT несколько раз. Совпадение с типом товара Ozon, а не промежуточной категорией. Автоматическое переименование небезопасно."
01a0c6aa-f697-7894-b77a-7c56b4a28e71,Мебель для персонала > Метал Систем Куатро 5х5 > Столы операторские > Приставные элементы на О-образных опорах,Приставные элементы на О-образных опорах,Столы операторские,Нет,Да,Нет,Накладки на ладони,Спорт и отдых > Экипировка и защита > Накладки на ладони,type,,970680398,Нечёткое совпадение,75.2,Низкая,Проверить вручную,"Название встречается в KIT несколько раз. Совпадение с типом товара Ozon, а не промежуточной категорией. Автоматическое переименование небезопасно."
01a0c6ab-200e-78d5-81a0-c1fee912408b,Мебель для персонала > Метал Систем Куатро 5х5 > Столы переговорные > Столы переговорные на О-образных опорах,Столы переговорные на О-образных опорах,Столы переговорные,Нет,Да,Нет,Столы,Мебель > Столы,category,17027918,,Нечёткое совпадение,81.6,Низкая,Проверить вручную,Название встречается в KIT несколько раз. Автоматическое переименование небезопасно.
01a0c6ab-f9e2-7d4f-b226-98aa895867fb,Детям > Принадлежности для рисования > Краски и кисти для детского творчества > Кисти для рисования,Кисти для рисования,Краски и кисти для детского творчества,Нет,Нет,Нет,Кисть для рисования,Канцелярские товары > Письменные принадлежности > Кисть для рисования,type,,94057,Нечёткое совпадение,85.6,Низкая,Проверить вручную,"Совпадение с типом товара Ozon, а не промежуточной категорией. Автоматическое переименование небезопасно."
01a0c6b7-26d3-77ff-b38f-dd9e0dab530d,Детям > Принадлежности для рисования > Краски и кисти для детского творчества > Наборы школьных кистей из натурального волоса,Наборы школьных кистей из натурального волоса,Краски и кисти для детского творчества,Нет,Нет,Нет,Набор кистей для рисования,Канцелярские товары > Письменные принадлежности > Набор кистей для рисования,type,,94062,Нечёткое совпадение,77.5,Низкая,Проверить вручную,"Совпадение с типом товара Ozon, а не промежуточной категорией. Автоматическое переименование небезопасно."
01a0c6b7-f703-78ec-9026-2b57bb70c595,Детям > Принадлежности для рисования > Краски и кисти для детского творчества > Наборы школьных кистей из синтетического волоса,Наборы школьных кистей из синтетического волоса,Краски и кисти для детского творчества,Нет,Нет,Нет,Набор кистей для рисования,Канцелярские товары > Письменные принадлежности > Набор кистей для рисования,type,,94062,Нечёткое совпадение,77.5,Низкая,Проверить вручную,"Совпадение с типом товара Ozon, а не промежуточной категорией. Автоматическое переименование небезопасно."
01a0c6bc-42f9-7db6-9bf4-97825e96da6b,Хобби и творчество > Товары для художников > Кисти художественные,Кисти художественные,Товары для художников,Нет,Нет,Нет,Мастихин художественный,Канцелярские товары > Канцелярия > Мастихин художественный,type,,97417,Нечёткое совпадение,70.8,Низкая,Проверить вручную,"Совпадение с типом товара Ozon, а не промежуточной категорией. Автоматическое переименование небезопасно."
01a0c6bc-47d9-73f1-9fd0-0e19529ccf61,Хобби и творчество > Товары для художников > Кисти художественные > Кисти художественные из синтетического волоса,Кисти художественные из синтетического волоса,Кисти художественные,Нет,Нет,Нет,Картина из пайеток,"Хобби и творчество > Набор для рукоделия, творчества > Картина из пайеток",type,,98428,Нечёткое совпадение,77.1,Низкая,Проверить вручную,"Совпадение с типом товара Ozon, а не промежуточной категорией. Автоматическое переименование небезопасно."
01a0c6be-15fc-7f1c-b5e9-4c62e87503d5,Мебель для персонала > Метал Систем Куатро 5х5 > Рабочие станции > Прямые рабочие станции F2F на О-образных опорах,Прямые рабочие станции F2F на О-образных опорах,Рабочие станции,Нет,Да,Нет,Фехтовальный протектор на маску,Спорт и отдых > Фехтование > Фехтовальный протектор на маску,type,,970667772,Нечёткое совпадение,75.2,Низкая,Проверить вручную,"Название встречается в KIT несколько раз. Совпадение с типом товара Ozon, а не промежуточной категорией. Автоматическое переименование небезопасно."
01a0c6c0-d53e-7f17-813a-802878345931,Мебель для персонала > Метал Систем Куатро 5х5 > Рабочие станции > Эргономичные рабочие станции F2F на О-образных опорах,Эргономичные рабочие станции F2F на О-образных опорах,Рабочие станции,Нет,Да,Нет,Подушка на руль самоката,Спорт и отдых > Скейтборды и самокаты > Подушка на руль самоката,type,,971446324,Нечёткое совпадение,75.2,Низкая,Проверить вручную,"Название встречается в KIT несколько раз. Совпадение с типом товара Ozon, а не промежуточной категорией. Автоматическое переименование небезопасно."
01a0c6d0-8de7-7ddb-aa87-f0a0701143ad,Хобби и творчество > Товары для художников > Кисти художественные > Кисти художественные из натурального волоса,Кисти художественные из натурального волоса,Кисти художественные,Нет,Нет,Нет,Картина из пайеток,"Хобби и творчество > Набор для рукоделия, творчества > Картина из пайеток",type,,98428,Нечёткое совпадение,77.1,Низкая,Проверить вручную,"Совпадение с типом товара Ozon, а не промежуточной категорией. Автоматическое переименование небезопасно."
01a0c6f5-4c67-74a9-96fe-2914e68809e6,Хобби и творчество > Товары для художников > Кисти художественные > Кисти художественные в наборах,Кисти художественные в наборах,Кисти художественные,Нет,Нет,Нет,Тренажер для кисти,Спорт и отдых > Тренажеры > Тренажер для кисти,type,,94255,Нечёткое совпадение,76.3,Низкая,Проверить вручную,"Совпадение с типом товара Ozon, а не промежуточной категорией. Автоматическое переименование небезопасно."
01a0c733-0124-737f-a39c-0cf65cc0d963,Школа > Принадлежности для черчения > Чертежные принадлежности для доски,Чертежные принадлежности для доски,Принадлежности для черчения,Нет,Нет,Нет,Чертежные принадлежности,Канцелярские товары > Чертежные принадлежности,category,200001635,,Нечёткое совпадение,87.0,Низкая,Проверить вручную,Автоматическое переименование небезопасно.
01a0c733-4f46-7bb1-984c-e8305f6986df,Детям > Принадлежности для черчения > Треугольники,Треугольники,Принадлежности для черчения,Нет,Нет,Нет,Угольник,Канцелярские товары > Чертежные принадлежности > Угольник,type,,93323,Нечёткое совпадение,80.7,Низкая,Проверить вручную,"Совпадение с типом товара Ozon, а не промежуточной категорией. Автоматическое переименование небезопасно."
01a0c734-7190-7395-8371-3f5bb290cdf9,Детям > Принадлежности для черчения > Циркули и готовальни,Циркули и готовальни,Принадлежности для черчения,Нет,Нет,Нет,Аксессуары и принадлежности для рыбалки,Спорт и отдых > Аксессуары и принадлежности для рыбалки,category,17028702,,Нечёткое совпадение,76.6,Низкая,Проверить вручную,Автоматическое переименование небезопасно.
01a0c735-5f04-7b5c-bf62-81b89c5c8557,Офис > Письменные и чертежные принадлежности > Принадлежности для черчения,Принадлежности для черчения,Письменные и чертежные принадлежности,Нет,Да,Нет,Сушилка для обуви,Галантерея и аксессуары > Аксессуары для одежды и обуви > Сушилка для обуви,type,,94619,Нечёткое совпадение,75.2,Низкая,Проверить вручную,"Название встречается в KIT несколько раз. Совпадение с типом товара Ozon, а не промежуточной категорией. Автоматическое переименование небезопасно."
01a0c735-63e5-7f21-8e88-8d0358c168d3,Офис > Письменные и чертежные принадлежности > Принадлежности для черчения > Доски для черчения и рейсшины,Доски для черчения и рейсшины,Принадлежности для черчения,Нет,Нет,Нет,Шины,Автотовары > Шины,category,17027949,,Нечёткое совпадение,79.2,Низкая,Проверить вручную,Автоматическое переименование небезопасно.
01a0c736-f3f6-7ead-a676-2d68563f661a,Детям > Принадлежности для черчения > Транспортиры,Транспортиры,Принадлежности для черчения,Нет,Нет,Нет,Транспортир,Канцелярские товары > Чертежные принадлежности > Транспортир,type,,93321,Нечёткое совпадение,85.7,Низкая,Проверить вручную,"Совпадение с типом товара Ozon, а не промежуточной категорией. Автоматическое переименование небезопасно."
01a0c737-8675-7ca4-9249-92578900a324,Детям > Принадлежности для черчения > Наборы чертежные,Наборы чертежные,Принадлежности для черчения,Нет,Нет,Нет,Чертежные принадлежности,Канцелярские товары > Чертежные принадлежности,category,200001635,,Нечёткое совпадение,78.7,Низкая,Проверить вручную,Автоматическое переименование небезопасно.
01a0c74a-fe00-75a8-9972-5c86f3c11495,Детям > Принадлежности для черчения > Трафареты и лекала,Трафареты и лекала,Принадлежности для черчения,Нет,Нет,Нет,Аксессуары и принадлежности для рыбалки,Спорт и отдых > Аксессуары и принадлежности для рыбалки,category,17028702,,Нечёткое совпадение,76.6,Низкая,Проверить вручную,Автоматическое переименование небезопасно.
01a0c757-f3da-7757-8379-ae9806f2e996,Художникам > Вспомогательные материалы и инструменты,Вспомогательные материалы и инструменты,Художникам,Нет,Да,Нет,Инструменты для творчества,Хобби и творчество > Инструменты для творчества,category,200001425,,Нечёткое совпадение,77.0,Низкая,Проверить вручную,Название встречается в KIT несколько раз. Автоматическое переименование небезопасно.
01a0c757-f8bd-7cc5-b69e-c2e8bffd8b3d,Художникам > Вспомогательные материалы и инструменты > Перья плакатные,Перья плакатные,Вспомогательные материалы и инструменты,Нет,Нет,Нет,Плакат,Дом и сад > Декор и интерьер > Плакат,type,,91976,Нечёткое совпадение,79.2,Низкая,Проверить вручную,"Совпадение с типом товара Ozon, а не промежуточной категорией. Автоматическое переименование небезопасно."
01a0c771-6354-76a1-8bec-4b10bc62a0ff,Кабинеты руководителей > Кросс,Кросс,Кабинеты руководителей,Нет,Нет,Нет,Кольца для кросс-тренинга,Спорт и отдых > Фитнес и йога > Кольца для кросс-тренинга,type,,970727018,Нечёткое совпадение,80.5,Низкая,Проверить вручную,"Совпадение с типом товара Ozon, а не промежуточной категорией. Автоматическое переименование небезопасно."
01a0c771-692c-75fe-8fb8-ed069930c1ab,Кабинеты руководителей > Кросс > Столы руководителей,Столы руководителей,Кросс,Нет,Нет,Нет,Столы,Мебель > Столы,category,17027918,,Нечёткое совпадение,81.6,Низкая,Проверить вручную,Автоматическое переименование небезопасно.
01a0c771-a3ca-7613-8ea0-28b00a7bbe64,Кабинеты руководителей > Кросс > Царги,Царги,Кросс,Нет,Да,Нет,Ламинатор бумаги,Электроника > Полиграфическое оборудование > Ламинатор бумаги,type,,91558,Нечёткое совпадение,59.4,Низкая,Проверить вручную,"Название встречается в KIT несколько раз. Совпадение с типом товара Ozon, а не промежуточной категорией. Автоматическое переименование небезопасно."
01a0c771-de63-73e0-ae5f-8c060701efa9,Кабинеты руководителей > Кросс > Брифинг-приставки,Брифинг-приставки,Кросс,Нет,Да,Нет,Рис,"Продукты питания > Макароны, крупы, мука > Рис",type,,99237,Нечёткое совпадение,79.2,Низкая,Проверить вручную,"Название встречается в KIT несколько раз. Совпадение с типом товара Ozon, а не промежуточной категорией. Автоматическое переименование небезопасно."
01a0c772-1981-7e80-80a3-5af17b32572e,Кабинеты руководителей > Кросс > Столы переговорные,Столы переговорные,Кросс,Нет,Да,Нет,Столы,Мебель > Столы,category,17027918,,Нечёткое совпадение,81.2,Низкая,Проверить вручную,Название встречается в KIT несколько раз. Автоматическое переименование небезопасно.
01a0c772-30f2-7d87-9072-346f1e195ffa,Кабинеты руководителей > Кросс > Тумбы,Тумбы,Кросс,Нет,Да,Нет,Комоды и тумбы,Мебель > Комоды и тумбы,category,80711064,,Нечёткое совпадение,81.2,Низкая,Проверить вручную,Название встречается в KIT несколько раз. Автоматическое переименование небезопасно.
01a0c772-7dc9-7a24-a81f-06f6e3655c52,Кабинеты руководителей > Кросс > Системы хранения,Системы хранения,Кросс,Нет,Да,Нет,Аксессуар для хранения коллекций,Антиквариат и коллекционирование > Коллекционирование > Аксессуар для хранения коллекций,type,,93830,Нечёткое совпадение,76.6,Низкая,Проверить вручную,"Название встречается в KIT несколько раз. Совпадение с типом товара Ozon, а не промежуточной категорией. Автоматическое переименование небезопасно."
01a0c772-83a5-723a-abf2-b1156fd2afe6,Кабинеты руководителей > Кросс > Системы хранения > Гардеробы,Гардеробы,Системы хранения,Нет,Да,Нет,Гардеробная система,Мебель > Шкафы > Гардеробная система,type,,95472,Нечёткое совпадение,74.5,Низкая,Проверить вручную,"Название встречается в KIT несколько раз. Совпадение с типом товара Ozon, а не промежуточной категорией. Автоматическое переименование небезопасно."
01a0c772-d015-78fb-9891-313f25d0fc22,Кабинеты руководителей > Кросс > Системы хранения > Шкафы высокие,Шкафы высокие,Системы хранения,Нет,Да,Нет,Шкафы,Мебель > Шкафы,category,17027919,,Нечёткое совпадение,80.7,Низкая,Проверить вручную,Название встречается в KIT несколько раз. Автоматическое переименование небезопасно.
01a0c773-0b01-799d-be2f-c6eafc6331a0,Кабинеты руководителей > Кросс > Системы хранения > Шкафы средние,Шкафы средние,Системы хранения,Нет,Да,Нет,Шкафы,Мебель > Шкафы,category,17027919,,Нечёткое совпадение,80.7,Низкая,Проверить вручную,Название встречается в KIT несколько раз. Автоматическое переименование небезопасно.
01a0c773-592e-7945-80e8-6f7cd8aaf619,Кабинеты руководителей > Кросс > Системы хранения > Шкафы низкие,Шкафы низкие,Системы хранения,Нет,Да,Нет,Шкафы,Мебель > Шкафы,category,17027919,,Нечёткое совпадение,80.7,Низкая,Проверить вручную,Название встречается в KIT несколько раз. Автоматическое переименование небезопасно.
01a0c774-7a8e-7ef4-92aa-ef33882bc6ba,Системы хранения,Системы хранения,,Нет,Да,Нет,Аксессуар для хранения коллекций,Антиквариат и коллекционирование > Коллекционирование > Аксессуар для хранения коллекций,type,,93830,Нечёткое совпадение,77.2,Низкая,Проверить вручную,"Название встречается в KIT несколько раз. Совпадение с типом товара Ozon, а не промежуточной категорией. Автоматическое переименование небезопасно."
01a0c774-806f-77bd-900c-fd9789210d7e,Системы хранения > Марис,Марис,Системы хранения,Нет,Нет,Нет,Рис,"Продукты питания > Макароны, крупы, мука > Рис",type,,99237,Нечёткое совпадение,79.2,Низкая,Проверить вручную,"Совпадение с типом товара Ozon, а не промежуточной категорией. Автоматическое переименование небезопасно."
01a0c774-864a-7aab-88b6-52f1f3f8dfaa,Системы хранения > Марис > 2-дверные низкие шкафы,2-дверные низкие шкафы,Марис,Нет,Нет,Нет,Шкафы,Мебель > Шкафы,category,17027919,,Нечёткое совпадение,80.9,Низкая,Проверить вручную,Автоматическое переименование небезопасно.
01a0c789-b997-788f-b159-52f6f33016d1,Системы хранения > Марис > 2-дверные высокие шкафы,2-дверные высокие шкафы,Марис,Нет,Нет,Нет,Шкафы,Мебель > Шкафы,category,17027919,,Нечёткое совпадение,80.9,Низкая,Проверить вручную,Автоматическое переименование небезопасно.
01a0c7b1-c458-7579-b950-fadb2a508970,Офис > Канцелярские мелочи,Канцелярские мелочи,Офис,Нет,Нет,Нет,Канцелярские мелочи,Канцелярские товары > Канцелярские мелочи,category,200001634,,Точное совпадение,100.0,Высокая,Оставить,
01a0c7b1-c939-7572-a347-dd1d7c18656d,Офис > Канцелярские мелочи > Кнопки канцелярские,Кнопки канцелярские,Канцелярские мелочи,Нет,Нет,Нет,Кнопки канцелярские,Канцелярские товары > Канцелярские мелочи > Кнопки канцелярские,type,,93294,Точное совпадение,100.0,Высокая,Оставить,"Совпадение с типом товара Ozon, а не промежуточной категорией."
01a0c7b2-7e2e-73be-94b0-b91c6984739b,Офис > Канцелярские мелочи > Скрепки канцелярские,Скрепки канцелярские,Канцелярские мелочи,Нет,Нет,Нет,Скрепки,Канцелярские товары > Канцелярские мелочи > Скрепки,type,,93316,Нечёткое совпадение,86.4,Низкая,Проверить вручную,"Совпадение с типом товара Ozon, а не промежуточной категорией. Автоматическое переименование небезопасно."
01a0c7b3-b4b9-7673-aa04-deeef5493563,Офис > Корректирующие средства,Корректирующие средства,Офис,Нет,Нет,Нет,Материалы и средства стоматологические,Аптека > Материалы и средства стоматологические,category,200001533,,Нечёткое совпадение,77.2,Низкая,Проверить вручную,Автоматическое переименование небезопасно.
01a0c7b3-b9a2-759b-bc9c-0c52603da5e4,Офис > Корректирующие средства > Корректирующие жидкости,Корректирующие жидкости,Корректирующие средства,Нет,Нет,Нет,Установка для замены технической жидкости,Автотовары > Товары для гаражей и автосервисов > Установка для замены технической жидкости,type,,970743077,Нечёткое совпадение,76.3,Низкая,Проверить вручную,"Совпадение с типом товара Ozon, а не промежуточной категорией. Автоматическое переименование небезопасно."
01a0c7b4-67e9-73b0-9f0e-fc0440fa105b,Дом и сад > Хозинвентарь и принадлежности,Хозинвентарь и принадлежности,Дом и сад,Нет,Нет,Нет,Экипировка и защита,Спорт и отдых > Экипировка и защита,category,17028711,,Нечёткое совпадение,75.2,Низкая,Проверить вручную,Автоматическое переименование небезопасно.
01a0c7b4-6cd4-7bee-865a-2bd5f117869c,Дом и сад > Хозинвентарь и принадлежности > Упаковочные клейкие ленты,Упаковочные клейкие ленты,Хозинвентарь и принадлежности,Нет,Нет,Нет,"Инструмент для натяжения, резки стальной ленты","Строительство и ремонт > Инструменты для ремонта и строительства > Инструмент для натяжения, резки стальной ленты",type,,971045923,Нечёткое совпадение,76.0,Низкая,Проверить вручную,"Совпадение с типом товара Ozon, а не промежуточной категорией. Автоматическое переименование небезопасно."
01a0c7b5-6190-7b7f-88a7-6ba2d081e018,Офис > Клеящие средства,Клеящие средства,Офис,Нет,Нет,Нет,Материалы и средства стоматологические,Аптека > Материалы и средства стоматологические,category,200001533,,Нечёткое совпадение,77.2,Низкая,Проверить вручную,Автоматическое переименование небезопасно.
01a0c7b5-666d-7b49-b296-4f9164f7a3bd,Офис > Клеящие средства > Клей-карандаш,Клей-карандаш,Клеящие средства,Нет,Нет,Нет,Карандаш,Канцелярские товары > Письменные принадлежности > Карандаш,type,,94054,Нечёткое совпадение,80.5,Низкая,Проверить вручную,"Совпадение с типом товара Ozon, а не промежуточной категорией. Автоматическое переименование небезопасно."
01a0c7b7-7fc7-7f09-b39c-32e53e4ffe14,Офис > Папки и системы архивации > Скоросшиватели пластиковые,Скоросшиватели пластиковые,Папки и системы архивации,Нет,Нет,Нет,Стик,Красота и гигиена > Косметика для ухода > Стик,type,,93912,Нечёткое совпадение,79.2,Низкая,Проверить вручную,"Совпадение с типом товара Ozon, а не промежуточной категорией. Автоматическое переименование небезопасно."
01a0c7b7-84a3-73c2-b38a-aba0e901a297,Офис > Папки и системы архивации > Скоросшиватели пластиковые > Папки-скоросшиватели мягкие,Папки-скоросшиватели мягкие,Скоросшиватели пластиковые,Нет,Нет,Нет,Папки и файлы,Канцелярские товары > Папки и файлы,category,17029023,,Нечёткое совпадение,76.4,Низкая,Проверить вручную,Автоматическое переименование небезопасно.
01a0c7ba-3b65-7a8b-b854-ed719de0e28a,Офис > Письменные и чертежные принадлежности > Ластики,Ластики,Письменные и чертежные принадлежности,Нет,Нет,Нет,Ластик,Канцелярские товары > Канцелярия > Ластик,type,,93296,Нечёткое совпадение,81.2,Низкая,Проверить вручную,"Совпадение с типом товара Ozon, а не промежуточной категорией. Автоматическое переименование небезопасно."
01a0c7ba-4047-7a7f-adf2-aaafefc049e7,Офис > Письменные и чертежные принадлежности > Ластики > Ластики классические,Ластики классические,Ластики,Нет,Нет,Нет,Стик,Красота и гигиена > Косметика для ухода > Стик,type,,93912,Нечёткое совпадение,79.2,Низкая,Проверить вручную,"Совпадение с типом товара Ozon, а не промежуточной категорией. Автоматическое переименование небезопасно."
01a0c7bb-6b3a-7071-a16f-5f3c658b6e0c,Офис > Конторское оборудование,Конторское оборудование,Офис,Нет,Нет,Нет,Офтальмодиагностическое оборудование,Аптека > Медицинское оборудование > Офтальмодиагностическое оборудование,type,,630450955,Нечёткое совпадение,77.2,Низкая,Проверить вручную,"Совпадение с типом товара Ozon, а не промежуточной категорией. Автоматическое переименование небезопасно."
01a0c7bb-7022-7ca4-bddc-a3a4b60accf2,"Офис > Конторское оборудование > Степлеры, скобы, антистеплеры","Степлеры, скобы, антистеплеры",Конторское оборудование,Нет,Нет,Нет,Антистеплер,Канцелярские товары > Канцелярия > Антистеплер,type,,97585,Нечёткое совпадение,79.2,Низкая,Проверить вручную,"Совпадение с типом товара Ozon, а не промежуточной категорией. Автоматическое переименование небезопасно."
01a0c7bb-7501-7a29-8752-5e4cd372c5b8,"Офис > Конторское оборудование > Степлеры, скобы, антистеплеры > Скобы для степлеров",Скобы для степлеров,"Степлеры, скобы, антистеплеры",Нет,Нет,Нет,Скобы для степлера,Канцелярские товары > Канцелярские мелочи > Скобы для степлера,type,,93315,Нечёткое совпадение,82.0,Низкая,Проверить вручную,"Совпадение с типом товара Ozon, а не промежуточной категорией. Автоматическое переименование небезопасно."
01a0c7bd-8b17-716c-8697-1d778c8b2e64,Офис > Клеящие средства > Клей канцелярский,Клей канцелярский,Клеящие средства,Нет,Нет,Нет,Клей канцелярский,"Канцелярские товары > Краска, клей > Клей канцелярский",type,,94073,Точное совпадение,100.0,Высокая,Оставить,"Совпадение с типом товара Ozon, а не промежуточной категорией."
01a0c7c0-886e-7c97-820f-c9311014ed3c,Офис > Канцелярские мелочи > Зажимы для бумаг,Зажимы для бумаг,Канцелярские мелочи,Нет,Нет,Нет,Зажим для бумаги,Канцелярские товары > Канцелярские мелочи > Зажим для бумаги,type,,93290,Нечёткое совпадение,85.5,Низкая,Проверить вручную,"Совпадение с типом товара Ozon, а не промежуточной категорией. Автоматическое переименование небезопасно."
01a0c7c3-5a09-7491-aa07-7650071c2256,Офис > Канцелярские мелочи > Булавки,Булавки,Канцелярские мелочи,Нет,Нет,Нет,Булавки канцелярские,Канцелярские товары > Канцелярские мелочи > Булавки канцелярские,type,,970808621,Нечёткое совпадение,86.4,Низкая,Проверить вручную,"Совпадение с типом товара Ozon, а не промежуточной категорией. Автоматическое переименование небезопасно."
01a0c7c4-84a1-7b2d-88a9-62ca82debb06,Офис > Корректирующие средства > Корректирующие ручки,Корректирующие ручки,Корректирующие средства,Нет,Нет,Нет,Ручка,Канцелярские товары > Письменные принадлежности > Ручка,type,,94066,Нечёткое совпадение,63.4,Низкая,Проверить вручную,"Совпадение с типом товара Ozon, а не промежуточной категорией. Автоматическое переименование небезопасно."
01a0c7c5-62ee-7a36-9968-4776c7526cd6,Офис > Корректирующие средства > Корректирующие ленты,Корректирующие ленты,Корректирующие средства,Нет,Нет,Нет,Профиль для светодиодной ленты,Строительство и ремонт > Крепеж и фурнитура > Профиль для светодиодной ленты,type,,405801077,Нечёткое совпадение,76.4,Низкая,Проверить вручную,"Совпадение с типом товара Ozon, а не промежуточной категорией. Автоматическое переименование небезопасно."
01a0c7c7-66a4-7523-a75e-6c37b4069fcb,Офис > Штемпельные принадлежности,Штемпельные принадлежности,Офис,Нет,Нет,Нет,Аксессуары и принадлежности для рыбалки,Спорт и отдых > Аксессуары и принадлежности для рыбалки,category,17028702,,Нечёткое совпадение,77.0,Низкая,Проверить вручную,Автоматическое переименование небезопасно.
01a0c7c7-6b50-7160-a20a-aa347e56cf53,"Офис > Штемпельные принадлежности > Штемпельные подушки, краска и аксессуары","Штемпельные подушки, краска и аксессуары",Штемпельные принадлежности,Нет,Нет,Нет,Аксессуары,Одежда > Аксессуары,category,41777465,,Нечёткое совпадение,80.9,Низкая,Проверить вручную,Автоматическое переименование небезопасно.
01a0c7c7-702f-738c-9750-22c1134efd43,"Офис > Штемпельные принадлежности > Штемпельные подушки, краска и аксессуары > Подушки штемпельные настольные",Подушки штемпельные настольные,"Штемпельные подушки, краска и аксессуары",Нет,Нет,Нет,Настольные часы,Дом и сад > Часы > Настольные часы,type,,91760,Нечёткое совпадение,76.4,Низкая,Проверить вручную,"Совпадение с типом товара Ozon, а не промежуточной категорией. Автоматическое переименование небезопасно."
01a0c7c8-2965-7c70-85dc-6fa2394f72de,"Офис > Штемпельные принадлежности > Штемпельные подушки, краска и аксессуары > Штемпельная краска",Штемпельная краска,"Штемпельные подушки, краска и аксессуары",Нет,Нет,Нет,Краска штемпельная,"Канцелярские товары > Краска, клей > Краска штемпельная",type,,94087,Нечёткое совпадение,86.0,Низкая,Проверить вручную,"Совпадение с типом товара Ozon, а не промежуточной категорией. Автоматическое переименование небезопасно."
01a0c7c8-e4cc-7c61-91b0-cfbf39abcb4b,Офис > Конторское оборудование > Дыроколы,Дыроколы,Конторское оборудование,Нет,Нет,Нет,Дырокол,Канцелярские товары > Канцелярия > Дырокол,type,,93289,Нечёткое совпадение,82.1,Низкая,Проверить вручную,"Совпадение с типом товара Ozon, а не промежуточной категорией. Автоматическое переименование небезопасно."
01a0c7c8-e9ae-7b5b-bdab-41431d19d5f3,Офис > Конторское оборудование > Дыроколы > Дыроколы мощные,Дыроколы мощные,Дыроколы,Нет,Нет,Нет,Дырокол,Канцелярские товары > Канцелярия > Дырокол,type,,93289,Нечёткое совпадение,79.2,Низкая,Проверить вручную,"Совпадение с типом товара Ozon, а не промежуточной категорией. Автоматическое переименование небезопасно."
01a0c7ca-fd97-74e4-aae1-4507701679e1,Мебель для персонала > Метал Систем Куатро 4х4 > Рабочие станции > Эргономичные рабочие станции F2F на О-образных опорах,Эргономичные рабочие станции F2F на О-образных опорах,Рабочие станции,Нет,Да,Нет,Подушка на руль самоката,Спорт и отдых > Скейтборды и самокаты > Подушка на руль самоката,type,,971446324,Нечёткое совпадение,75.2,Низкая,Проверить вручную,"Название встречается в KIT несколько раз. Совпадение с типом товара Ozon, а не промежуточной категорией. Автоматическое переименование небезопасно."
01a0c7cb-c54c-7b47-a1fc-f18c80de2152,Мебель для персонала > Метал Систем Куатро 4х4 > Готовые комплекты рабочих станций > Рабочие станции F2F на О-образных опорах с опорными тумбами/шкафами,Рабочие станции F2F на О-образных опорах с опорными тумбами/шкафами,Готовые комплекты рабочих станций,Нет,Да,Нет,Защитный мат на пружины,Спорт и отдых > Каркасные батуты и аксессуары > Защитный мат на пружины,type,,971092790,Нечёткое совпадение,75.2,Низкая,Проверить вручную,"Название встречается в KIT несколько раз. Совпадение с типом товара Ozon, а не промежуточной категорией. Автоматическое переименование небезопасно."
01a0c7cd-9c94-7d11-9351-64a713f70e61,Офис > Папки и системы архивации > Папки-регистраторы с арочным механизмом,Папки-регистраторы с арочным механизмом,Папки и системы архивации,Нет,Нет,Нет,Папки для журналов,Антиквариат и коллекционирование > Коллекционирование > Папки для журналов,type,,95872,Нечёткое совпадение,76.4,Низкая,Проверить вручную,"Совпадение с типом товара Ozon, а не промежуточной категорией. Автоматическое переименование небезопасно."
01a0c7d1-5545-743f-bd36-5e8cb5e28a0b,Школа > Принадлежности для рисования > Вспомогательные материалы и инструменты,Вспомогательные материалы и инструменты,Принадлежности для рисования,Нет,Да,Нет,Инструменты для творчества,Хобби и творчество > Инструменты для творчества,category,200001425,,Нечёткое совпадение,76.6,Низкая,Проверить вручную,Название встречается в KIT несколько раз. Автоматическое переименование небезопасно.
01a0c7d1-5a28-7584-8373-9aed3f8bac99,Школа > Принадлежности для рисования > Вспомогательные материалы и инструменты > Точилки ручные,Точилки ручные,Вспомогательные материалы и инструменты,Нет,Нет,Нет,Елки,Дом и сад > Елки,category,17027935,,Нечёткое совпадение,64.5,Низкая,Проверить вручную,Автоматическое переименование небезопасно.
01a0c7d1-e51e-780d-8c57-55e70c51579e,"Офис > Конторское оборудование > Степлеры, скобы, антистеплеры > Степлеры мощные",Степлеры мощные,"Степлеры, скобы, антистеплеры",Нет,Нет,Нет,Степлер,Канцелярские товары > Канцелярия > Степлер,type,,93317,Нечёткое совпадение,79.2,Низкая,Проверить вручную,"Совпадение с типом товара Ozon, а не промежуточной категорией. Автоматическое переименование небезопасно."
01a0c7d2-d80f-7c90-90b2-8719fdc6b143,"Офис > Конторское оборудование > Степлеры, скобы, антистеплеры > Степлеры-брошюровщики",Степлеры-брошюровщики,"Степлеры, скобы, антистеплеры",Нет,Нет,Нет,Степлер,Канцелярские товары > Канцелярия > Степлер,type,,93317,Нечёткое совпадение,79.2,Низкая,Проверить вручную,"Совпадение с типом товара Ozon, а не промежуточной категорией. Автоматическое переименование небезопасно."
01a0c7d3-b091-74d2-967c-9721b63688bc,Офис > Конторское оборудование > Дыроколы > Дыроколы настольные,Дыроколы настольные,Дыроколы,Нет,Нет,Нет,Дырокол,Канцелярские товары > Канцелярия > Дырокол,type,,93289,Нечёткое совпадение,79.2,Низкая,Проверить вручную,"Совпадение с типом товара Ozon, а не промежуточной категорией. Автоматическое переименование небезопасно."
01a0c7da-ed83-7edc-97d9-f785ab56305b,Офис > Папки и системы архивации > Папки-конверты пластиковые,Папки-конверты пластиковые,Папки и системы архивации,Нет,Нет,Нет,Конверт,Канцелярские товары > Конверты и коробки почтовые > Конверт,type,,97379,Нечёткое совпадение,80.3,Низкая,Проверить вручную,"Совпадение с типом товара Ozon, а не промежуточной категорией. Автоматическое переименование небезопасно."
01a0c7da-f267-757f-926c-fe7d29621d70,Офис > Папки и системы архивации > Папки-конверты пластиковые > Папки-конверты на молнии,Папки-конверты на молнии,Папки-конверты пластиковые,Нет,Нет,Нет,Конверт,Канцелярские товары > Конверты и коробки почтовые > Конверт,type,,97379,Нечёткое совпадение,80.2,Низкая,Проверить вручную,"Совпадение с типом товара Ozon, а не промежуточной категорией. Автоматическое переименование небезопасно."
01a0c7dc-f2e3-7594-8c1b-7bcb7f2e55e4,Офис > Канцелярские мелочи > Губка и гель для пальцев,Губка и гель для пальцев,Канцелярские мелочи,Нет,Нет,Нет,Губка,Дом и сад > Инвентарь для уборки > Губка,type,,96009,Нечёткое совпадение,80.4,Низкая,Проверить вручную,"Совпадение с типом товара Ozon, а не промежуточной категорией. Автоматическое переименование небезопасно."
01a0c7e3-de09-7afc-b410-1c585f1cdaac,Офис > Конторское оборудование > Дыроколы > Дыроколы на 4 отверстия,Дыроколы на 4 отверстия,Дыроколы,Нет,Нет,Нет,Дырокол,Канцелярские товары > Канцелярия > Дырокол,type,,93289,Нечёткое совпадение,79.2,Низкая,Проверить вручную,"Совпадение с типом товара Ozon, а не промежуточной категорией. Автоматическое переименование небезопасно."
01a0c7e6-bbb5-7543-85ce-3b43307a55cd,Детям > Доски для письма > Мел белый и цветной,Мел белый и цветной,Доски для письма,Нет,Нет,Нет,Маски и очки,Спорт и отдых > Маски и очки,category,17029009,,Нечёткое совпадение,75.2,Низкая,Проверить вручную,Автоматическое переименование небезопасно.
01a0c7e7-fb3e-7674-9be6-96b0cd50fd4a,Офис > Деловые аксессуары > Папки и портфели из пластика и ткани,Папки и портфели из пластика и ткани,Деловые аксессуары,Нет,Нет,Нет,Ластик,Канцелярские товары > Канцелярия > Ластик,type,,93296,Нечёткое совпадение,79.2,Низкая,Проверить вручную,"Совпадение с типом товара Ozon, а не промежуточной категорией. Автоматическое переименование небезопасно."
01a0c7e7-fd5e-7ec5-a549-ce64fbdbe7c6,Офис > Деловые аксессуары > Папки и портфели из пластика и ткани > Портфели пластиковые,Портфели пластиковые,Папки и портфели из пластика и ткани,Нет,Нет,Нет,Стик,Красота и гигиена > Косметика для ухода > Стик,type,,93912,Нечёткое совпадение,79.2,Низкая,Проверить вручную,"Совпадение с типом товара Ozon, а не промежуточной категорией. Автоматическое переименование небезопасно."
01a0c7ea-480f-7e0c-b63d-9e6b8f8e9feb,Дом и сад > Строительство > Хозяйственные клеи,Хозяйственные клеи,Строительство,Нет,Нет,Нет,Клей хозяйственный,Строительство и ремонт > Клей бытовой и строительный > Клей хозяйственный,type,,970831345,Нечёткое совпадение,75.5,Низкая,Проверить вручную,"Совпадение с типом товара Ozon, а не промежуточной категорией. Автоматическое переименование небезопасно."
01a0c7ea-4cf1-7971-a627-a18d879902d4,Дом и сад > Строительство > Хозяйственные клеи > Клей ПВА,Клей ПВА,Хозяйственные клеи,Нет,Нет,Нет,Клей строительный,Строительство и ремонт > Клей бытовой и строительный > Клей строительный,type,,970849521,Нечёткое совпадение,77.6,Низкая,Проверить вручную,"Совпадение с типом товара Ozon, а не промежуточной категорией. Автоматическое переименование небезопасно."
01a0c7eb-0393-7f38-bc3f-433a1a6c771e,Офис > Упаковка > Клейкие ленты и диспенсеры к ним,Клейкие ленты и диспенсеры к ним,Упаковка,Нет,Нет,Нет,Лыжи и сноуборды,Спорт и отдых > Лыжи и сноуборды,category,17029004,,Нечёткое совпадение,75.2,Низкая,Проверить вручную,Автоматическое переименование небезопасно.
01a0c7eb-0841-7e88-a102-90d40174b19e,Офис > Упаковка > Клейкие ленты и диспенсеры к ним > Клейкие ленты специальные,Клейкие ленты специальные,Клейкие ленты и диспенсеры к ним,Нет,Нет,Нет,"Инструмент для натяжения, резки стальной ленты","Строительство и ремонт > Инструменты для ремонта и строительства > Инструмент для натяжения, резки стальной ленты",type,,971045923,Нечёткое совпадение,76.0,Низкая,Проверить вручную,"Совпадение с типом товара Ozon, а не промежуточной категорией. Автоматическое переименование небезопасно."
01a0c7ec-2e07-7970-9548-de308e2a2fbe,"Хобби и творчество > Товары для лепки > Доски, стеки и формочки для лепки","Доски, стеки и формочки для лепки",Товары для лепки,Нет,Нет,Нет,Сеточка для волос,Галантерея и аксессуары > Аксессуары для волос > Сеточка для волос,type,,970982035,Нечёткое совпадение,75.2,Низкая,Проверить вручную,"Совпадение с типом товара Ozon, а не промежуточной категорией. Автоматическое переименование небезопасно."
01a0c7ed-5c1a-778f-98a8-452fc6af2a5d,Офис > Папки и системы архивации > Папки на кольцах,Папки на кольцах,Папки и системы архивации,Нет,Нет,Нет,Накладка на элементы салона,Автотовары > Автоаксессуары > Накладка на элементы салона,type,,970701553,Нечёткое совпадение,75.2,Низкая,Проверить вручную,"Совпадение с типом товара Ozon, а не промежуточной категорией. Автоматическое переименование небезопасно."
